
C_new_project.elf:     file format elf32-littleriscv
C_new_project.elf
architecture: riscv:rv32, flags 0x00000112:
EXEC_P, HAS_SYMS, D_PAGED
start address 0x80000000

Program Header:
0x70000003 off    0x0004cf40 vaddr 0x00000000 paddr 0x00000000 align 2**0
         filesz 0x00000041 memsz 0x00000000 flags r--
    LOAD off    0x00000000 vaddr 0x4003f000 paddr 0x4003f000 align 2**12
         filesz 0x000000f4 memsz 0x00001000 flags rw-
    LOAD off    0x00001000 vaddr 0x80000000 paddr 0x80000000 align 2**12
         filesz 0x00007095 memsz 0x00007095 flags r-x
    LOAD off    0x00009000 vaddr 0x40000000 paddr 0x80007098 align 2**12
         filesz 0x00000238 memsz 0x0000026b flags rw-
    LOAD off    0x00000400 vaddr 0x40000400 paddr 0x800072d0 align 2**12
         filesz 0x00000000 memsz 0x0000096c flags rw-
   STACK off    0x00000000 vaddr 0x00000000 paddr 0x00000000 align 2**4
         filesz 0x00000000 memsz 0x00000000 flags rw-

Sections:
Idx Name              Size      VMA       LMA       File off  Algn  Flags
  0 .text.startup     000001f0  80000000  80000000  00001000  2**1  CONTENTS, ALLOC, LOAD, READONLY, CODE
  1 .text.crt         00000184  80000200  80000200  00001200  2**6  CONTENTS, ALLOC, LOAD, READONLY, CODE
  2 .text             0000354c  80000384  80000384  00001384  2**2  CONTENTS, ALLOC, LOAD, READONLY, CODE
  3 .tbss             00000000  800038d0  800038d0  00000000  2**2  ALLOC, THREAD_LOCAL
  4 .rodata           000037b4  800038d0  800038d0  000048d0  2**2  CONTENTS, ALLOC, LOAD, READONLY, DATA
  5 .srodata          00000011  80007084  80007084  00008084  2**2  CONTENTS, ALLOC, LOAD, READONLY, DATA
  6 .sdata            0000000a  40000000  80007098  00009000  2**2  CONTENTS, ALLOC, LOAD, DATA
  7 .data             0000022c  4000000c  800070a4  0000900c  2**2  CONTENTS, ALLOC, LOAD, DATA
  8 .sbss             00000033  40000238  800072d0  00009238  2**2  ALLOC
  9 .bss              0000096c  40000400  800072d0  00009400  2**10  ALLOC
 10 .stack            00000800  4003f800  4003f800  00000800  2**0  ALLOC
 11 .debug_info       0000b72c  00000000  00000000  00009238  2**0  CONTENTS, READONLY, DEBUGGING, OCTETS
 12 .debug_abbrev     000008fc  00000000  00000000  00014964  2**0  CONTENTS, READONLY, DEBUGGING, OCTETS
 13 .debug_aranges    00000238  00000000  00000000  00015260  2**3  CONTENTS, READONLY, DEBUGGING, OCTETS
 14 .debug_rnglists   000001bd  00000000  00000000  00015498  2**0  CONTENTS, READONLY, DEBUGGING, OCTETS
 15 .debug_macro      00008777  00000000  00000000  00015655  2**0  CONTENTS, READONLY, DEBUGGING, OCTETS
 16 .debug_line       00003360  00000000  00000000  0001ddcc  2**0  CONTENTS, READONLY, DEBUGGING, OCTETS
 17 .debug_str        0002ba75  00000000  00000000  0002112c  2**0  CONTENTS, READONLY, DEBUGGING, OCTETS
 18 .debug_line_str   0000038d  00000000  00000000  0004cba1  2**0  CONTENTS, READONLY, DEBUGGING, OCTETS
 19 .comment          00000012  00000000  00000000  0004cf2e  2**0  CONTENTS, READONLY
 20 .riscv.attributes 00000041  00000000  00000000  0004cf40  2**0  CONTENTS, READONLY
 21 .debug_frame      000008e4  00000000  00000000  0004cf84  2**2  CONTENTS, READONLY, DEBUGGING, OCTETS
SYMBOL TABLE:
80000000 l    d  .text.startup	00000000 .text.startup
80000200 l    d  .text.crt	00000000 .text.crt
80000384 l    d  .text	00000000 .text
800038d0 l    d  .tbss	00000000 .tbss
800038d0 l    d  .rodata	00000000 .rodata
80007084 l    d  .srodata	00000000 .srodata
40000000 l    d  .sdata	00000000 .sdata
4000000c l    d  .data	00000000 .data
40000238 l    d  .sbss	00000000 .sbss
40000400 l    d  .bss	00000000 .bss
4003f800 l    d  .stack	00000000 .stack
00000000 l    d  .debug_info	00000000 .debug_info
00000000 l    d  .debug_abbrev	00000000 .debug_abbrev
00000000 l    d  .debug_aranges	00000000 .debug_aranges
00000000 l    d  .debug_rnglists	00000000 .debug_rnglists
00000000 l    d  .debug_macro	00000000 .debug_macro
00000000 l    d  .debug_line	00000000 .debug_line
00000000 l    d  .debug_str	00000000 .debug_str
00000000 l    d  .debug_line_str	00000000 .debug_line_str
00000000 l    d  .comment	00000000 .comment
00000000 l    d  .riscv.attributes	00000000 .riscv.attributes
00000000 l    d  .debug_frame	00000000 .debug_frame
00000000 l    df *ABS*	00000000 startup_k1921vg015.o
00000000 l    df *ABS*	00000000 sys_init.c
00000000 l    df *ABS*	00000000 plic.c
00000000 l    df *ABS*	00000000 system_k1921vg015.c
00000000 l    df *ABS*	00000000 main.c
80006e84 l     O .rodata	00000100 white.1
80006f84 l     O .rodata	00000100 black.0
00000000 l    df *ABS*	00000000 _udivdi3.o
00000000 l    df *ABS*	00000000 libc_a-memset.o
00000000 l    df *ABS*	00000000 libc_a-memcpy.o
800014aa g     F .text	00000446 GPIO_IRQHandler
80001c52 g     F .text	00000378 DMA_GLOBAL_init
80000384 g     F .text	00000054 PLIC_SetIrqHandler
40000004 g     O .sdata	00000006 window1_12
00000800 g       *ABS*	00000000 STACK_SIZE
40000254 g     O .sbss	00000004 Delay_counter_ms
40000780 g       *ABS*	00000000 __global_pointer$
40000d00 g     O .bss	0000006c packet
80000f62 g     F .text	000000d4 TMR32_init
40040000 g       .stack	00000000 __TLS0_BASE__
8000008c g       .text.startup	00000000 _hart_halt
40000001 g     O .sdata	00000001 current_window1_1
80000b06 g     F .text	00000176 ClkInit
40000000 g       .sdata	00000000 __SDATA_BEGIN__
40000002 g     O .sdata	00000001 current_window1_2
80000406 g     F .text	0000008c PLIC_IntEnable
800021ee g     F .text	00000036 DMA_CH_10_IRQHandler
800037e4 g     F .text	000000ec memcpy
40000003 g     O .sdata	00000001 cursor_y
80001036 g     F .text	0000004c TMR32_IRQHandler
80002956 g     F .text	00000104 OLED_Init
8000277c g     F .text	00000052 displayFull
4000025c g     O .sbss	00000004 gpio_btn2
80000c7c g     F .text	00000054 InterruptEnable
40000238 g     O .sbss	00000004 SystemCoreClock
800038d0 g       *ABS*	00000000 __fini_array_source_start
80001fca g     F .text	00000224 DMA_CH_13_IRQHandler
40000000 g       .data	00000000 __fini_array_target_start
40000260 g     O .sbss	00000004 gpio_btn3
4000000a g       .sdata	00000000 __sdata_target_end
40000000 g       .data	00000000 __init_array_target_start
4000024f g     O .sbss	00000001 start_exe_func
800031a0 g     F .text	000001f6 FLASH_Window_init
80002b34 g     F .text	00000062 OLED_clear
80002224 g     F .text	00000052 valid_addres
80001082 g     F .text	0000009a TMR1_init
4000023c g     O .sbss	00000004 SystemPll0Clock
800000b0 g     F .text.startup	00000012 plf_init_noreloc
40000249 g     O .sbss	00000001 sum_calc
4000024c g     O .sbss	00000001 start_for_DMA
80003062 g     F .text	000000fe Inversion_Square
4003f800 g       *ABS*	00000000 _heap_end
40000000 g       .data	00000000 __fini_array_target_end
40000d6c g       .bss	00000000 __bss_end
80003396 g     F .text	000003a6 .hidden __udivdi3
4000000c g     O .data	00000080 mach_plic_handler
800000a0  w      .text.startup	00000000 abort
80002530 g     F .text	000001f0 redrawWindow1
80007090 g     O .srodata	00000005 cmd_data_lens
40000130 g     O .data	00000108 table
800003d8 g     F .text	0000002e PLIC_SetPriority
40000244 g     O .sbss	00000004 USBClock
80002720 g     F .text	0000005c ledOFF
8000050e g     F .text	00000044 PLIC_SetThreshold
40000238 g       .data	00000000 __data_target_end
40000d70 g       *ABS*	00000000 _heap_start
8000059c g     F .text	0000004e trap_handler
4000010c g     O .data	00000021 window_1
4000024b g     O .sbss	00000001 real_len_data
80001a7e g     F .text	00000068 UART2_IRQHandler
80000000 g       *ABS*	00000000 __TEXT_INIT_START__
800027ce g     F .text	00000022 displayClear
80000000 g       .text.startup	00000000 _start
800022de g     F .text	00000252 parserByte
80002276 g     F .text	00000068 get_cmd_len
80007098 g       *ABS*	00000000 __sdata_source_start
80003a0c g     O .rodata	00001464 my_dict
80002bee g     F .text	00000072 Picture_display
40000240 g     O .sbss	00000004 SystemPll1Clock
80002fc6 g     F .text	0000009c Draw_Cursor
40000800 g     O .bss	00000400 DMA_CONFIGDATA
80004e70 g     O .rodata	00002000 picture_tab
80001372 g     F .text	00000138 GPIO_init
40000d6c g       .bss	00000000 __BSS_END__
80000f32 g     F .text	00000030 Delay_ms
4000040c g     O .bss	0000000a DMA_PONG
80007088 g     O .srodata	00000005 validCMD
40000c00 g     O .bss	00000100 parser_buf
40000000 g     O .sdata	00000001 current_window
40000258 g     O .sbss	00000004 gpio_btn1
80000552 g     F .text	0000004a PLIC_MachHandler
80002ad2 g     F .text	00000062 OLED_full
000001f0 g       *ABS*	00000000 __TEXT_INIT_SIZE__
80002918 g     F .text	0000003e OLED_send_data
80001ae6 g     F .text	0000016c SPI0_init
800028da g     F .text	0000003e OLED_send_command
800000a4  w      .text.startup	00000000 app_init
40000238 g       .sbss	00000000 __bss_start
8000373c g     F .text	000000a8 memset
80000ce4 g     F .text	0000024e main
80000200  w    F .text.crt	0000014c trap_entry
4000000c g       .data	00000000 __data_target_start
40000400 g     O .bss	0000000a DMA_PING
80002b96 g     F .text	00000058 OLED_SetCursor
4000024a g     O .sbss	00000001 expected_len_data
80000cd0 g     F .text	00000014 SystemInit
800038d0 g       *ABS*	00000000 __init_array_source_start
800038dc g     O .rodata	00000100 .hidden __clz_tab
4000008c g     O .data	00000080 supervisor_plic_handler
40000000 g       .sdata	00000000 __sdata_target_start
800000c2  w    F .text.startup	00000124 plf_init
40000264 g     O .sbss	00000004 gpio_btn4
4000024d g     O .sbss	00000001 start_for_parser
80000492 g     F .text	00000038 PLIC_ClaimIrq
800000c2 g     F .text.startup	00000124 plf_init_generic
40000250 g     O .sbss	00000004 SysTimer_ms
8000289e g     F .text	0000003c SPI0_send
40000000 g       .data	00000000 __init_array_target_end
4000000c g       .data	00000000 __DATA_BEGIN__
4000026a g     O .sbss	00000001 cursor_x
80002d38 g     F .text	0000028e DMA_Collect_Row
40000238 g       .data	00000000 _edata
80007084 g     O .srodata	00000003 validAddr
40000269 g     O .sbss	00000001 need_window1
8000009c  w      .text.startup	00000000 exit
800038d0 g       .text	00000000 _tdata_start
800005ea g     F .text	0000051c SystemCoreClockUpdate
800018f0 g     F .text	0000018e UART2_init
80003160 g     F .text	00000040 getIndex
40000248 g     O .sbss	00000001 parser_state
40000268 g     O .sbss	00000001 isEditing
800038d0 g       .tbss	00000000 _tbss_end
00000000 g       *ABS*	00000000 __TLS_SIZE__
800004ca g     F .text	00000044 PLIC_ClaimComplete
80002a5a g     F .text	00000078 FindBitmap
80002c60 g     F .text	000000d8 DMA_Print_Row
800070a4 g       *ABS*	00000000 __data_source_start
8000111c g     F .text	00000256 TMR1_IRQHandler
800027f0 g     F .text	000000ae UART2_TX
4003f800 g       .stack	00000000 __STACK_START__
4000024e g     O .sbss	00000001 start_write_func



Disassembly of section .text.startup:

80000000 <_start>:
_start():
C:\Users\Gutzakk\Desktop\Work\Workspace Synracore\C_new_project\Debug/../platform/source/startup_k1921vg015.S:22
    .section ".startup.entry","ax",@progbits

    ## Entry point
_start:
    ## reset mstatus
    csrw  mstatus, zero
80000000:	30001073          	csrw	mstatus,zero
C:\Users\Gutzakk\Desktop\Work\Workspace Synracore\C_new_project\Debug/../platform/source/startup_k1921vg015.S:24
    ## reset PMURTC->RTC_HISTORY
    lui     s1,0x38011
80000004:	380114b7          	lui	s1,0x38011
C:\Users\Gutzakk\Desktop\Work\Workspace Synracore\C_new_project\Debug/../platform/source/startup_k1921vg015.S:25
    sw      zero,8(s1) 
80000008:	0004a423          	sw	zero,8(s1) # 38011008 <STACK_SIZE+0x38010808>
C:\Users\Gutzakk\Desktop\Work\Workspace Synracore\C_new_project\Debug/../platform/source/startup_k1921vg015.S:34
    init_regs_const 16, 31, 0
#endif // !__riscv_32e
#endif // PLF_INIT_REGS

    ## setup gp
    load_addrword_abs gp, __global_pointer$
8000000c:	400001b7          	lui	gp,0x40000
80000010:	78018193          	addi	gp,gp,1920 # 40000780 <__global_pointer$>
C:\Users\Gutzakk\Desktop\Work\Workspace Synracore\C_new_project\Debug/../platform/source/startup_k1921vg015.S:36
    ## setup MTVEC
    load_addrword_abs t0, trap_entry
80000014:	800002b7          	lui	t0,0x80000
80000018:	20028293          	addi	t0,t0,512 # 80000200 <trap_entry>
C:\Users\Gutzakk\Desktop\Work\Workspace Synracore\C_new_project\Debug/../platform/source/startup_k1921vg015.S:37
    csrw  mtvec, t0
8000001c:	30529073          	csrw	mtvec,t0
C:\Users\Gutzakk\Desktop\Work\Workspace Synracore\C_new_project\Debug/../platform/source/startup_k1921vg015.S:41
    ## setup MIE, MIP


    csrw  mie, zero
80000020:	30401073          	csrw	mie,zero
C:\Users\Gutzakk\Desktop\Work\Workspace Synracore\C_new_project\Debug/../platform/source/startup_k1921vg015.S:42
    csrw  mip, zero
80000024:	34401073          	csrw	mip,zero
C:\Users\Gutzakk\Desktop\Work\Workspace Synracore\C_new_project\Debug/../platform/source/startup_k1921vg015.S:52
    load_const_int32 t1, __TEXT_INIT_SIZE__
    cache_flush t0, t1
#endif // PLF_CACHE_CFG

    ## init FPU (if supported)
    csrr  a0, misa
80000028:	30102573          	csrr	a0,misa
C:\Users\Gutzakk\Desktop\Work\Workspace Synracore\C_new_project\Debug/../platform/source/startup_k1921vg015.S:53
    andi  a0, a0, (1 << ('F' - 'A')) | (1 << ('D' - 'A'))
8000002c:	02857513          	andi	a0,a0,40
C:\Users\Gutzakk\Desktop\Work\Workspace Synracore\C_new_project\Debug/../platform/source/startup_k1921vg015.S:54
    beqz  a0, 1f
80000030:	00050863          	beqz	a0,80000040 <_start+0x40>
C:\Users\Gutzakk\Desktop\Work\Workspace Synracore\C_new_project\Debug/../platform/source/startup_k1921vg015.S:55
    li    a0, (1 << 13) // mstatus.FS = 1 (initial)
80000034:	00002537          	lui	a0,0x2
C:\Users\Gutzakk\Desktop\Work\Workspace Synracore\C_new_project\Debug/../platform/source/startup_k1921vg015.S:56
    csrs  mstatus, a0
80000038:	30052073          	csrs	mstatus,a0
C:\Users\Gutzakk\Desktop\Work\Workspace Synracore\C_new_project\Debug/../platform/source/startup_k1921vg015.S:57
    csrw  fcsr, zero
8000003c:	00301073          	fscsr	zero
C:\Users\Gutzakk\Desktop\Work\Workspace Synracore\C_new_project\Debug/../platform/source/startup_k1921vg015.S:67
#else
#define slave_hart_start _hart_halt
#endif // PLF_SMP_SUPPORT

    ## park/prep SMP slaves
    csrr  a0, mhartid
80000040:	f1402573          	csrr	a0,mhartid
C:\Users\Gutzakk\Desktop\Work\Workspace Synracore\C_new_project\Debug/../platform/source/startup_k1921vg015.S:76
#if PLF_SMP_MASTER_HARTID > 0
    li    t0, PLF_SMP_MASTER_HARTID
    bne   a0, t0, slave_hart_start
#endif // PLF_SMP_MASTER_HARTID > 0
#else // PLF_SMP_MASTER_HARTID
    bnez  a0, slave_hart_start
80000044:	04051463          	bnez	a0,8000008c <_hart_halt>
C:\Users\Gutzakk\Desktop\Work\Workspace Synracore\C_new_project\Debug/../platform/source/startup_k1921vg015.S:80
#endif // PLF_SMP_MASTER_HARTID

    ## init HART#0 sp, tp
    load_addrword_abs sp, __TLS0_BASE__
80000048:	40040137          	lui	sp,0x40040
8000004c:	00010113          	mv	sp,sp
C:\Users\Gutzakk\Desktop\Work\Workspace Synracore\C_new_project\Debug/../platform/source/startup_k1921vg015.S:81
    mv    tp, sp
80000050:	00010213          	mv	tp,sp
C:\Users\Gutzakk\Desktop\Work\Workspace Synracore\C_new_project\Debug/../platform/source/startup_k1921vg015.S:82
    csrw  mscratch, sp
80000054:	34011073          	csrw	mscratch,sp
C:\Users\Gutzakk\Desktop\Work\Workspace Synracore\C_new_project\Debug/../platform/source/startup_k1921vg015.S:89
    // reserve trap stack space
    li    t0, PLF_TRAP_STACK
    sub   sp, sp, t0
#endif // PLF_TRAP_STACK
    ## platform init
    load_addrword t0, plf_init
80000058:	800002b7          	lui	t0,0x80000
8000005c:	0c228293          	addi	t0,t0,194 # 800000c2 <plf_init_generic>
C:\Users\Gutzakk\Desktop\Work\Workspace Synracore\C_new_project\Debug/../platform/source/startup_k1921vg015.S:90
    jalr  t0
80000060:	000280e7          	jalr	t0
C:\Users\Gutzakk\Desktop\Work\Workspace Synracore\C_new_project\Debug/../platform/source/startup_k1921vg015.S:93
    ## jal  plf_init
    ## application-specific initialization hook
    load_addrword t0, app_init
80000064:	800002b7          	lui	t0,0x80000
80000068:	0a428293          	addi	t0,t0,164 # 800000a4 <app_init>
C:\Users\Gutzakk\Desktop\Work\Workspace Synracore\C_new_project\Debug/../platform/source/startup_k1921vg015.S:94
    jalr  t0
8000006c:	000280e7          	jalr	t0
C:\Users\Gutzakk\Desktop\Work\Workspace Synracore\C_new_project\Debug/../platform/source/startup_k1921vg015.S:97
    ## jal  app_init
    ## main() args
    li    a0, 0
80000070:	00000513          	li	a0,0
C:\Users\Gutzakk\Desktop\Work\Workspace Synracore\C_new_project\Debug/../platform/source/startup_k1921vg015.S:98
    li    a1, 0
80000074:	00000593          	li	a1,0
C:\Users\Gutzakk\Desktop\Work\Workspace Synracore\C_new_project\Debug/../platform/source/startup_k1921vg015.S:110
#if PLF_SMP_NON_COHERENT
    clflush t1
#endif // PLF_SMP_NON_COHERENT
#endif // PLF_SMP_SUPPORT
    ## start main
    load_addrword t0, main
80000078:	800012b7          	lui	t0,0x80001
8000007c:	ce428293          	addi	t0,t0,-796 # 80000ce4 <main>
C:\Users\Gutzakk\Desktop\Work\Workspace Synracore\C_new_project\Debug/../platform/source/startup_k1921vg015.S:111
    load_addrword ra, exit
80000080:	800000b7          	lui	ra,0x80000
80000084:	09c08093          	addi	ra,ra,156 # 8000009c <exit>
C:\Users\Gutzakk\Desktop\Work\Workspace Synracore\C_new_project\Debug/../platform/source/startup_k1921vg015.S:112
    jr    t0
80000088:	00028067          	jr	t0

8000008c <_hart_halt>:
_hart_halt():
C:\Users\Gutzakk\Desktop\Work\Workspace Synracore\C_new_project\Debug/../platform/source/startup_k1921vg015.S:159
1:  wfi
    j     1b
#endif // PLF_SMP_SUPPORT
#else // PLF_HTIF_BASE
    ## disable interrupts
    csrci mstatus, 0xf
8000008c:	3007f073          	csrci	mstatus,15
C:\Users\Gutzakk\Desktop\Work\Workspace Synracore\C_new_project\Debug/../platform/source/startup_k1921vg015.S:160
    csrw  mie, zero
80000090:	30401073          	csrw	mie,zero
C:\Users\Gutzakk\Desktop\Work\Workspace Synracore\C_new_project\Debug/../platform/source/startup_k1921vg015.S:161
1:  wfi
80000094:	10500073          	wfi
C:\Users\Gutzakk\Desktop\Work\Workspace Synracore\C_new_project\Debug/../platform/source/startup_k1921vg015.S:162
    j     1b
80000098:	ffdff06f          	j	80000094 <_hart_halt+0x8>

8000009c <exit>:
exit():
C:\Users\Gutzakk\Desktop\Work\Workspace Synracore\C_new_project\Debug/../platform/source/startup_k1921vg015.S:166
#endif // PLF_HTIF_BASE

exit:
    nop
8000009c:	00000013          	nop

800000a0 <abort>:
abort():
C:\Users\Gutzakk\Desktop\Work\Workspace Synracore\C_new_project\Debug/../platform/source/startup_k1921vg015.S:168
abort:
    j     _hart_halt
800000a0:	fedff06f          	j	8000008c <_hart_halt>

800000a4 <app_init>:
app_init():
C:\Users\Gutzakk\Desktop\Work\Workspace Synracore\C_new_project\Debug/../platform/source/startup_k1921vg015.S:216
    jr    t0
#endif // PLF_SMP_SUPPORT

    ## stubs
app_init:
    ret
800000a4:	00008067          	ret
	...

800000b0 <plf_init_noreloc>:
plf_init_noreloc():
C:\Users\Gutzakk\Desktop\Work\Workspace Synracore\C_new_project\Debug/../platform/source/sys_init.c:33
extern void plf_init_relocate(void) __attribute__((weak));

extern char __bss_start[], __bss_end[];

void __init plf_init_noreloc(void)
{
800000b0:	1141                	addi	sp,sp,-16 # 4003fff0 <__STACK_START__+0x7f0>
800000b2:	c606                	sw	ra,12(sp)
800000b4:	c422                	sw	s0,8(sp)
800000b6:	0800                	addi	s0,sp,16
C:\Users\Gutzakk\Desktop\Work\Workspace Synracore\C_new_project\Debug/../platform/source/sys_init.c:35
    // do nothing
}
800000b8:	0001                	nop
800000ba:	40b2                	lw	ra,12(sp)
800000bc:	4422                	lw	s0,8(sp)
800000be:	0141                	addi	sp,sp,16
800000c0:	8082                	ret

800000c2 <plf_init_generic>:
plf_init_generic():
C:\Users\Gutzakk\Desktop\Work\Workspace Synracore\C_new_project\Debug/../platform/source/sys_init.c:38

void __init plf_init_generic(void)
{
800000c2:	1101                	addi	sp,sp,-32
800000c4:	ce06                	sw	ra,28(sp)
800000c6:	cc22                	sw	s0,24(sp)
800000c8:	1000                	addi	s0,sp,32
C:\Users\Gutzakk\Desktop\Work\Workspace Synracore\C_new_project\Debug/../platform/source/sys_init.c:40
    // init BSS
    memset(__bss_start, 0, (size_t)(__bss_end - __bss_start));
800000ca:	400017b7          	lui	a5,0x40001
800000ce:	d6c78713          	addi	a4,a5,-660 # 40000d6c <__BSS_END__>
800000d2:	400007b7          	lui	a5,0x40000
800000d6:	23878793          	addi	a5,a5,568 # 40000238 <SystemCoreClock>
800000da:	40f707b3          	sub	a5,a4,a5
800000de:	863e                	mv	a2,a5
800000e0:	4581                	li	a1,0
800000e2:	400007b7          	lui	a5,0x40000
800000e6:	23878513          	addi	a0,a5,568 # 40000238 <SystemCoreClock>
800000ea:	652030ef          	jal	8000373c <memset>
C:\Users\Gutzakk\Desktop\Work\Workspace Synracore\C_new_project\Debug/../platform/source/sys_init.c:44

    memcpy((void*)&__data_target_start,
           (const void*)&__data_source_start,
           (&__data_target_end - &__data_target_start));
800000ee:	400007b7          	lui	a5,0x40000
800000f2:	23878713          	addi	a4,a5,568 # 40000238 <SystemCoreClock>
800000f6:	400007b7          	lui	a5,0x40000
800000fa:	00c78793          	addi	a5,a5,12 # 4000000c <mach_plic_handler>
800000fe:	40f707b3          	sub	a5,a4,a5
C:\Users\Gutzakk\Desktop\Work\Workspace Synracore\C_new_project\Debug/../platform/source/sys_init.c:42
    memcpy((void*)&__data_target_start,
80000102:	863e                	mv	a2,a5
80000104:	800077b7          	lui	a5,0x80007
80000108:	0a478593          	addi	a1,a5,164 # 800070a4 <__data_source_start>
8000010c:	400007b7          	lui	a5,0x40000
80000110:	00c78513          	addi	a0,a5,12 # 4000000c <mach_plic_handler>
80000114:	6d0030ef          	jal	800037e4 <memcpy>
C:\Users\Gutzakk\Desktop\Work\Workspace Synracore\C_new_project\Debug/../platform/source/sys_init.c:48

    memcpy((void*)&__sdata_target_start,
              (const void*)&__sdata_source_start,
              (&__sdata_target_end - &__sdata_target_start));
80000118:	400007b7          	lui	a5,0x40000
8000011c:	00a78713          	addi	a4,a5,10 # 4000000a <__sdata_target_end>
80000120:	400007b7          	lui	a5,0x40000
80000124:	00078793          	mv	a5,a5
80000128:	40f707b3          	sub	a5,a4,a5
C:\Users\Gutzakk\Desktop\Work\Workspace Synracore\C_new_project\Debug/../platform/source/sys_init.c:46
    memcpy((void*)&__sdata_target_start,
8000012c:	863e                	mv	a2,a5
8000012e:	800077b7          	lui	a5,0x80007
80000132:	09878593          	addi	a1,a5,152 # 80007098 <__sdata_source_start>
80000136:	400007b7          	lui	a5,0x40000
8000013a:	00078513          	mv	a0,a5
8000013e:	6a6030ef          	jal	800037e4 <memcpy>
C:\Users\Gutzakk\Desktop\Work\Workspace Synracore\C_new_project\Debug/../platform/source/sys_init.c:52

    memcpy((void*)&__init_array_target_start,
              (const void*)&__init_array_source_start,
              (&__init_array_target_end - &__init_array_target_start));
80000142:	400007b7          	lui	a5,0x40000
80000146:	00078713          	mv	a4,a5
8000014a:	400007b7          	lui	a5,0x40000
8000014e:	00078793          	mv	a5,a5
80000152:	40f707b3          	sub	a5,a4,a5
C:\Users\Gutzakk\Desktop\Work\Workspace Synracore\C_new_project\Debug/../platform/source/sys_init.c:50
    memcpy((void*)&__init_array_target_start,
80000156:	863e                	mv	a2,a5
80000158:	800047b7          	lui	a5,0x80004
8000015c:	8d078593          	addi	a1,a5,-1840 # 800038d0 <__fini_array_source_start>
80000160:	400007b7          	lui	a5,0x40000
80000164:	00078513          	mv	a0,a5
80000168:	67c030ef          	jal	800037e4 <memcpy>
C:\Users\Gutzakk\Desktop\Work\Workspace Synracore\C_new_project\Debug/../platform/source/sys_init.c:56

    memcpy((void*)&__fini_array_target_start,
              (const void*)&__fini_array_source_start,
              (&__fini_array_target_end - &__fini_array_target_start));
8000016c:	400007b7          	lui	a5,0x40000
80000170:	00078713          	mv	a4,a5
80000174:	400007b7          	lui	a5,0x40000
80000178:	00078793          	mv	a5,a5
8000017c:	40f707b3          	sub	a5,a4,a5
C:\Users\Gutzakk\Desktop\Work\Workspace Synracore\C_new_project\Debug/../platform/source/sys_init.c:54
    memcpy((void*)&__fini_array_target_start,
80000180:	863e                	mv	a2,a5
80000182:	800047b7          	lui	a5,0x80004
80000186:	8d078593          	addi	a1,a5,-1840 # 800038d0 <__fini_array_source_start>
8000018a:	400007b7          	lui	a5,0x40000
8000018e:	00078513          	mv	a0,a5
80000192:	652030ef          	jal	800037e4 <memcpy>
C:\Users\Gutzakk\Desktop\Work\Workspace Synracore\C_new_project\Debug/../platform/source/sys_init.c:59

    // init functions for cpp
    for (uint32_t i = 0; i < ((uint32_t) (&__init_array_target_end - &__init_array_target_start)) >> 2; i++)
80000196:	fe042623          	sw	zero,-20(s0)
8000019a:	a00d                	j	800001bc <plf_init_generic+0xfa>
C:\Users\Gutzakk\Desktop\Work\Workspace Synracore\C_new_project\Debug/../platform/source/sys_init.c:60
    	((void (*)())((uint32_t*)&__init_array_target_start)[i])();
8000019c:	fec42783          	lw	a5,-20(s0)
800001a0:	00279713          	slli	a4,a5,0x2
800001a4:	400007b7          	lui	a5,0x40000
800001a8:	00078793          	mv	a5,a5
800001ac:	97ba                	add	a5,a5,a4
800001ae:	439c                	lw	a5,0(a5)
800001b0:	9782                	jalr	a5
C:\Users\Gutzakk\Desktop\Work\Workspace Synracore\C_new_project\Debug/../platform/source/sys_init.c:59 (discriminator 3)
    for (uint32_t i = 0; i < ((uint32_t) (&__init_array_target_end - &__init_array_target_start)) >> 2; i++)
800001b2:	fec42783          	lw	a5,-20(s0)
800001b6:	0785                	addi	a5,a5,1 # 40000001 <current_window1_1>
800001b8:	fef42623          	sw	a5,-20(s0)
C:\Users\Gutzakk\Desktop\Work\Workspace Synracore\C_new_project\Debug/../platform/source/sys_init.c:59 (discriminator 1)
800001bc:	400007b7          	lui	a5,0x40000
800001c0:	00078713          	mv	a4,a5
800001c4:	400007b7          	lui	a5,0x40000
800001c8:	00078793          	mv	a5,a5
800001cc:	40f707b3          	sub	a5,a4,a5
800001d0:	8389                	srli	a5,a5,0x2
800001d2:	fec42703          	lw	a4,-20(s0)
800001d6:	fcf763e3          	bltu	a4,a5,8000019c <plf_init_generic+0xda>
C:\Users\Gutzakk\Desktop\Work\Workspace Synracore\C_new_project\Debug/../platform/source/sys_init.c:61
}
800001da:	0001                	nop
800001dc:	0001                	nop
800001de:	40f2                	lw	ra,28(sp)
800001e0:	4462                	lw	s0,24(sp)
800001e2:	6105                	addi	sp,sp,32
800001e4:	8082                	ret
	...

Disassembly of section .text.crt:

80000200 <trap_entry>:
trap_entry():
C:\Users\Gutzakk\Desktop\Work\Workspace Synracore\C_new_project\Debug/../platform/source/startup_k1921vg015.S:250
    .section ".text.crt.trap_entry","ax",@progbits
    .align 6
    .type trap_entry, @function
trap_entry:
    ## save context
    context_save
80000200:	fe512e23          	sw	t0,-4(sp)
80000204:	00010293          	mv	t0,sp
80000208:	f8010113          	addi	sp,sp,-128
8000020c:	ff017113          	andi	sp,sp,-16
80000210:	00112223          	sw	ra,4(sp)
80000214:	00512423          	sw	t0,8(sp)
80000218:	ffc2a283          	lw	t0,-4(t0)
8000021c:	00312623          	sw	gp,12(sp)
80000220:	00412823          	sw	tp,16(sp)
80000224:	00512a23          	sw	t0,20(sp)
80000228:	00612c23          	sw	t1,24(sp)
8000022c:	00712e23          	sw	t2,28(sp)
80000230:	02812023          	sw	s0,32(sp)
80000234:	02912223          	sw	s1,36(sp)
80000238:	02a12423          	sw	a0,40(sp)
8000023c:	02b12623          	sw	a1,44(sp)
80000240:	02c12823          	sw	a2,48(sp)
80000244:	02d12a23          	sw	a3,52(sp)
80000248:	02e12c23          	sw	a4,56(sp)
8000024c:	02f12e23          	sw	a5,60(sp)
80000250:	05012023          	sw	a6,64(sp)
80000254:	05112223          	sw	a7,68(sp)
80000258:	05212423          	sw	s2,72(sp)
8000025c:	05312623          	sw	s3,76(sp)
80000260:	05412823          	sw	s4,80(sp)
80000264:	05512a23          	sw	s5,84(sp)
80000268:	05612c23          	sw	s6,88(sp)
8000026c:	05712e23          	sw	s7,92(sp)
80000270:	07812023          	sw	s8,96(sp)
80000274:	07912223          	sw	s9,100(sp)
80000278:	07a12423          	sw	s10,104(sp)
8000027c:	07b12623          	sw	s11,108(sp)
80000280:	07c12823          	sw	t3,112(sp)
80000284:	07d12a23          	sw	t4,116(sp)
80000288:	07e12c23          	sw	t5,120(sp)
8000028c:	07f12e23          	sw	t6,124(sp)
80000290:	34002273          	csrr	tp,mscratch
80000294:	34102373          	csrr	t1,mepc
80000298:	00612023          	sw	t1,0(sp)
C:\Users\Gutzakk\Desktop\Work\Workspace Synracore\C_new_project\Debug/../platform/source/startup_k1921vg015.S:252
    ## save mstatus priv stack
    csrr s0, mstatus
8000029c:	30002473          	csrr	s0,mstatus
C:\Users\Gutzakk\Desktop\Work\Workspace Synracore\C_new_project\Debug/../platform/source/startup_k1921vg015.S:254
    ## load trap handler args
    csrr a0, mcause
800002a0:	34202573          	csrr	a0,mcause
C:\Users\Gutzakk\Desktop\Work\Workspace Synracore\C_new_project\Debug/../platform/source/startup_k1921vg015.S:255
    csrr a1, mepc
800002a4:	341025f3          	csrr	a1,mepc
C:\Users\Gutzakk\Desktop\Work\Workspace Synracore\C_new_project\Debug/../platform/source/startup_k1921vg015.S:256
    mv   a2, sp
800002a8:	00010613          	mv	a2,sp
C:\Users\Gutzakk\Desktop\Work\Workspace Synracore\C_new_project\Debug/../platform/source/startup_k1921vg015.S:259

    ## setup gp
    load_addrword_abs gp, __global_pointer$
800002ac:	400001b7          	lui	gp,0x40000
800002b0:	78018193          	addi	gp,gp,1920 # 40000780 <__global_pointer$>
C:\Users\Gutzakk\Desktop\Work\Workspace Synracore\C_new_project\Debug/../platform/source/startup_k1921vg015.S:261
    ## call trap handler
    load_addrword t0, trap_handler
800002b4:	800002b7          	lui	t0,0x80000
800002b8:	59c28293          	addi	t0,t0,1436 # 8000059c <trap_handler>
C:\Users\Gutzakk\Desktop\Work\Workspace Synracore\C_new_project\Debug/../platform/source/startup_k1921vg015.S:262
    jalr t0
800002bc:	000280e7          	jalr	t0
C:\Users\Gutzakk\Desktop\Work\Workspace Synracore\C_new_project\Debug/../platform/source/startup_k1921vg015.S:265

    ## restore mstatus priv stack
    csrw mstatus, s0
800002c0:	30041073          	csrw	mstatus,s0
C:\Users\Gutzakk\Desktop\Work\Workspace Synracore\C_new_project\Debug/../platform/source/startup_k1921vg015.S:267
    ## restore context
    context_restore
800002c4:	00012303          	lw	t1,0(sp)
800002c8:	34131073          	csrw	mepc,t1
800002cc:	00c12183          	lw	gp,12(sp)
800002d0:	01012203          	lw	tp,16(sp)
800002d4:	01412283          	lw	t0,20(sp)
800002d8:	01812303          	lw	t1,24(sp)
800002dc:	01c12383          	lw	t2,28(sp)
800002e0:	02012403          	lw	s0,32(sp)
800002e4:	02412483          	lw	s1,36(sp)
800002e8:	02812503          	lw	a0,40(sp)
800002ec:	02c12583          	lw	a1,44(sp)
800002f0:	03012603          	lw	a2,48(sp)
800002f4:	03412683          	lw	a3,52(sp)
800002f8:	03812703          	lw	a4,56(sp)
800002fc:	03c12783          	lw	a5,60(sp)
80000300:	04012803          	lw	a6,64(sp)
80000304:	04412883          	lw	a7,68(sp)
80000308:	04812903          	lw	s2,72(sp)
8000030c:	04c12983          	lw	s3,76(sp)
80000310:	05012a03          	lw	s4,80(sp)
80000314:	05412a83          	lw	s5,84(sp)
80000318:	05812b03          	lw	s6,88(sp)
8000031c:	05c12b83          	lw	s7,92(sp)
80000320:	06012c03          	lw	s8,96(sp)
80000324:	06412c83          	lw	s9,100(sp)
80000328:	06812d03          	lw	s10,104(sp)
8000032c:	06c12d83          	lw	s11,108(sp)
80000330:	07012e03          	lw	t3,112(sp)
80000334:	07412e83          	lw	t4,116(sp)
80000338:	07812f03          	lw	t5,120(sp)
8000033c:	07c12f83          	lw	t6,124(sp)
80000340:	00412083          	lw	ra,4(sp)
80000344:	00812103          	lw	sp,8(sp)
C:\Users\Gutzakk\Desktop\Work\Workspace Synracore\C_new_project\Debug/../platform/source/startup_k1921vg015.S:268
    mret
80000348:	30200073          	mret
8000034c:	00000013          	nop
80000350:	00000013          	nop
80000354:	00000013          	nop
80000358:	00000013          	nop
8000035c:	00000013          	nop
80000360:	00000013          	nop
80000364:	00000013          	nop
80000368:	00000013          	nop
8000036c:	00000013          	nop
80000370:	00000013          	nop
80000374:	00000013          	nop
80000378:	00000013          	nop
8000037c:	00000013          	nop
80000380:	00000013          	nop

Disassembly of section .text:

80000384 <PLIC_SetIrqHandler>:
PLIC_SetIrqHandler():
C:\Users\Gutzakk\Desktop\Work\Workspace Synracore\C_new_project\Debug/../platform/source/plic.c:52
/*
 * Set PLIC handler function for isr num
 */

void PLIC_SetIrqHandler (uint8_t target, uint32_t isr_num, irqfunc* func)
{
80000384:	1101                	addi	sp,sp,-32
80000386:	ce06                	sw	ra,28(sp)
80000388:	cc22                	sw	s0,24(sp)
8000038a:	1000                	addi	s0,sp,32
8000038c:	87aa                	mv	a5,a0
8000038e:	feb42423          	sw	a1,-24(s0)
80000392:	fec42223          	sw	a2,-28(s0)
80000396:	fef407a3          	sb	a5,-17(s0)
C:\Users\Gutzakk\Desktop\Work\Workspace Synracore\C_new_project\Debug/../platform/source/plic.c:53
    if(target == Plic_Mach_Target) {
8000039a:	fef44783          	lbu	a5,-17(s0)
8000039e:	ef89                	bnez	a5,800003b8 <PLIC_SetIrqHandler+0x34>
C:\Users\Gutzakk\Desktop\Work\Workspace Synracore\C_new_project\Debug/../platform/source/plic.c:54
        mach_plic_handler[isr_num] = func;
800003a0:	400007b7          	lui	a5,0x40000
800003a4:	00c78713          	addi	a4,a5,12 # 4000000c <mach_plic_handler>
800003a8:	fe842783          	lw	a5,-24(s0)
800003ac:	078a                	slli	a5,a5,0x2
800003ae:	97ba                	add	a5,a5,a4
800003b0:	fe442703          	lw	a4,-28(s0)
800003b4:	c398                	sw	a4,0(a5)
C:\Users\Gutzakk\Desktop\Work\Workspace Synracore\C_new_project\Debug/../platform/source/plic.c:58
    } else {
        supervisor_plic_handler[isr_num] = func;
    }
}
800003b6:	a821                	j	800003ce <PLIC_SetIrqHandler+0x4a>
C:\Users\Gutzakk\Desktop\Work\Workspace Synracore\C_new_project\Debug/../platform/source/plic.c:56
        supervisor_plic_handler[isr_num] = func;
800003b8:	400007b7          	lui	a5,0x40000
800003bc:	08c78713          	addi	a4,a5,140 # 4000008c <supervisor_plic_handler>
800003c0:	fe842783          	lw	a5,-24(s0)
800003c4:	078a                	slli	a5,a5,0x2
800003c6:	97ba                	add	a5,a5,a4
800003c8:	fe442703          	lw	a4,-28(s0)
800003cc:	c398                	sw	a4,0(a5)
C:\Users\Gutzakk\Desktop\Work\Workspace Synracore\C_new_project\Debug/../platform/source/plic.c:58
}
800003ce:	0001                	nop
800003d0:	40f2                	lw	ra,28(sp)
800003d2:	4462                	lw	s0,24(sp)
800003d4:	6105                	addi	sp,sp,32
800003d6:	8082                	ret

800003d8 <PLIC_SetPriority>:
PLIC_SetPriority():
C:\Users\Gutzakk\Desktop\Work\Workspace Synracore\C_new_project\Debug/../platform/source/plic.c:64
/*
 * Set PLIC irq priority
 */

void PLIC_SetPriority (uint32_t isr_num, uint8_t pri)
{
800003d8:	1101                	addi	sp,sp,-32
800003da:	ce06                	sw	ra,28(sp)
800003dc:	cc22                	sw	s0,24(sp)
800003de:	1000                	addi	s0,sp,32
800003e0:	fea42623          	sw	a0,-20(s0)
800003e4:	87ae                	mv	a5,a1
800003e6:	fef405a3          	sb	a5,-21(s0)
C:\Users\Gutzakk\Desktop\Work\Workspace Synracore\C_new_project\Debug/../platform/source/plic.c:65
    PLIC->PRI[isr_num] = pri;
800003ea:	0c0006b7          	lui	a3,0xc000
800003ee:	feb44703          	lbu	a4,-21(s0)
800003f2:	fec42783          	lw	a5,-20(s0)
800003f6:	078a                	slli	a5,a5,0x2
800003f8:	97b6                	add	a5,a5,a3
800003fa:	c398                	sw	a4,0(a5)
C:\Users\Gutzakk\Desktop\Work\Workspace Synracore\C_new_project\Debug/../platform/source/plic.c:66
}
800003fc:	0001                	nop
800003fe:	40f2                	lw	ra,28(sp)
80000400:	4462                	lw	s0,24(sp)
80000402:	6105                	addi	sp,sp,32
80000404:	8082                	ret

80000406 <PLIC_IntEnable>:
PLIC_IntEnable():
C:\Users\Gutzakk\Desktop\Work\Workspace Synracore\C_new_project\Debug/../platform/source/plic.c:82
/*
 * Enable PLIC irq
 */

void PLIC_IntEnable (uint8_t target, uint32_t isr_num)
{
80000406:	7179                	addi	sp,sp,-48
80000408:	d606                	sw	ra,44(sp)
8000040a:	d422                	sw	s0,40(sp)
8000040c:	1800                	addi	s0,sp,48
8000040e:	87aa                	mv	a5,a0
80000410:	fcb42c23          	sw	a1,-40(s0)
80000414:	fcf40fa3          	sb	a5,-33(s0)
C:\Users\Gutzakk\Desktop\Work\Workspace Synracore\C_new_project\Debug/../platform/source/plic.c:87
	uint32_t value;

	//read - modify - write operation

    if(target == Plic_Mach_Target) {
80000418:	fdf44783          	lbu	a5,-33(s0)
8000041c:	eb9d                	bnez	a5,80000452 <PLIC_IntEnable+0x4c>
C:\Users\Gutzakk\Desktop\Work\Workspace Synracore\C_new_project\Debug/../platform/source/plic.c:88
    	value  = PLIC->MIEM0;
8000041e:	0c000737          	lui	a4,0xc000
80000422:	6789                	lui	a5,0x2
80000424:	97ba                	add	a5,a5,a4
80000426:	439c                	lw	a5,0(a5)
80000428:	fef42623          	sw	a5,-20(s0)
C:\Users\Gutzakk\Desktop\Work\Workspace Synracore\C_new_project\Debug/../platform/source/plic.c:89
    	value |= (1<<isr_num);
8000042c:	fd842783          	lw	a5,-40(s0)
80000430:	4705                	li	a4,1
80000432:	00f717b3          	sll	a5,a4,a5
80000436:	873e                	mv	a4,a5
80000438:	fec42783          	lw	a5,-20(s0)
8000043c:	8fd9                	or	a5,a5,a4
8000043e:	fef42623          	sw	a5,-20(s0)
C:\Users\Gutzakk\Desktop\Work\Workspace Synracore\C_new_project\Debug/../platform/source/plic.c:90
    	PLIC->MIEM0 = value;
80000442:	0c000737          	lui	a4,0xc000
80000446:	6789                	lui	a5,0x2
80000448:	97ba                	add	a5,a5,a4
8000044a:	fec42703          	lw	a4,-20(s0)
8000044e:	c398                	sw	a4,0(a5)
C:\Users\Gutzakk\Desktop\Work\Workspace Synracore\C_new_project\Debug/../platform/source/plic.c:96
    } else {
    	value = PLIC->UIEM0;
    	value |= (1<<isr_num);
    	PLIC->UIEM0 = value;
    }
}
80000450:	a825                	j	80000488 <PLIC_IntEnable+0x82>
C:\Users\Gutzakk\Desktop\Work\Workspace Synracore\C_new_project\Debug/../platform/source/plic.c:92
    	value = PLIC->UIEM0;
80000452:	0c000737          	lui	a4,0xc000
80000456:	6789                	lui	a5,0x2
80000458:	97ba                	add	a5,a5,a4
8000045a:	0807a783          	lw	a5,128(a5) # 2080 <STACK_SIZE+0x1880>
8000045e:	fef42623          	sw	a5,-20(s0)
C:\Users\Gutzakk\Desktop\Work\Workspace Synracore\C_new_project\Debug/../platform/source/plic.c:93
    	value |= (1<<isr_num);
80000462:	fd842783          	lw	a5,-40(s0)
80000466:	4705                	li	a4,1
80000468:	00f717b3          	sll	a5,a4,a5
8000046c:	873e                	mv	a4,a5
8000046e:	fec42783          	lw	a5,-20(s0)
80000472:	8fd9                	or	a5,a5,a4
80000474:	fef42623          	sw	a5,-20(s0)
C:\Users\Gutzakk\Desktop\Work\Workspace Synracore\C_new_project\Debug/../platform/source/plic.c:94
    	PLIC->UIEM0 = value;
80000478:	0c000737          	lui	a4,0xc000
8000047c:	6789                	lui	a5,0x2
8000047e:	97ba                	add	a5,a5,a4
80000480:	fec42703          	lw	a4,-20(s0)
80000484:	08e7a023          	sw	a4,128(a5) # 2080 <STACK_SIZE+0x1880>
C:\Users\Gutzakk\Desktop\Work\Workspace Synracore\C_new_project\Debug/../platform/source/plic.c:96
}
80000488:	0001                	nop
8000048a:	50b2                	lw	ra,44(sp)
8000048c:	5422                	lw	s0,40(sp)
8000048e:	6145                	addi	sp,sp,48
80000490:	8082                	ret

80000492 <PLIC_ClaimIrq>:
PLIC_ClaimIrq():
C:\Users\Gutzakk\Desktop\Work\Workspace Synracore\C_new_project\Debug/../platform/source/plic.c:131
/*
 * Get current isr number
 */

uint32_t PLIC_ClaimIrq (uint8_t target)
{
80000492:	1101                	addi	sp,sp,-32
80000494:	ce06                	sw	ra,28(sp)
80000496:	cc22                	sw	s0,24(sp)
80000498:	1000                	addi	s0,sp,32
8000049a:	87aa                	mv	a5,a0
8000049c:	fef407a3          	sb	a5,-17(s0)
C:\Users\Gutzakk\Desktop\Work\Workspace Synracore\C_new_project\Debug/../platform/source/plic.c:132
	if(target == Plic_Mach_Target) {
800004a0:	fef44783          	lbu	a5,-17(s0)
800004a4:	eb81                	bnez	a5,800004b4 <PLIC_ClaimIrq+0x22>
C:\Users\Gutzakk\Desktop\Work\Workspace Synracore\C_new_project\Debug/../platform/source/plic.c:133
		return (uint32_t)(PLIC->MICC);
800004a6:	0c000737          	lui	a4,0xc000
800004aa:	002007b7          	lui	a5,0x200
800004ae:	97ba                	add	a5,a5,a4
800004b0:	43dc                	lw	a5,4(a5)
800004b2:	a039                	j	800004c0 <PLIC_ClaimIrq+0x2e>
C:\Users\Gutzakk\Desktop\Work\Workspace Synracore\C_new_project\Debug/../platform/source/plic.c:135
	} else {
		return (uint32_t)(PLIC->UICC);
800004b4:	0c000737          	lui	a4,0xc000
800004b8:	002017b7          	lui	a5,0x201
800004bc:	97ba                	add	a5,a5,a4
800004be:	43dc                	lw	a5,4(a5)
C:\Users\Gutzakk\Desktop\Work\Workspace Synracore\C_new_project\Debug/../platform/source/plic.c:137
	}
}
800004c0:	853e                	mv	a0,a5
800004c2:	40f2                	lw	ra,28(sp)
800004c4:	4462                	lw	s0,24(sp)
800004c6:	6105                	addi	sp,sp,32
800004c8:	8082                	ret

800004ca <PLIC_ClaimComplete>:
PLIC_ClaimComplete():
C:\Users\Gutzakk\Desktop\Work\Workspace Synracore\C_new_project\Debug/../platform/source/plic.c:144
/*
 * Set current isr as completed
 */

void PLIC_ClaimComplete (uint8_t target, uint32_t isrnum)
{
800004ca:	1101                	addi	sp,sp,-32
800004cc:	ce06                	sw	ra,28(sp)
800004ce:	cc22                	sw	s0,24(sp)
800004d0:	1000                	addi	s0,sp,32
800004d2:	87aa                	mv	a5,a0
800004d4:	feb42423          	sw	a1,-24(s0)
800004d8:	fef407a3          	sb	a5,-17(s0)
C:\Users\Gutzakk\Desktop\Work\Workspace Synracore\C_new_project\Debug/../platform/source/plic.c:145
	if(target == Plic_Mach_Target) {
800004dc:	fef44783          	lbu	a5,-17(s0)
800004e0:	eb91                	bnez	a5,800004f4 <PLIC_ClaimComplete+0x2a>
C:\Users\Gutzakk\Desktop\Work\Workspace Synracore\C_new_project\Debug/../platform/source/plic.c:146
		PLIC->MICC = isrnum;
800004e2:	0c000737          	lui	a4,0xc000
800004e6:	002007b7          	lui	a5,0x200
800004ea:	97ba                	add	a5,a5,a4
800004ec:	fe842703          	lw	a4,-24(s0)
800004f0:	c3d8                	sw	a4,4(a5)
C:\Users\Gutzakk\Desktop\Work\Workspace Synracore\C_new_project\Debug/../platform/source/plic.c:150
	} else {
		PLIC->UICC = isrnum;
	}
}
800004f2:	a809                	j	80000504 <PLIC_ClaimComplete+0x3a>
C:\Users\Gutzakk\Desktop\Work\Workspace Synracore\C_new_project\Debug/../platform/source/plic.c:148
		PLIC->UICC = isrnum;
800004f4:	0c000737          	lui	a4,0xc000
800004f8:	002017b7          	lui	a5,0x201
800004fc:	97ba                	add	a5,a5,a4
800004fe:	fe842703          	lw	a4,-24(s0)
80000502:	c3d8                	sw	a4,4(a5)
C:\Users\Gutzakk\Desktop\Work\Workspace Synracore\C_new_project\Debug/../platform/source/plic.c:150
}
80000504:	0001                	nop
80000506:	40f2                	lw	ra,28(sp)
80000508:	4462                	lw	s0,24(sp)
8000050a:	6105                	addi	sp,sp,32
8000050c:	8082                	ret

8000050e <PLIC_SetThreshold>:
PLIC_SetThreshold():
C:\Users\Gutzakk\Desktop\Work\Workspace Synracore\C_new_project\Debug/../platform/source/plic.c:156

/*
 * Set threshold for irqs
 */

void PLIC_SetThreshold(uint8_t target, uint32_t value) {
8000050e:	1101                	addi	sp,sp,-32
80000510:	ce06                	sw	ra,28(sp)
80000512:	cc22                	sw	s0,24(sp)
80000514:	1000                	addi	s0,sp,32
80000516:	87aa                	mv	a5,a0
80000518:	feb42423          	sw	a1,-24(s0)
8000051c:	fef407a3          	sb	a5,-17(s0)
C:\Users\Gutzakk\Desktop\Work\Workspace Synracore\C_new_project\Debug/../platform/source/plic.c:157
	if(target == Plic_Mach_Target) {
80000520:	fef44783          	lbu	a5,-17(s0)
80000524:	eb91                	bnez	a5,80000538 <PLIC_SetThreshold+0x2a>
C:\Users\Gutzakk\Desktop\Work\Workspace Synracore\C_new_project\Debug/../platform/source/plic.c:158
		PLIC->MTHR = value;
80000526:	0c000737          	lui	a4,0xc000
8000052a:	002007b7          	lui	a5,0x200
8000052e:	97ba                	add	a5,a5,a4
80000530:	fe842703          	lw	a4,-24(s0)
80000534:	c398                	sw	a4,0(a5)
C:\Users\Gutzakk\Desktop\Work\Workspace Synracore\C_new_project\Debug/../platform/source/plic.c:162
	} else {
		PLIC->UTHR = value;
	}
}
80000536:	a809                	j	80000548 <PLIC_SetThreshold+0x3a>
C:\Users\Gutzakk\Desktop\Work\Workspace Synracore\C_new_project\Debug/../platform/source/plic.c:160
		PLIC->UTHR = value;
80000538:	0c000737          	lui	a4,0xc000
8000053c:	002017b7          	lui	a5,0x201
80000540:	97ba                	add	a5,a5,a4
80000542:	fe842703          	lw	a4,-24(s0)
80000546:	c398                	sw	a4,0(a5)
C:\Users\Gutzakk\Desktop\Work\Workspace Synracore\C_new_project\Debug/../platform/source/plic.c:162
}
80000548:	0001                	nop
8000054a:	40f2                	lw	ra,28(sp)
8000054c:	4462                	lw	s0,24(sp)
8000054e:	6105                	addi	sp,sp,32
80000550:	8082                	ret

80000552 <PLIC_MachHandler>:
PLIC_MachHandler():
C:\Users\Gutzakk\Desktop\Work\Workspace Synracore\C_new_project\Debug/../platform/source/plic.c:165


void PLIC_MachHandler(void) {
80000552:	1101                	addi	sp,sp,-32
80000554:	ce06                	sw	ra,28(sp)
80000556:	cc22                	sw	s0,24(sp)
80000558:	1000                	addi	s0,sp,32
C:\Users\Gutzakk\Desktop\Work\Workspace Synracore\C_new_project\Debug/../platform/source/plic.c:168

	// handle interrupt
	uint32_t isr_num = PLIC_ClaimIrq(Plic_Mach_Target);
8000055a:	4501                	li	a0,0
8000055c:	3f1d                	jal	80000492 <PLIC_ClaimIrq>
8000055e:	fea42623          	sw	a0,-20(s0)
C:\Users\Gutzakk\Desktop\Work\Workspace Synracore\C_new_project\Debug/../platform/source/plic.c:170
	// check if handler exist
	if(mach_plic_handler[isr_num] != NULL_IRQ) {
80000562:	400007b7          	lui	a5,0x40000
80000566:	00c78713          	addi	a4,a5,12 # 4000000c <mach_plic_handler>
8000056a:	fec42783          	lw	a5,-20(s0)
8000056e:	078a                	slli	a5,a5,0x2
80000570:	97ba                	add	a5,a5,a4
80000572:	439c                	lw	a5,0(a5)
80000574:	cf99                	beqz	a5,80000592 <PLIC_MachHandler+0x40>
C:\Users\Gutzakk\Desktop\Work\Workspace Synracore\C_new_project\Debug/../platform/source/plic.c:172
		// call isr handler
		mach_plic_handler[isr_num]();
80000576:	400007b7          	lui	a5,0x40000
8000057a:	00c78713          	addi	a4,a5,12 # 4000000c <mach_plic_handler>
8000057e:	fec42783          	lw	a5,-20(s0)
80000582:	078a                	slli	a5,a5,0x2
80000584:	97ba                	add	a5,a5,a4
80000586:	439c                	lw	a5,0(a5)
80000588:	9782                	jalr	a5
C:\Users\Gutzakk\Desktop\Work\Workspace Synracore\C_new_project\Debug/../platform/source/plic.c:174
		// set isr completes
		PLIC_ClaimComplete(Plic_Mach_Target, isr_num);
8000058a:	fec42583          	lw	a1,-20(s0)
8000058e:	4501                	li	a0,0
80000590:	3f2d                	jal	800004ca <PLIC_ClaimComplete>
C:\Users\Gutzakk\Desktop\Work\Workspace Synracore\C_new_project\Debug/../platform/source/plic.c:176
	}
}
80000592:	0001                	nop
80000594:	40f2                	lw	ra,28(sp)
80000596:	4462                	lw	s0,24(sp)
80000598:	6105                	addi	sp,sp,32
8000059a:	8082                	ret

8000059c <trap_handler>:
trap_handler():
C:\Users\Gutzakk\Desktop\Work\Workspace Synracore\C_new_project\Debug/../platform/source/plic.c:192
#define MCAUSE_EXCEPT_STAMOADDRMISALGN  0x6
#define MCAUSE_EXCEPT_STAMOACCSFAULT    0x7
#define MCAUSE_EXCEPT_ECALLFRM_M_MODE   0xB

void trap_handler (void)
{
8000059c:	1101                	addi	sp,sp,-32
8000059e:	ce06                	sw	ra,28(sp)
800005a0:	cc22                	sw	s0,24(sp)
800005a2:	1000                	addi	s0,sp,32
C:\Users\Gutzakk\Desktop\Work\Workspace Synracore\C_new_project\Debug/../platform/source/plic.c:193
	uint32_t mcause_val = read_csr(mcause);
800005a4:	342027f3          	csrr	a5,mcause
800005a8:	fef42623          	sw	a5,-20(s0)
800005ac:	fec42783          	lw	a5,-20(s0)
800005b0:	fef42423          	sw	a5,-24(s0)
C:\Users\Gutzakk\Desktop\Work\Workspace Synracore\C_new_project\Debug/../platform/source/plic.c:195

	if((mcause_val & MCAUSE_INTERRUPT_FLAG) == 0) {
800005b4:	fe842783          	lw	a5,-24(s0)
800005b8:	0207c363          	bltz	a5,800005de <trap_handler+0x42>
C:\Users\Gutzakk\Desktop\Work\Workspace Synracore\C_new_project\Debug/../platform/source/plic.c:197
		// handle exception
		switch (mcause_val & MCAUSE_EXCEPT_MASK)
800005bc:	fe842783          	lw	a5,-24(s0)
800005c0:	8bbd                	andi	a5,a5,15
800005c2:	472d                	li	a4,11
800005c4:	00f76b63          	bltu	a4,a5,800005da <trap_handler+0x3e>
800005c8:	00279713          	slli	a4,a5,0x2
800005cc:	800047b7          	lui	a5,0x80004
800005d0:	9dc78793          	addi	a5,a5,-1572 # 800039dc <__clz_tab+0x100>
800005d4:	97ba                	add	a5,a5,a4
800005d6:	439c                	lw	a5,0(a5)
800005d8:	8782                	jr	a5
C:\Users\Gutzakk\Desktop\Work\Workspace Synracore\C_new_project\Debug/../platform/source/plic.c:220
			case MCAUSE_EXCEPT_ECALLFRM_M_MODE:
				break;

			default: // MCAUSE_EXCEPT UNKNOWN

				break;
800005da:	0001                	nop
C:\Users\Gutzakk\Desktop\Work\Workspace Synracore\C_new_project\Debug/../platform/source/plic.c:223
		}

		while(1) {}; //TRAP
800005dc:	a001                	j	800005dc <trap_handler+0x40>
C:\Users\Gutzakk\Desktop\Work\Workspace Synracore\C_new_project\Debug/../platform/source/plic.c:226
	} else {
		// handle interrupt
		PLIC_MachHandler();
800005de:	3f95                	jal	80000552 <PLIC_MachHandler>
C:\Users\Gutzakk\Desktop\Work\Workspace Synracore\C_new_project\Debug/../platform/source/plic.c:228
	}
}
800005e0:	0001                	nop
800005e2:	40f2                	lw	ra,28(sp)
800005e4:	4462                	lw	s0,24(sp)
800005e6:	6105                	addi	sp,sp,32
800005e8:	8082                	ret

800005ea <SystemCoreClockUpdate>:
SystemCoreClockUpdate():
C:\Users\Gutzakk\Desktop\Work\Workspace Synracore\C_new_project\Debug/../platform/source/system_k1921vg015.c:34
uint32_t SystemPll1Clock; // System PLL1Clock Frequency
uint32_t USBClock; 		  // USB Clock Frequency (USB PLL Clock)

//-- Functions -----------------------------------------------------------------
void SystemCoreClockUpdate(void)
{
800005ea:	7175                	addi	sp,sp,-144
800005ec:	c706                	sw	ra,140(sp)
800005ee:	c522                	sw	s0,136(sp)
800005f0:	c34a                	sw	s2,132(sp)
800005f2:	c14e                	sw	s3,128(sp)
800005f4:	ded2                	sw	s4,124(sp)
800005f6:	dcd6                	sw	s5,120(sp)
800005f8:	dada                	sw	s6,116(sp)
800005fa:	d8de                	sw	s7,112(sp)
800005fc:	d6e2                	sw	s8,108(sp)
800005fe:	d4e6                	sw	s9,104(sp)
80000600:	d2ea                	sw	s10,100(sp)
80000602:	d0ee                	sw	s11,96(sp)
80000604:	0900                	addi	s0,sp,144
C:\Users\Gutzakk\Desktop\Work\Workspace Synracore\C_new_project\Debug/../platform/source/system_k1921vg015.c:35
	SystemCoreClock = 0; 	// РџСЂРё РѕС€РёР±РєРµ РІС‹С‡РёСЃР»РµРЅРёР№ Р·РЅР°С‡РµРЅРёСЏ РїРµСЂРµРјРµРЅРЅС‹С… Р±СѓРґСѓС‚ СЂР°РІРЅС‹ РЅСѓР»СЋ
80000606:	400007b7          	lui	a5,0x40000
8000060a:	2207ac23          	sw	zero,568(a5) # 40000238 <SystemCoreClock>
C:\Users\Gutzakk\Desktop\Work\Workspace Synracore\C_new_project\Debug/../platform/source/system_k1921vg015.c:36
	SystemPll0Clock = 0; 
8000060e:	400007b7          	lui	a5,0x40000
80000612:	2207ae23          	sw	zero,572(a5) # 4000023c <SystemPll0Clock>
C:\Users\Gutzakk\Desktop\Work\Workspace Synracore\C_new_project\Debug/../platform/source/system_k1921vg015.c:37
	SystemPll1Clock = 0; 
80000616:	400007b7          	lui	a5,0x40000
8000061a:	2407a023          	sw	zero,576(a5) # 40000240 <SystemPll1Clock>
C:\Users\Gutzakk\Desktop\Work\Workspace Synracore\C_new_project\Debug/../platform/source/system_k1921vg015.c:38
	USBClock = 0; 		 
8000061e:	400007b7          	lui	a5,0x40000
80000622:	2407a223          	sw	zero,580(a5) # 40000244 <USBClock>
C:\Users\Gutzakk\Desktop\Work\Workspace Synracore\C_new_project\Debug/../platform/source/system_k1921vg015.c:40
				
	uint8_t refdiv = RCU->PLLSYSCFG0_bit.REFDIV;
80000626:	3000e7b7          	lui	a5,0x3000e
8000062a:	4bbc                	lw	a5,80(a5)
8000062c:	839d                	srli	a5,a5,0x7
8000062e:	03f7f793          	andi	a5,a5,63
80000632:	0ff7f793          	zext.b	a5,a5
80000636:	fcf407a3          	sb	a5,-49(s0)
C:\Users\Gutzakk\Desktop\Work\Workspace Synracore\C_new_project\Debug/../platform/source/system_k1921vg015.c:41
	uint8_t pd0a = RCU->PLLSYSCFG0_bit.PD0A + 1;
8000063a:	3000e7b7          	lui	a5,0x3000e
8000063e:	4bbc                	lw	a5,80(a5)
80000640:	83b5                	srli	a5,a5,0xd
80000642:	8b9d                	andi	a5,a5,7
80000644:	0ff7f793          	zext.b	a5,a5
80000648:	0785                	addi	a5,a5,1 # 3000e001 <STACK_SIZE+0x3000d801>
8000064a:	fcf40723          	sb	a5,-50(s0)
C:\Users\Gutzakk\Desktop\Work\Workspace Synracore\C_new_project\Debug/../platform/source/system_k1921vg015.c:42
	uint8_t pd0b = RCU->PLLSYSCFG0_bit.PD0B + 1;
8000064e:	3000e7b7          	lui	a5,0x3000e
80000652:	4bbc                	lw	a5,80(a5)
80000654:	83c1                	srli	a5,a5,0x10
80000656:	03f7f793          	andi	a5,a5,63
8000065a:	0ff7f793          	zext.b	a5,a5
8000065e:	0785                	addi	a5,a5,1 # 3000e001 <STACK_SIZE+0x3000d801>
80000660:	fcf406a3          	sb	a5,-51(s0)
C:\Users\Gutzakk\Desktop\Work\Workspace Synracore\C_new_project\Debug/../platform/source/system_k1921vg015.c:43
	uint8_t pd1a = RCU->PLLSYSCFG0_bit.PD1A + 1;
80000664:	3000e7b7          	lui	a5,0x3000e
80000668:	4bbc                	lw	a5,80(a5)
8000066a:	83d9                	srli	a5,a5,0x16
8000066c:	8b9d                	andi	a5,a5,7
8000066e:	0ff7f793          	zext.b	a5,a5
80000672:	0785                	addi	a5,a5,1 # 3000e001 <STACK_SIZE+0x3000d801>
80000674:	fcf40623          	sb	a5,-52(s0)
C:\Users\Gutzakk\Desktop\Work\Workspace Synracore\C_new_project\Debug/../platform/source/system_k1921vg015.c:44
	uint8_t pd1b = RCU->PLLSYSCFG0_bit.PD1B + 1;
80000678:	3000e7b7          	lui	a5,0x3000e
8000067c:	4bbc                	lw	a5,80(a5)
8000067e:	83e5                	srli	a5,a5,0x19
80000680:	03f7f793          	andi	a5,a5,63
80000684:	0ff7f793          	zext.b	a5,a5
80000688:	0785                	addi	a5,a5,1 # 3000e001 <STACK_SIZE+0x3000d801>
8000068a:	fcf405a3          	sb	a5,-53(s0)
C:\Users\Gutzakk\Desktop\Work\Workspace Synracore\C_new_project\Debug/../platform/source/system_k1921vg015.c:46

	if (RCU->PLLSYSCFG0_bit.PLLEN)		// Р•СЃР»Рё PLL РІРєР»СЋС‡РµРЅ
8000068e:	3000e7b7          	lui	a5,0x3000e
80000692:	4bbc                	lw	a5,80(a5)
80000694:	8b85                	andi	a5,a5,1
80000696:	0ff7f793          	zext.b	a5,a5
8000069a:	20078a63          	beqz	a5,800008ae <SystemCoreClockUpdate+0x2c4>
C:\Users\Gutzakk\Desktop\Work\Workspace Synracore\C_new_project\Debug/../platform/source/system_k1921vg015.c:48
	{	
		if (RCU->PLLSYSCFG0_bit.DSMEN)	// Р•СЃР»Рё РґСЂРѕР±РЅС‹Р№ РґРµР»РёС‚РµР»СЊ РІРєР»СЋС‡РµРЅ
8000069e:	3000e7b7          	lui	a5,0x3000e
800006a2:	4bbc                	lw	a5,80(a5)
800006a4:	8391                	srli	a5,a5,0x4
800006a6:	8b85                	andi	a5,a5,1
800006a8:	0ff7f793          	zext.b	a5,a5
800006ac:	18078663          	beqz	a5,80000838 <SystemCoreClockUpdate+0x24e>
C:\Users\Gutzakk\Desktop\Work\Workspace Synracore\C_new_project\Debug/../platform/source/system_k1921vg015.c:50
		{
			uint64_t fbdiv = RCU->PLLSYSCFG2_bit.FBDIV << 24;
800006b0:	3000e7b7          	lui	a5,0x3000e
800006b4:	4fbc                	lw	a5,88(a5)
800006b6:	873e                	mv	a4,a5
800006b8:	6785                	lui	a5,0x1
800006ba:	17fd                	addi	a5,a5,-1 # fff <STACK_SIZE+0x7ff>
800006bc:	8ff9                	and	a5,a5,a4
800006be:	07c2                	slli	a5,a5,0x10
800006c0:	83c1                	srli	a5,a5,0x10
800006c2:	07e2                	slli	a5,a5,0x18
800006c4:	faf42c23          	sw	a5,-72(s0)
800006c8:	87fd                	srai	a5,a5,0x1f
800006ca:	faf42e23          	sw	a5,-68(s0)
C:\Users\Gutzakk\Desktop\Work\Workspace Synracore\C_new_project\Debug/../platform/source/system_k1921vg015.c:51
			uint32_t frac = RCU->PLLSYSCFG1_bit.FRAC;
800006ce:	3000e7b7          	lui	a5,0x3000e
800006d2:	4bf8                	lw	a4,84(a5)
800006d4:	010007b7          	lui	a5,0x1000
800006d8:	17fd                	addi	a5,a5,-1 # ffffff <STACK_SIZE+0xfff7ff>
800006da:	8ff9                	and	a5,a5,a4
800006dc:	faf42a23          	sw	a5,-76(s0)
C:\Users\Gutzakk\Desktop\Work\Workspace Synracore\C_new_project\Debug/../platform/source/system_k1921vg015.c:52
			SystemPll0Clock = (((HSECLK_VAL / refdiv) * (fbdiv + frac)) >> 24) / (pd0a * pd0b);
800006e0:	fcf44703          	lbu	a4,-49(s0)
800006e4:	00f427b7          	lui	a5,0xf42
800006e8:	40078793          	addi	a5,a5,1024 # f42400 <STACK_SIZE+0xf41c00>
800006ec:	02e7c7b3          	div	a5,a5,a4
800006f0:	8e3e                	mv	t3,a5
800006f2:	87fd                	srai	a5,a5,0x1f
800006f4:	8ebe                	mv	t4,a5
800006f6:	fb442783          	lw	a5,-76(s0)
800006fa:	8f3e                	mv	t5,a5
800006fc:	4f81                	li	t6,0
800006fe:	fb842703          	lw	a4,-72(s0)
80000702:	fbc42783          	lw	a5,-68(s0)
80000706:	00ef0533          	add	a0,t5,a4
8000070a:	86aa                	mv	a3,a0
8000070c:	01e6b6b3          	sltu	a3,a3,t5
80000710:	00ff85b3          	add	a1,t6,a5
80000714:	00b687b3          	add	a5,a3,a1
80000718:	85be                	mv	a1,a5
8000071a:	872a                	mv	a4,a0
8000071c:	87ae                	mv	a5,a1
8000071e:	02ee8633          	mul	a2,t4,a4
80000722:	03c786b3          	mul	a3,a5,t3
80000726:	9636                	add	a2,a2,a3
80000728:	02ee06b3          	mul	a3,t3,a4
8000072c:	02ee38b3          	mulhu	a7,t3,a4
80000730:	8836                	mv	a6,a3
80000732:	011607b3          	add	a5,a2,a7
80000736:	88be                	mv	a7,a5
80000738:	00889793          	slli	a5,a7,0x8
8000073c:	01885313          	srli	t1,a6,0x18
80000740:	0067e333          	or	t1,a5,t1
80000744:	0188d393          	srli	t2,a7,0x18
80000748:	fce44703          	lbu	a4,-50(s0)
8000074c:	fcd44783          	lbu	a5,-51(s0)
80000750:	02f707b3          	mul	a5,a4,a5
80000754:	f8f42c23          	sw	a5,-104(s0)
80000758:	87fd                	srai	a5,a5,0x1f
8000075a:	f8f42e23          	sw	a5,-100(s0)
8000075e:	f9842603          	lw	a2,-104(s0)
80000762:	f9c42683          	lw	a3,-100(s0)
80000766:	851a                	mv	a0,t1
80000768:	859e                	mv	a1,t2
8000076a:	42d020ef          	jal	80003396 <__udivdi3>
8000076e:	872a                	mv	a4,a0
80000770:	87ae                	mv	a5,a1
80000772:	400007b7          	lui	a5,0x40000
80000776:	22e7ae23          	sw	a4,572(a5) # 4000023c <SystemPll0Clock>
C:\Users\Gutzakk\Desktop\Work\Workspace Synracore\C_new_project\Debug/../platform/source/system_k1921vg015.c:53
			SystemPll1Clock = (((HSECLK_VAL / refdiv) * (fbdiv + frac)) >> 24) / (pd1a * pd1b);
8000077a:	fcf44783          	lbu	a5,-49(s0)
8000077e:	00f42737          	lui	a4,0xf42
80000782:	40070713          	addi	a4,a4,1024 # f42400 <STACK_SIZE+0xf41c00>
80000786:	02f747b3          	div	a5,a4,a5
8000078a:	f8f42823          	sw	a5,-112(s0)
8000078e:	87fd                	srai	a5,a5,0x1f
80000790:	f8f42a23          	sw	a5,-108(s0)
80000794:	fb442783          	lw	a5,-76(s0)
80000798:	f8f42423          	sw	a5,-120(s0)
8000079c:	f8042623          	sw	zero,-116(s0)
800007a0:	fb842603          	lw	a2,-72(s0)
800007a4:	fbc42683          	lw	a3,-68(s0)
800007a8:	f8842803          	lw	a6,-120(s0)
800007ac:	f8c42883          	lw	a7,-116(s0)
800007b0:	85c2                	mv	a1,a6
800007b2:	00c58733          	add	a4,a1,a2
800007b6:	85ba                	mv	a1,a4
800007b8:	8542                	mv	a0,a6
800007ba:	00a5b5b3          	sltu	a1,a1,a0
800007be:	8546                	mv	a0,a7
800007c0:	00d507b3          	add	a5,a0,a3
800007c4:	00f586b3          	add	a3,a1,a5
800007c8:	87b6                	mv	a5,a3
800007ca:	f9042503          	lw	a0,-112(s0)
800007ce:	f9442583          	lw	a1,-108(s0)
800007d2:	86ae                	mv	a3,a1
800007d4:	02e68633          	mul	a2,a3,a4
800007d8:	86aa                	mv	a3,a0
800007da:	02d786b3          	mul	a3,a5,a3
800007de:	96b2                	add	a3,a3,a2
800007e0:	862a                	mv	a2,a0
800007e2:	02e60633          	mul	a2,a2,a4
800007e6:	85aa                	mv	a1,a0
800007e8:	02e5bab3          	mulhu	s5,a1,a4
800007ec:	8a32                	mv	s4,a2
800007ee:	015687b3          	add	a5,a3,s5
800007f2:	8abe                	mv	s5,a5
800007f4:	008a9793          	slli	a5,s5,0x8
800007f8:	018a5c13          	srli	s8,s4,0x18
800007fc:	0187ec33          	or	s8,a5,s8
80000800:	018adc93          	srli	s9,s5,0x18
80000804:	fcc44703          	lbu	a4,-52(s0)
80000808:	fcb44783          	lbu	a5,-53(s0)
8000080c:	02f707b3          	mul	a5,a4,a5
80000810:	f8f42023          	sw	a5,-128(s0)
80000814:	87fd                	srai	a5,a5,0x1f
80000816:	f8f42223          	sw	a5,-124(s0)
8000081a:	f8042603          	lw	a2,-128(s0)
8000081e:	f8442683          	lw	a3,-124(s0)
80000822:	8562                	mv	a0,s8
80000824:	85e6                	mv	a1,s9
80000826:	371020ef          	jal	80003396 <__udivdi3>
8000082a:	872a                	mv	a4,a0
8000082c:	87ae                	mv	a5,a1
8000082e:	400007b7          	lui	a5,0x40000
80000832:	24e7a023          	sw	a4,576(a5) # 40000240 <SystemPll1Clock>
80000836:	a8a5                	j	800008ae <SystemCoreClockUpdate+0x2c4>
C:\Users\Gutzakk\Desktop\Work\Workspace Synracore\C_new_project\Debug/../platform/source/system_k1921vg015.c:55
		} else { 
			uint32_t fbdiv = RCU->PLLSYSCFG2_bit.FBDIV;			
80000838:	3000e7b7          	lui	a5,0x3000e
8000083c:	4fbc                	lw	a5,88(a5)
8000083e:	873e                	mv	a4,a5
80000840:	6785                	lui	a5,0x1
80000842:	17fd                	addi	a5,a5,-1 # fff <STACK_SIZE+0x7ff>
80000844:	8ff9                	and	a5,a5,a4
80000846:	07c2                	slli	a5,a5,0x10
80000848:	83c1                	srli	a5,a5,0x10
8000084a:	fcf42223          	sw	a5,-60(s0)
C:\Users\Gutzakk\Desktop\Work\Workspace Synracore\C_new_project\Debug/../platform/source/system_k1921vg015.c:56
			SystemPll0Clock = (HSECLK_VAL * fbdiv) / (refdiv * pd0a * pd0b);
8000084e:	fc442703          	lw	a4,-60(s0)
80000852:	00f427b7          	lui	a5,0xf42
80000856:	40078793          	addi	a5,a5,1024 # f42400 <STACK_SIZE+0xf41c00>
8000085a:	02f707b3          	mul	a5,a4,a5
8000085e:	fcf44683          	lbu	a3,-49(s0)
80000862:	fce44703          	lbu	a4,-50(s0)
80000866:	02e686b3          	mul	a3,a3,a4
8000086a:	fcd44703          	lbu	a4,-51(s0)
8000086e:	02e68733          	mul	a4,a3,a4
80000872:	02e7d733          	divu	a4,a5,a4
80000876:	400007b7          	lui	a5,0x40000
8000087a:	22e7ae23          	sw	a4,572(a5) # 4000023c <SystemPll0Clock>
C:\Users\Gutzakk\Desktop\Work\Workspace Synracore\C_new_project\Debug/../platform/source/system_k1921vg015.c:57
			SystemPll1Clock = (HSECLK_VAL * fbdiv) / (refdiv * pd1a * pd1b);
8000087e:	fc442703          	lw	a4,-60(s0)
80000882:	00f427b7          	lui	a5,0xf42
80000886:	40078793          	addi	a5,a5,1024 # f42400 <STACK_SIZE+0xf41c00>
8000088a:	02f707b3          	mul	a5,a4,a5
8000088e:	fcf44683          	lbu	a3,-49(s0)
80000892:	fcc44703          	lbu	a4,-52(s0)
80000896:	02e686b3          	mul	a3,a3,a4
8000089a:	fcb44703          	lbu	a4,-53(s0)
8000089e:	02e68733          	mul	a4,a3,a4
800008a2:	02e7d733          	divu	a4,a5,a4
800008a6:	400007b7          	lui	a5,0x40000
800008aa:	24e7a023          	sw	a4,576(a5) # 40000240 <SystemPll1Clock>
C:\Users\Gutzakk\Desktop\Work\Workspace Synracore\C_new_project\Debug/../platform/source/system_k1921vg015.c:61
		}
	}

	switch (RCU->CLKSTAT_bit.SRC) {		// РћРїСЂРµРґРµР»РµРЅРёРµ РёСЃС‚РѕС‡РЅРёРєР° С‚Р°РєС‚РёСЂРѕРІР°РЅРёСЏ СЏРґСЂР°
800008ae:	3000e7b7          	lui	a5,0x3000e
800008b2:	5fdc                	lw	a5,60(a5)
800008b4:	8b8d                	andi	a5,a5,3
800008b6:	0ff7f793          	zext.b	a5,a5
800008ba:	470d                	li	a4,3
800008bc:	02e78d63          	beq	a5,a4,800008f6 <SystemCoreClockUpdate+0x30c>
800008c0:	470d                	li	a4,3
800008c2:	00f74863          	blt	a4,a5,800008d2 <SystemCoreClockUpdate+0x2e8>
800008c6:	4705                	li	a4,1
800008c8:	00e78e63          	beq	a5,a4,800008e4 <SystemCoreClockUpdate+0x2fa>
800008cc:	4709                	li	a4,2
800008ce:	02e78a63          	beq	a5,a4,80000902 <SystemCoreClockUpdate+0x318>
C:\Users\Gutzakk\Desktop\Work\Workspace Synracore\C_new_project\Debug/../platform/source/system_k1921vg015.c:63
		case RCU_CLKSTAT_SRC_HSICLK:
			SystemCoreClock = HSICLK_VAL;
800008d2:	400007b7          	lui	a5,0x40000
800008d6:	000f4737          	lui	a4,0xf4
800008da:	24070713          	addi	a4,a4,576 # f4240 <STACK_SIZE+0xf3a40>
800008de:	22e7ac23          	sw	a4,568(a5) # 40000238 <SystemCoreClock>
C:\Users\Gutzakk\Desktop\Work\Workspace Synracore\C_new_project\Debug/../platform/source/system_k1921vg015.c:64
			break;
800008e2:	a80d                	j	80000914 <SystemCoreClockUpdate+0x32a>
C:\Users\Gutzakk\Desktop\Work\Workspace Synracore\C_new_project\Debug/../platform/source/system_k1921vg015.c:66
		case RCU_CLKSTAT_SRC_HSECLK:
			SystemCoreClock = HSECLK_VAL;
800008e4:	400007b7          	lui	a5,0x40000
800008e8:	00f42737          	lui	a4,0xf42
800008ec:	40070713          	addi	a4,a4,1024 # f42400 <STACK_SIZE+0xf41c00>
800008f0:	22e7ac23          	sw	a4,568(a5) # 40000238 <SystemCoreClock>
C:\Users\Gutzakk\Desktop\Work\Workspace Synracore\C_new_project\Debug/../platform/source/system_k1921vg015.c:67
			break;		
800008f4:	a005                	j	80000914 <SystemCoreClockUpdate+0x32a>
C:\Users\Gutzakk\Desktop\Work\Workspace Synracore\C_new_project\Debug/../platform/source/system_k1921vg015.c:69
		case RCU_CLKSTAT_SRC_LSICLK:
			SystemCoreClock = LSICLK_VAL;
800008f6:	400007b7          	lui	a5,0x40000
800008fa:	6721                	lui	a4,0x8
800008fc:	22e7ac23          	sw	a4,568(a5) # 40000238 <SystemCoreClock>
C:\Users\Gutzakk\Desktop\Work\Workspace Synracore\C_new_project\Debug/../platform/source/system_k1921vg015.c:70
			break;
80000900:	a811                	j	80000914 <SystemCoreClockUpdate+0x32a>
C:\Users\Gutzakk\Desktop\Work\Workspace Synracore\C_new_project\Debug/../platform/source/system_k1921vg015.c:72
		case RCU_CLKSTAT_SRC_SYSPLL0CLK:
			SystemCoreClock = SystemPll0Clock;
80000902:	400007b7          	lui	a5,0x40000
80000906:	23c7a703          	lw	a4,572(a5) # 4000023c <SystemPll0Clock>
8000090a:	400007b7          	lui	a5,0x40000
8000090e:	22e7ac23          	sw	a4,568(a5) # 40000238 <SystemCoreClock>
C:\Users\Gutzakk\Desktop\Work\Workspace Synracore\C_new_project\Debug/../platform/source/system_k1921vg015.c:73
			break;	
80000912:	0001                	nop
C:\Users\Gutzakk\Desktop\Work\Workspace Synracore\C_new_project\Debug/../platform/source/system_k1921vg015.c:76
    }
		
	if (RCU->RSTDISAHB_bit.USBEN)	// Р•СЃР»Рё USB РёСЃРїРѕР»СЊР·СѓРµС‚СЃСЏ
80000914:	3000e7b7          	lui	a5,0x3000e
80000918:	4b9c                	lw	a5,16(a5)
8000091a:	8385                	srli	a5,a5,0x1
8000091c:	8b85                	andi	a5,a5,1
8000091e:	0ff7f793          	zext.b	a5,a5
80000922:	1c078363          	beqz	a5,80000ae8 <SystemCoreClockUpdate+0x4fe>
C:\Users\Gutzakk\Desktop\Work\Workspace Synracore\C_new_project\Debug/../platform/source/system_k1921vg015.c:78
	{
		if (USB->PLLUSBCFG3_bit.USBCLKSEL == USB_PLLUSBCFG3_USBCLKSEL_PLLUSBClk)
80000926:	20010737          	lui	a4,0x20010
8000092a:	6785                	lui	a5,0x1
8000092c:	97ba                	add	a5,a5,a4
8000092e:	80c7a783          	lw	a5,-2036(a5) # 80c <STACK_SIZE+0xc>
80000932:	83e1                	srli	a5,a5,0x18
80000934:	8b85                	andi	a5,a5,1
80000936:	0ff7f793          	zext.b	a5,a5
8000093a:	18079f63          	bnez	a5,80000ad8 <SystemCoreClockUpdate+0x4ee>
C:\Users\Gutzakk\Desktop\Work\Workspace Synracore\C_new_project\Debug/../platform/source/system_k1921vg015.c:80
		{	
			refdiv = USB->PLLUSBCFG0_bit.REFDIV;
8000093e:	20010737          	lui	a4,0x20010
80000942:	6785                	lui	a5,0x1
80000944:	97ba                	add	a5,a5,a4
80000946:	8007a783          	lw	a5,-2048(a5) # 800 <STACK_SIZE>
8000094a:	839d                	srli	a5,a5,0x7
8000094c:	03f7f793          	andi	a5,a5,63
80000950:	0ff7f793          	zext.b	a5,a5
80000954:	fcf407a3          	sb	a5,-49(s0)
C:\Users\Gutzakk\Desktop\Work\Workspace Synracore\C_new_project\Debug/../platform/source/system_k1921vg015.c:81
			pd0a = USB->PLLUSBCFG0_bit.PD0A + 1;
80000958:	20010737          	lui	a4,0x20010
8000095c:	6785                	lui	a5,0x1
8000095e:	97ba                	add	a5,a5,a4
80000960:	8007a783          	lw	a5,-2048(a5) # 800 <STACK_SIZE>
80000964:	83b5                	srli	a5,a5,0xd
80000966:	8b9d                	andi	a5,a5,7
80000968:	0ff7f793          	zext.b	a5,a5
8000096c:	0785                	addi	a5,a5,1
8000096e:	fcf40723          	sb	a5,-50(s0)
C:\Users\Gutzakk\Desktop\Work\Workspace Synracore\C_new_project\Debug/../platform/source/system_k1921vg015.c:82
			pd0b = USB->PLLUSBCFG0_bit.PD0B + 1;
80000972:	20010737          	lui	a4,0x20010
80000976:	6785                	lui	a5,0x1
80000978:	97ba                	add	a5,a5,a4
8000097a:	8007a783          	lw	a5,-2048(a5) # 800 <STACK_SIZE>
8000097e:	83c1                	srli	a5,a5,0x10
80000980:	03f7f793          	andi	a5,a5,63
80000984:	0ff7f793          	zext.b	a5,a5
80000988:	0785                	addi	a5,a5,1
8000098a:	fcf406a3          	sb	a5,-51(s0)
C:\Users\Gutzakk\Desktop\Work\Workspace Synracore\C_new_project\Debug/../platform/source/system_k1921vg015.c:84

			if (USB->PLLUSBCFG0_bit.DSMEN)		// Р•СЃР»Рё РґСЂРѕР±РЅС‹Р№ РґРµР»РёС‚РµР»СЊ РІРєР»СЋС‡РµРЅ
8000098e:	20010737          	lui	a4,0x20010
80000992:	6785                	lui	a5,0x1
80000994:	97ba                	add	a5,a5,a4
80000996:	8007a783          	lw	a5,-2048(a5) # 800 <STACK_SIZE>
8000099a:	8391                	srli	a5,a5,0x4
8000099c:	8b85                	andi	a5,a5,1
8000099e:	0ff7f793          	zext.b	a5,a5
800009a2:	c7e5                	beqz	a5,80000a8a <SystemCoreClockUpdate+0x4a0>
C:\Users\Gutzakk\Desktop\Work\Workspace Synracore\C_new_project\Debug/../platform/source/system_k1921vg015.c:86
			{
				uint64_t fbdiv = USB->PLLUSBCFG2_bit.FBDIV << 24;
800009a4:	20010737          	lui	a4,0x20010
800009a8:	6785                	lui	a5,0x1
800009aa:	97ba                	add	a5,a5,a4
800009ac:	8087a783          	lw	a5,-2040(a5) # 808 <STACK_SIZE+0x8>
800009b0:	873e                	mv	a4,a5
800009b2:	6785                	lui	a5,0x1
800009b4:	17fd                	addi	a5,a5,-1 # fff <STACK_SIZE+0x7ff>
800009b6:	8ff9                	and	a5,a5,a4
800009b8:	07c2                	slli	a5,a5,0x10
800009ba:	83c1                	srli	a5,a5,0x10
800009bc:	07e2                	slli	a5,a5,0x18
800009be:	faf42423          	sw	a5,-88(s0)
800009c2:	87fd                	srai	a5,a5,0x1f
800009c4:	faf42623          	sw	a5,-84(s0)
C:\Users\Gutzakk\Desktop\Work\Workspace Synracore\C_new_project\Debug/../platform/source/system_k1921vg015.c:87
				uint32_t frac = USB->PLLUSBCFG1_bit.FRAC;
800009c8:	20010737          	lui	a4,0x20010
800009cc:	6785                	lui	a5,0x1
800009ce:	97ba                	add	a5,a5,a4
800009d0:	8047a703          	lw	a4,-2044(a5) # 804 <STACK_SIZE+0x4>
800009d4:	010007b7          	lui	a5,0x1000
800009d8:	17fd                	addi	a5,a5,-1 # ffffff <STACK_SIZE+0xfff7ff>
800009da:	8ff9                	and	a5,a5,a4
800009dc:	faf42223          	sw	a5,-92(s0)
C:\Users\Gutzakk\Desktop\Work\Workspace Synracore\C_new_project\Debug/../platform/source/system_k1921vg015.c:89

				USBClock = (((HSECLK_VAL / refdiv) * (fbdiv + frac)) >> 24) / (pd0a * pd0b);
800009e0:	fcf44783          	lbu	a5,-49(s0)
800009e4:	00f42737          	lui	a4,0xf42
800009e8:	40070713          	addi	a4,a4,1024 # f42400 <STACK_SIZE+0xf41c00>
800009ec:	02f747b3          	div	a5,a4,a5
800009f0:	8d3e                	mv	s10,a5
800009f2:	87fd                	srai	a5,a5,0x1f
800009f4:	8dbe                	mv	s11,a5
800009f6:	fa442783          	lw	a5,-92(s0)
800009fa:	f6f42c23          	sw	a5,-136(s0)
800009fe:	f6042e23          	sw	zero,-132(s0)
80000a02:	fa842603          	lw	a2,-88(s0)
80000a06:	fac42683          	lw	a3,-84(s0)
80000a0a:	f7842803          	lw	a6,-136(s0)
80000a0e:	f7c42883          	lw	a7,-132(s0)
80000a12:	85c2                	mv	a1,a6
80000a14:	00c58733          	add	a4,a1,a2
80000a18:	85ba                	mv	a1,a4
80000a1a:	8542                	mv	a0,a6
80000a1c:	00a5b5b3          	sltu	a1,a1,a0
80000a20:	8546                	mv	a0,a7
80000a22:	00d507b3          	add	a5,a0,a3
80000a26:	00f586b3          	add	a3,a1,a5
80000a2a:	87b6                	mv	a5,a3
80000a2c:	02ed8633          	mul	a2,s11,a4
80000a30:	03a786b3          	mul	a3,a5,s10
80000a34:	96b2                	add	a3,a3,a2
80000a36:	02ed0633          	mul	a2,s10,a4
80000a3a:	02ed39b3          	mulhu	s3,s10,a4
80000a3e:	8932                	mv	s2,a2
80000a40:	013687b3          	add	a5,a3,s3
80000a44:	89be                	mv	s3,a5
80000a46:	00899793          	slli	a5,s3,0x8
80000a4a:	01895b13          	srli	s6,s2,0x18
80000a4e:	0167eb33          	or	s6,a5,s6
80000a52:	0189db93          	srli	s7,s3,0x18
80000a56:	fce44703          	lbu	a4,-50(s0)
80000a5a:	fcd44783          	lbu	a5,-51(s0)
80000a5e:	02f707b3          	mul	a5,a4,a5
80000a62:	f6f42823          	sw	a5,-144(s0)
80000a66:	87fd                	srai	a5,a5,0x1f
80000a68:	f6f42a23          	sw	a5,-140(s0)
80000a6c:	f7042603          	lw	a2,-144(s0)
80000a70:	f7442683          	lw	a3,-140(s0)
80000a74:	855a                	mv	a0,s6
80000a76:	85de                	mv	a1,s7
80000a78:	11f020ef          	jal	80003396 <__udivdi3>
80000a7c:	872a                	mv	a4,a0
80000a7e:	87ae                	mv	a5,a1
80000a80:	400007b7          	lui	a5,0x40000
80000a84:	24e7a223          	sw	a4,580(a5) # 40000244 <USBClock>
C:\Users\Gutzakk\Desktop\Work\Workspace Synracore\C_new_project\Debug/../platform/source/system_k1921vg015.c:97
				USBClock = (HSECLK_VAL * fbdiv) / (refdiv * pd0a * pd0b);
			}		
		} 
		else USBClock = SystemCoreClock;
	}
}
80000a88:	a085                	j	80000ae8 <SystemCoreClockUpdate+0x4fe>
C:\Users\Gutzakk\Desktop\Work\Workspace Synracore\C_new_project\Debug/../platform/source/system_k1921vg015.c:91
				uint32_t fbdiv = USB->PLLUSBCFG2_bit.FBDIV;			
80000a8a:	20010737          	lui	a4,0x20010
80000a8e:	6785                	lui	a5,0x1
80000a90:	97ba                	add	a5,a5,a4
80000a92:	8087a783          	lw	a5,-2040(a5) # 808 <STACK_SIZE+0x8>
80000a96:	873e                	mv	a4,a5
80000a98:	6785                	lui	a5,0x1
80000a9a:	17fd                	addi	a5,a5,-1 # fff <STACK_SIZE+0x7ff>
80000a9c:	8ff9                	and	a5,a5,a4
80000a9e:	07c2                	slli	a5,a5,0x10
80000aa0:	83c1                	srli	a5,a5,0x10
80000aa2:	faf42823          	sw	a5,-80(s0)
C:\Users\Gutzakk\Desktop\Work\Workspace Synracore\C_new_project\Debug/../platform/source/system_k1921vg015.c:92
				USBClock = (HSECLK_VAL * fbdiv) / (refdiv * pd0a * pd0b);
80000aa6:	fb042703          	lw	a4,-80(s0)
80000aaa:	00f427b7          	lui	a5,0xf42
80000aae:	40078793          	addi	a5,a5,1024 # f42400 <STACK_SIZE+0xf41c00>
80000ab2:	02f707b3          	mul	a5,a4,a5
80000ab6:	fcf44683          	lbu	a3,-49(s0)
80000aba:	fce44703          	lbu	a4,-50(s0)
80000abe:	02e686b3          	mul	a3,a3,a4
80000ac2:	fcd44703          	lbu	a4,-51(s0)
80000ac6:	02e68733          	mul	a4,a3,a4
80000aca:	02e7d733          	divu	a4,a5,a4
80000ace:	400007b7          	lui	a5,0x40000
80000ad2:	24e7a223          	sw	a4,580(a5) # 40000244 <USBClock>
C:\Users\Gutzakk\Desktop\Work\Workspace Synracore\C_new_project\Debug/../platform/source/system_k1921vg015.c:97
}
80000ad6:	a809                	j	80000ae8 <SystemCoreClockUpdate+0x4fe>
C:\Users\Gutzakk\Desktop\Work\Workspace Synracore\C_new_project\Debug/../platform/source/system_k1921vg015.c:95
		else USBClock = SystemCoreClock;
80000ad8:	400007b7          	lui	a5,0x40000
80000adc:	2387a703          	lw	a4,568(a5) # 40000238 <SystemCoreClock>
80000ae0:	400007b7          	lui	a5,0x40000
80000ae4:	24e7a223          	sw	a4,580(a5) # 40000244 <USBClock>
C:\Users\Gutzakk\Desktop\Work\Workspace Synracore\C_new_project\Debug/../platform/source/system_k1921vg015.c:97
}
80000ae8:	0001                	nop
80000aea:	40ba                	lw	ra,140(sp)
80000aec:	442a                	lw	s0,136(sp)
80000aee:	491a                	lw	s2,132(sp)
80000af0:	498a                	lw	s3,128(sp)
80000af2:	5a76                	lw	s4,124(sp)
80000af4:	5ae6                	lw	s5,120(sp)
80000af6:	5b56                	lw	s6,116(sp)
80000af8:	5bc6                	lw	s7,112(sp)
80000afa:	5c36                	lw	s8,108(sp)
80000afc:	5ca6                	lw	s9,104(sp)
80000afe:	5d16                	lw	s10,100(sp)
80000b00:	5d86                	lw	s11,96(sp)
80000b02:	6149                	addi	sp,sp,144
80000b04:	8082                	ret

80000b06 <ClkInit>:
ClkInit():
C:\Users\Gutzakk\Desktop\Work\Workspace Synracore\C_new_project\Debug/../platform/source/system_k1921vg015.c:100

void ClkInit()
{
80000b06:	1101                	addi	sp,sp,-32
80000b08:	ce06                	sw	ra,28(sp)
80000b0a:	cc22                	sw	s0,24(sp)
80000b0c:	1000                	addi	s0,sp,32
C:\Users\Gutzakk\Desktop\Work\Workspace Synracore\C_new_project\Debug/../platform/source/system_k1921vg015.c:101
    uint32_t timeout_counter = 0;
80000b0e:	fe042623          	sw	zero,-20(s0)
C:\Users\Gutzakk\Desktop\Work\Workspace Synracore\C_new_project\Debug/../platform/source/system_k1921vg015.c:107
    uint32_t sysclk_source;

    //clockout control
    #ifndef CKO_NONE
        //C7 clockout
        RCU->CGCFGAHB_bit.GPIOCEN = 1;
80000b12:	3000e7b7          	lui	a5,0x3000e
80000b16:	0007d703          	lhu	a4,0(a5) # 3000e000 <STACK_SIZE+0x3000d800>
80000b1a:	40076713          	ori	a4,a4,1024
80000b1e:	00e79023          	sh	a4,0(a5)
C:\Users\Gutzakk\Desktop\Work\Workspace Synracore\C_new_project\Debug/../platform/source/system_k1921vg015.c:108
        RCU->RSTDISAHB_bit.GPIOCEN = 1;
80000b22:	3000e7b7          	lui	a5,0x3000e
80000b26:	0107d703          	lhu	a4,16(a5) # 3000e010 <STACK_SIZE+0x3000d810>
80000b2a:	40076713          	ori	a4,a4,1024
80000b2e:	00e79823          	sh	a4,16(a5)
C:\Users\Gutzakk\Desktop\Work\Workspace Synracore\C_new_project\Debug/../platform/source/system_k1921vg015.c:109
        GPIOC->ALTFUNCNUM_bit.PIN7 = 3;
80000b32:	280027b7          	lui	a5,0x28002
80000b36:	5fd4                	lw	a3,60(a5)
80000b38:	6731                	lui	a4,0xc
80000b3a:	8f55                	or	a4,a4,a3
80000b3c:	dfd8                	sw	a4,60(a5)
C:\Users\Gutzakk\Desktop\Work\Workspace Synracore\C_new_project\Debug/../platform/source/system_k1921vg015.c:110
        GPIOC->ALTFUNCSET_bit.PIN7 = 1;
80000b3e:	280027b7          	lui	a5,0x28002
80000b42:	0347d703          	lhu	a4,52(a5) # 28002034 <STACK_SIZE+0x28001834>
80000b46:	08076713          	ori	a4,a4,128
80000b4a:	02e79a23          	sh	a4,52(a5)
C:\Users\Gutzakk\Desktop\Work\Workspace Synracore\C_new_project\Debug/../platform/source/system_k1921vg015.c:124
        RCU->CLKOUTCFG = (RCU_CLKOUTCFG_CLKSEL_HSE << RCU_CLKOUTCFG_CLKSEL_Pos) |
				  	  	  (1 << RCU_CLKOUTCFG_DIVN_Pos) |
						  (0 << RCU_CLKOUTCFG_DIVEN_Pos) |
						  RCU_CLKOUTCFG_RSTDIS_Msk | RCU_CLKOUTCFG_CLKEN_Msk; //CKO = HSECLK
    #elif defined CKO_PLL0
        RCU->CLKOUTCFG = (RCU_CLKOUTCFG_CLKSEL_PLL0 << RCU_CLKOUTCFG_CLKSEL_Pos) |
80000b4e:	3000e7b7          	lui	a5,0x3000e
80000b52:	6745                	lui	a4,0x11
80000b54:	12170713          	addi	a4,a4,289 # 11121 <STACK_SIZE+0x10921>
80000b58:	0ae7ae23          	sw	a4,188(a5) # 3000e0bc <STACK_SIZE+0x3000d8bc>
C:\Users\Gutzakk\Desktop\Work\Workspace Synracore\C_new_project\Debug/../platform/source/system_k1921vg015.c:149
//select system clock
#ifdef SYSCLK_PLL
	//PLLCLK = REFCLK * (FBDIV+FRAC/2^24) / (REFDIV*(1+PD0A)*(1+PD0B))
	
	//select HSE as source system clock while config PLL
	RCU->SYSCLKCFG = (RCU_SYSCLKCFG_SRC_HSECLK << RCU_SYSCLKCFG_SRC_Pos);
80000b5c:	3000e7b7          	lui	a5,0x3000e
80000b60:	4705                	li	a4,1
80000b62:	db98                	sw	a4,48(a5)
C:\Users\Gutzakk\Desktop\Work\Workspace Synracore\C_new_project\Debug/../platform/source/system_k1921vg015.c:151
    // Wait switching done
    timeout_counter = 0;
80000b64:	fe042623          	sw	zero,-20(s0)
C:\Users\Gutzakk\Desktop\Work\Workspace Synracore\C_new_project\Debug/../platform/source/system_k1921vg015.c:152
    while ((RCU->CLKSTAT_bit.SRC != RCU->SYSCLKCFG_bit.SRC) && (timeout_counter < 100)){ //SYSCLK_SWITCH_TIMEOUT))
80000b68:	a031                	j	80000b74 <ClkInit+0x6e>
C:\Users\Gutzakk\Desktop\Work\Workspace Synracore\C_new_project\Debug/../platform/source/system_k1921vg015.c:153
        timeout_counter++;
80000b6a:	fec42783          	lw	a5,-20(s0)
80000b6e:	0785                	addi	a5,a5,1 # 3000e001 <STACK_SIZE+0x3000d801>
80000b70:	fef42623          	sw	a5,-20(s0)
C:\Users\Gutzakk\Desktop\Work\Workspace Synracore\C_new_project\Debug/../platform/source/system_k1921vg015.c:152
    while ((RCU->CLKSTAT_bit.SRC != RCU->SYSCLKCFG_bit.SRC) && (timeout_counter < 100)){ //SYSCLK_SWITCH_TIMEOUT))
80000b74:	3000e7b7          	lui	a5,0x3000e
80000b78:	5fdc                	lw	a5,60(a5)
80000b7a:	8b8d                	andi	a5,a5,3
80000b7c:	0ff7f713          	zext.b	a4,a5
80000b80:	3000e7b7          	lui	a5,0x3000e
80000b84:	5b9c                	lw	a5,48(a5)
80000b86:	8b8d                	andi	a5,a5,3
80000b88:	0ff7f793          	zext.b	a5,a5
80000b8c:	00f70863          	beq	a4,a5,80000b9c <ClkInit+0x96>
C:\Users\Gutzakk\Desktop\Work\Workspace Synracore\C_new_project\Debug/../platform/source/system_k1921vg015.c:152 (discriminator 1)
80000b90:	fec42703          	lw	a4,-20(s0)
80000b94:	06300793          	li	a5,99
80000b98:	fce7f9e3          	bgeu	a5,a4,80000b6a <ClkInit+0x64>
C:\Users\Gutzakk\Desktop\Work\Workspace Synracore\C_new_project\Debug/../platform/source/system_k1921vg015.c:188
	RCU->PLLSYSCFG1 = 0;          //FRAC = 0					 
	RCU->PLLSYSCFG2 = 100;         //FBDIV
#elif (HSECLK_VAL == 16000000)
// Fout0 = 50 000 000 Hz
// Fout1 = 25 000 000 Hz
	RCU->PLLSYSCFG0 =( 15 << RCU_PLLSYSCFG0_PD1B_Pos) |  //PD1B
80000b9c:	3000e7b7          	lui	a5,0x3000e
80000ba0:	1ec3e737          	lui	a4,0x1ec3e
80000ba4:	08770713          	addi	a4,a4,135 # 1ec3e087 <STACK_SIZE+0x1ec3d887>
80000ba8:	cbb8                	sw	a4,80(a5)
C:\Users\Gutzakk\Desktop\Work\Workspace Synracore\C_new_project\Debug/../platform/source/system_k1921vg015.c:198
					 ( 0 << RCU_PLLSYSCFG0_FOUTEN_Pos)    |  //fouten
					 ( 0 << RCU_PLLSYSCFG0_DSMEN_Pos)     |  //dsmen
					 ( 0 << RCU_PLLSYSCFG0_DACEN_Pos)     |  //dacen
					 ( 3 << RCU_PLLSYSCFG0_BYP_Pos)       |  //bypass
					 ( 1 << RCU_PLLSYSCFG0_PLLEN_Pos);       //en
	RCU->PLLSYSCFG1 = 0;          //FRAC = 0					 
80000baa:	3000e7b7          	lui	a5,0x3000e
80000bae:	0407aa23          	sw	zero,84(a5) # 3000e054 <STACK_SIZE+0x3000d854>
C:\Users\Gutzakk\Desktop\Work\Workspace Synracore\C_new_project\Debug/../platform/source/system_k1921vg015.c:199
	RCU->PLLSYSCFG2 = 100;         //FBDIV
80000bb2:	3000e7b7          	lui	a5,0x3000e
80000bb6:	06400713          	li	a4,100
80000bba:	cfb8                	sw	a4,88(a5)
C:\Users\Gutzakk\Desktop\Work\Workspace Synracore\C_new_project\Debug/../platform/source/system_k1921vg015.c:233
	RCU->PLLSYSCFG1 = 0;          //FRAC = 0					 
	RCU->PLLSYSCFG2 = 100;         //FBDIV
#else
#error "Please define HSECLK_VAL with correct values!"
#endif
	RCU->PLLSYSCFG0_bit.FOUTEN = 1; 	// Fout0 Enable
80000bbc:	3000e7b7          	lui	a5,0x3000e
80000bc0:	4bb8                	lw	a4,80(a5)
80000bc2:	f9f77713          	andi	a4,a4,-97
80000bc6:	02076713          	ori	a4,a4,32
80000bca:	cbb8                	sw	a4,80(a5)
C:\Users\Gutzakk\Desktop\Work\Workspace Synracore\C_new_project\Debug/../platform/source/system_k1921vg015.c:234
	timeout_counter = 1000;
80000bcc:	3e800793          	li	a5,1000
80000bd0:	fef42623          	sw	a5,-20(s0)
C:\Users\Gutzakk\Desktop\Work\Workspace Synracore\C_new_project\Debug/../platform/source/system_k1921vg015.c:235
	while(timeout_counter) timeout_counter--;
80000bd4:	a031                	j	80000be0 <ClkInit+0xda>
C:\Users\Gutzakk\Desktop\Work\Workspace Synracore\C_new_project\Debug/../platform/source/system_k1921vg015.c:235 (discriminator 2)
80000bd6:	fec42783          	lw	a5,-20(s0)
80000bda:	17fd                	addi	a5,a5,-1 # 3000dfff <STACK_SIZE+0x3000d7ff>
80000bdc:	fef42623          	sw	a5,-20(s0)
C:\Users\Gutzakk\Desktop\Work\Workspace Synracore\C_new_project\Debug/../platform/source/system_k1921vg015.c:235 (discriminator 1)
80000be0:	fec42783          	lw	a5,-20(s0)
80000be4:	fbed                	bnez	a5,80000bd6 <ClkInit+0xd0>
C:\Users\Gutzakk\Desktop\Work\Workspace Synracore\C_new_project\Debug/../platform/source/system_k1921vg015.c:236
	while((RCU->PLLSYSSTAT_bit.LOCK) != 1)
80000be6:	0001                	nop
C:\Users\Gutzakk\Desktop\Work\Workspace Synracore\C_new_project\Debug/../platform/source/system_k1921vg015.c:236 (discriminator 1)
80000be8:	3000e7b7          	lui	a5,0x3000e
80000bec:	53bc                	lw	a5,96(a5)
80000bee:	8b85                	andi	a5,a5,1
80000bf0:	0ff7f713          	zext.b	a4,a5
80000bf4:	4785                	li	a5,1
80000bf6:	fef719e3          	bne	a4,a5,80000be8 <ClkInit+0xe2>
C:\Users\Gutzakk\Desktop\Work\Workspace Synracore\C_new_project\Debug/../platform/source/system_k1921vg015.c:238
	{}; 								// wait lock signal
	RCU->PLLSYSCFG0_bit.BYP = 2; 		// Bypass for Fout1
80000bfa:	3000e7b7          	lui	a5,0x3000e
80000bfe:	4bb8                	lw	a4,80(a5)
80000c00:	9b65                	andi	a4,a4,-7
80000c02:	00476713          	ori	a4,a4,4
80000c06:	cbb8                	sw	a4,80(a5)
C:\Users\Gutzakk\Desktop\Work\Workspace Synracore\C_new_project\Debug/../platform/source/system_k1921vg015.c:240
	//select PLL as source system clock
	sysclk_source = RCU_SYSCLKCFG_SRC_SYSPLL0CLK;
80000c08:	4789                	li	a5,2
80000c0a:	fef42423          	sw	a5,-24(s0)
C:\Users\Gutzakk\Desktop\Work\Workspace Synracore\C_new_project\Debug/../platform/source/system_k1921vg015.c:242
    // FLASH control settings
    FLASH->CTRL_bit.LAT = 3;
80000c0e:	3000d7b7          	lui	a5,0x3000d
80000c12:	47f4                	lw	a3,76(a5)
80000c14:	fff10737          	lui	a4,0xfff10
80000c18:	177d                	addi	a4,a4,-1 # fff0ffff <__data_source_start+0x7ff08f5b>
80000c1a:	8ef9                	and	a3,a3,a4
80000c1c:	00030737          	lui	a4,0x30
80000c20:	8f55                	or	a4,a4,a3
80000c22:	c7f8                	sw	a4,76(a5)
C:\Users\Gutzakk\Desktop\Work\Workspace Synracore\C_new_project\Debug/../platform/source/system_k1921vg015.c:243
    FLASH->CTRL_bit.CEN = 1;
80000c24:	3000d7b7          	lui	a5,0x3000d
80000c28:	47f8                	lw	a4,76(a5)
80000c2a:	00276713          	ori	a4,a4,2
80000c2e:	c7f8                	sw	a4,76(a5)
C:\Users\Gutzakk\Desktop\Work\Workspace Synracore\C_new_project\Debug/../platform/source/system_k1921vg015.c:255
#else
#error "Please define SYSCLK source (SYSCLK_PLL | SYSCLK_HSE | SYSCLK_HSI | SYSCLK_LSI)!"
#endif

    //switch sysclk
    RCU->SYSCLKCFG = (sysclk_source << RCU_SYSCLKCFG_SRC_Pos);
80000c30:	3000e7b7          	lui	a5,0x3000e
80000c34:	fe842703          	lw	a4,-24(s0)
80000c38:	db98                	sw	a4,48(a5)
C:\Users\Gutzakk\Desktop\Work\Workspace Synracore\C_new_project\Debug/../platform/source/system_k1921vg015.c:257
    // Wait switching done
    timeout_counter = 0;
80000c3a:	fe042623          	sw	zero,-20(s0)
C:\Users\Gutzakk\Desktop\Work\Workspace Synracore\C_new_project\Debug/../platform/source/system_k1921vg015.c:258
    while ((RCU->CLKSTAT_bit.SRC != RCU->SYSCLKCFG_bit.SRC) && (timeout_counter < 100)) //SYSCLK_SWITCH_TIMEOUT))
80000c3e:	a031                	j	80000c4a <ClkInit+0x144>
C:\Users\Gutzakk\Desktop\Work\Workspace Synracore\C_new_project\Debug/../platform/source/system_k1921vg015.c:259
        timeout_counter++;
80000c40:	fec42783          	lw	a5,-20(s0)
80000c44:	0785                	addi	a5,a5,1 # 3000e001 <STACK_SIZE+0x3000d801>
80000c46:	fef42623          	sw	a5,-20(s0)
C:\Users\Gutzakk\Desktop\Work\Workspace Synracore\C_new_project\Debug/../platform/source/system_k1921vg015.c:258
    while ((RCU->CLKSTAT_bit.SRC != RCU->SYSCLKCFG_bit.SRC) && (timeout_counter < 100)) //SYSCLK_SWITCH_TIMEOUT))
80000c4a:	3000e7b7          	lui	a5,0x3000e
80000c4e:	5fdc                	lw	a5,60(a5)
80000c50:	8b8d                	andi	a5,a5,3
80000c52:	0ff7f713          	zext.b	a4,a5
80000c56:	3000e7b7          	lui	a5,0x3000e
80000c5a:	5b9c                	lw	a5,48(a5)
80000c5c:	8b8d                	andi	a5,a5,3
80000c5e:	0ff7f793          	zext.b	a5,a5
80000c62:	00f70863          	beq	a4,a5,80000c72 <ClkInit+0x16c>
C:\Users\Gutzakk\Desktop\Work\Workspace Synracore\C_new_project\Debug/../platform/source/system_k1921vg015.c:258 (discriminator 1)
80000c66:	fec42703          	lw	a4,-20(s0)
80000c6a:	06300793          	li	a5,99
80000c6e:	fce7f9e3          	bgeu	a5,a4,80000c40 <ClkInit+0x13a>
C:\Users\Gutzakk\Desktop\Work\Workspace Synracore\C_new_project\Debug/../platform/source/system_k1921vg015.c:264
/*    if (timeout_counter == SYSCLK_SWITCH_TIMEOUT) //SYSCLK failed to switch
        while (1) {
        };*/

}
80000c72:	0001                	nop
80000c74:	40f2                	lw	ra,28(sp)
80000c76:	4462                	lw	s0,24(sp)
80000c78:	6105                	addi	sp,sp,32
80000c7a:	8082                	ret

80000c7c <InterruptEnable>:
InterruptEnable():
C:\Users\Gutzakk\Desktop\Work\Workspace Synracore\C_new_project\Debug/../platform/source/system_k1921vg015.c:267

void InterruptEnable()
{
80000c7c:	1101                	addi	sp,sp,-32
80000c7e:	ce06                	sw	ra,28(sp)
80000c80:	cc22                	sw	s0,24(sp)
80000c82:	1000                	addi	s0,sp,32
C:\Users\Gutzakk\Desktop\Work\Workspace Synracore\C_new_project\Debug/../platform/source/system_k1921vg015.c:269
	// Р Р°Р·СЂРµС€Р°РµРј РІСЃРµ РїСЂРµСЂС‹РІР°РЅРёСЏ РІ machine mode
	PLIC_SetThreshold (Plic_Mach_Target, 0);
80000c84:	4581                	li	a1,0
80000c86:	4501                	li	a0,0
80000c88:	3059                	jal	8000050e <PLIC_SetThreshold>
C:\Users\Gutzakk\Desktop\Work\Workspace Synracore\C_new_project\Debug/../platform/source/system_k1921vg015.c:271
    // Р’С‹РєР»СЋС‡Р°РµРј РїСЂРµСЂС‹РІР°РЅРёРµ РѕС‚ MTIMER (РµСЃР»Рё MTIMER РёСЃРїРѕР»СЊР·СѓРµС‚СЃСЏ РІ РїСЂРѕРµРєС‚Рµ - Р·Р°РєРѕРјРјРµРЅС‚РёСЂРѕРІР°С‚СЊ СЃР»РµРґСѓСЋС‰СѓСЋ СЃС‚СЂРѕРєСѓ)
    clear_csr(mie, MIE_MTIMER);
80000c8a:	08000793          	li	a5,128
80000c8e:	fef42623          	sw	a5,-20(s0)
80000c92:	fec42783          	lw	a5,-20(s0)
80000c96:	3047b7f3          	csrrc	a5,mie,a5
80000c9a:	fef42623          	sw	a5,-20(s0)
C:\Users\Gutzakk\Desktop\Work\Workspace Synracore\C_new_project\Debug/../platform/source/system_k1921vg015.c:273
    // Р Р°Р·СЂРµС€Р°РµРј РІРЅРµС€РЅРµРµ РїСЂРµСЂС‹РІР°РЅРёРµ (PLIC) РІ machine mode
    set_csr(mie, MIE_MEXTERNAL);
80000c9e:	6785                	lui	a5,0x1
80000ca0:	80078793          	addi	a5,a5,-2048 # 800 <STACK_SIZE>
80000ca4:	fef42423          	sw	a5,-24(s0)
80000ca8:	fe842783          	lw	a5,-24(s0)
80000cac:	3047a7f3          	csrrs	a5,mie,a5
80000cb0:	fef42423          	sw	a5,-24(s0)
C:\Users\Gutzakk\Desktop\Work\Workspace Synracore\C_new_project\Debug/../platform/source/system_k1921vg015.c:275
    // Р Р°Р·СЂРµС€Р°РµРј РїСЂРµСЂС‹РІР°РЅРёСЏ РЅР° РіР»РѕР±Р°Р»СЊРЅРѕРј СѓСЂРѕРІРЅРµ
    set_csr(mstatus, MSTATUS_MIE);
80000cb4:	47a1                	li	a5,8
80000cb6:	fef42223          	sw	a5,-28(s0)
80000cba:	fe442783          	lw	a5,-28(s0)
80000cbe:	3007a7f3          	csrrs	a5,mstatus,a5
80000cc2:	fef42223          	sw	a5,-28(s0)
C:\Users\Gutzakk\Desktop\Work\Workspace Synracore\C_new_project\Debug/../platform/source/system_k1921vg015.c:276
}
80000cc6:	0001                	nop
80000cc8:	40f2                	lw	ra,28(sp)
80000cca:	4462                	lw	s0,24(sp)
80000ccc:	6105                	addi	sp,sp,32
80000cce:	8082                	ret

80000cd0 <SystemInit>:
SystemInit():
C:\Users\Gutzakk\Desktop\Work\Workspace Synracore\C_new_project\Debug/../platform/source/system_k1921vg015.c:289
    // Р—Р°РїСЂРµС‰Р°РµРј РїСЂРµСЂС‹РІР°РЅРёСЏ РЅР° РіР»РѕР±Р°Р»СЊРЅРѕРј СѓСЂРѕРІРЅРµ
    clear_csr(mstatus, MSTATUS_MIE);
}

void SystemInit(void)
{
80000cd0:	1141                	addi	sp,sp,-16
80000cd2:	c606                	sw	ra,12(sp)
80000cd4:	c422                	sw	s0,8(sp)
80000cd6:	0800                	addi	s0,sp,16
C:\Users\Gutzakk\Desktop\Work\Workspace Synracore\C_new_project\Debug/../platform/source/system_k1921vg015.c:290
	ClkInit();
80000cd8:	353d                	jal	80000b06 <ClkInit>
C:\Users\Gutzakk\Desktop\Work\Workspace Synracore\C_new_project\Debug/../platform/source/system_k1921vg015.c:291
}
80000cda:	0001                	nop
80000cdc:	40b2                	lw	ra,12(sp)
80000cde:	4422                	lw	s0,8(sp)
80000ce0:	0141                	addi	sp,sp,16
80000ce2:	8082                	ret

80000ce4 <main>:
main():
C:\Users\Gutzakk\Desktop\Work\Workspace Synracore\C_new_project\Debug/../app/main.c:854
void FLASH_Window_init(char* str, uint8_t size, char* str1, uint8_t size1);



int main(void)
{
80000ce4:	1141                	addi	sp,sp,-16
80000ce6:	c606                	sw	ra,12(sp)
80000ce8:	c422                	sw	s0,8(sp)
80000cea:	0800                	addi	s0,sp,16
C:\Users\Gutzakk\Desktop\Work\Workspace Synracore\C_new_project\Debug/../app/main.c:855
	SystemInit();
80000cec:	37d5                	jal	80000cd0 <SystemInit>
C:\Users\Gutzakk\Desktop\Work\Workspace Synracore\C_new_project\Debug/../app/main.c:857

	SystemCoreClockUpdate();
80000cee:	38f5                	jal	800005ea <SystemCoreClockUpdate>
C:\Users\Gutzakk\Desktop\Work\Workspace Synracore\C_new_project\Debug/../app/main.c:860


	GPIO_init();
80000cf0:	2549                	jal	80001372 <GPIO_init>
C:\Users\Gutzakk\Desktop\Work\Workspace Synracore\C_new_project\Debug/../app/main.c:862

	TMR32_init(&SystemCoreClock);
80000cf2:	400007b7          	lui	a5,0x40000
80000cf6:	23878513          	addi	a0,a5,568 # 40000238 <SystemCoreClock>
80000cfa:	24a5                	jal	80000f62 <TMR32_init>
C:\Users\Gutzakk\Desktop\Work\Workspace Synracore\C_new_project\Debug/../app/main.c:864

	TMR1_init();
80000cfc:	2659                	jal	80001082 <TMR1_init>
C:\Users\Gutzakk\Desktop\Work\Workspace Synracore\C_new_project\Debug/../app/main.c:866

	UART2_init();
80000cfe:	3f3000ef          	jal	800018f0 <UART2_init>
C:\Users\Gutzakk\Desktop\Work\Workspace Synracore\C_new_project\Debug/../app/main.c:868

    SPI0_init();
80000d02:	5e5000ef          	jal	80001ae6 <SPI0_init>
C:\Users\Gutzakk\Desktop\Work\Workspace Synracore\C_new_project\Debug/../app/main.c:870

    DMA_GLOBAL_init();
80000d06:	74d000ef          	jal	80001c52 <DMA_GLOBAL_init>
C:\Users\Gutzakk\Desktop\Work\Workspace Synracore\C_new_project\Debug/../app/main.c:874


	/*============Разрешение прерываний (!разобраться!)==================*/
    InterruptEnable();
80000d0a:	3f8d                	jal	80000c7c <InterruptEnable>
C:\Users\Gutzakk\Desktop\Work\Workspace Synracore\C_new_project\Debug/../app/main.c:878


    /*============Запуск экранчика==================*/
    OLED_Init();
80000d0c:	44b010ef          	jal	80002956 <OLED_Init>
C:\Users\Gutzakk\Desktop\Work\Workspace Synracore\C_new_project\Debug/../app/main.c:879
    OLED_clear();
80000d10:	625010ef          	jal	80002b34 <OLED_clear>
C:\Users\Gutzakk\Desktop\Work\Workspace Synracore\C_new_project\Debug/../app/main.c:880
    Picture_display(picture_tab);
80000d14:	800057b7          	lui	a5,0x80005
80000d18:	e7078513          	addi	a0,a5,-400 # 80004e70 <picture_tab>
80000d1c:	6d3010ef          	jal	80002bee <Picture_display>
C:\Users\Gutzakk\Desktop\Work\Workspace Synracore\C_new_project\Debug/../app/main.c:884


    /*============Берем данные из памяти для актуализации==================*/
    FLASH_Window_init(window_1, sizeof(window_1), window1_12, sizeof(window1_12));
80000d20:	4699                	li	a3,6
80000d22:	400007b7          	lui	a5,0x40000
80000d26:	00478613          	addi	a2,a5,4 # 40000004 <window1_12>
80000d2a:	02100593          	li	a1,33
80000d2e:	400007b7          	lui	a5,0x40000
80000d32:	10c78513          	addi	a0,a5,268 # 4000010c <window_1>
80000d36:	46a020ef          	jal	800031a0 <FLASH_Window_init>
C:\Users\Gutzakk\Desktop\Work\Workspace Synracore\C_new_project\Debug/../app/main.c:888



	Delay_ms(1500);
80000d3a:	5dc00513          	li	a0,1500
80000d3e:	2ad5                	jal	80000f32 <Delay_ms>
C:\Users\Gutzakk\Desktop\Work\Workspace Synracore\C_new_project\Debug/../app/main.c:889
    OLED_clear();
80000d40:	5f5010ef          	jal	80002b34 <OLED_clear>
C:\Users\Gutzakk\Desktop\Work\Workspace Synracore\C_new_project\Debug/../app/main.c:890
    DMA_Collect_Row(0, 0, window_1);
80000d44:	400007b7          	lui	a5,0x40000
80000d48:	10c78613          	addi	a2,a5,268 # 4000010c <window_1>
80000d4c:	4581                	li	a1,0
80000d4e:	4501                	li	a0,0
80000d50:	7e9010ef          	jal	80002d38 <DMA_Collect_Row>
C:\Users\Gutzakk\Desktop\Work\Workspace Synracore\C_new_project\Debug/../app/main.c:895


    while(1)
    {
    	while (start_write_func != start_exe_func)
80000d54:	a869                	j	80000dee <main+0x10a>
C:\Users\Gutzakk\Desktop\Work\Workspace Synracore\C_new_project\Debug/../app/main.c:897
    	{
    		table[packet[start_exe_func].cmd](packet[start_exe_func].data, window_1, sizeof(window_1));
80000d56:	400007b7          	lui	a5,0x40000
80000d5a:	24f7c783          	lbu	a5,591(a5) # 4000024f <start_exe_func>
80000d5e:	0ff7f793          	zext.b	a5,a5
80000d62:	873e                	mv	a4,a5
80000d64:	400017b7          	lui	a5,0x40001
80000d68:	d0078693          	addi	a3,a5,-768 # 40000d00 <packet>
80000d6c:	87ba                	mv	a5,a4
80000d6e:	078e                	slli	a5,a5,0x3
80000d70:	8f99                	sub	a5,a5,a4
80000d72:	078a                	slli	a5,a5,0x2
80000d74:	8f99                	sub	a5,a5,a4
80000d76:	97b6                	add	a5,a5,a3
80000d78:	0017c783          	lbu	a5,1(a5)
80000d7c:	86be                	mv	a3,a5
80000d7e:	400007b7          	lui	a5,0x40000
80000d82:	13078713          	addi	a4,a5,304 # 40000130 <table>
80000d86:	00269793          	slli	a5,a3,0x2
80000d8a:	97ba                	add	a5,a5,a4
80000d8c:	4394                	lw	a3,0(a5)
80000d8e:	400007b7          	lui	a5,0x40000
80000d92:	24f7c783          	lbu	a5,591(a5) # 4000024f <start_exe_func>
80000d96:	0ff7f793          	zext.b	a5,a5
80000d9a:	873e                	mv	a4,a5
80000d9c:	87ba                	mv	a5,a4
80000d9e:	078e                	slli	a5,a5,0x3
80000da0:	8f99                	sub	a5,a5,a4
80000da2:	078a                	slli	a5,a5,0x2
80000da4:	8f99                	sub	a5,a5,a4
80000da6:	40001737          	lui	a4,0x40001
80000daa:	d0070713          	addi	a4,a4,-768 # 40000d00 <packet>
80000dae:	97ba                	add	a5,a5,a4
80000db0:	00278713          	addi	a4,a5,2
80000db4:	02100613          	li	a2,33
80000db8:	400007b7          	lui	a5,0x40000
80000dbc:	10c78593          	addi	a1,a5,268 # 4000010c <window_1>
80000dc0:	853a                	mv	a0,a4
80000dc2:	9682                	jalr	a3
C:\Users\Gutzakk\Desktop\Work\Workspace Synracore\C_new_project\Debug/../app/main.c:899

    		start_exe_func = (start_exe_func + 1) % QUEUE_SIZE;
80000dc4:	400007b7          	lui	a5,0x40000
80000dc8:	24f7c783          	lbu	a5,591(a5) # 4000024f <start_exe_func>
80000dcc:	0ff7f793          	zext.b	a5,a5
80000dd0:	00178713          	addi	a4,a5,1
80000dd4:	41f75793          	srai	a5,a4,0x1f
80000dd8:	83f9                	srli	a5,a5,0x1e
80000dda:	973e                	add	a4,a4,a5
80000ddc:	8b0d                	andi	a4,a4,3
80000dde:	40f707b3          	sub	a5,a4,a5
80000de2:	0ff7f713          	zext.b	a4,a5
80000de6:	400007b7          	lui	a5,0x40000
80000dea:	24e787a3          	sb	a4,591(a5) # 4000024f <start_exe_func>
C:\Users\Gutzakk\Desktop\Work\Workspace Synracore\C_new_project\Debug/../app/main.c:895
    	while (start_write_func != start_exe_func)
80000dee:	400007b7          	lui	a5,0x40000
80000df2:	24e7c783          	lbu	a5,590(a5) # 4000024e <start_write_func>
80000df6:	0ff7f713          	zext.b	a4,a5
80000dfa:	400007b7          	lui	a5,0x40000
80000dfe:	24f7c783          	lbu	a5,591(a5) # 4000024f <start_exe_func>
80000e02:	0ff7f793          	zext.b	a5,a5
80000e06:	f4f718e3          	bne	a4,a5,80000d56 <main+0x72>
C:\Users\Gutzakk\Desktop\Work\Workspace Synracore\C_new_project\Debug/../app/main.c:903
    	}


    	Draw_Cursor(cursor_x, cursor_y, 1);
80000e0a:	400007b7          	lui	a5,0x40000
80000e0e:	26a7c783          	lbu	a5,618(a5) # 4000026a <cursor_x>
80000e12:	0ff7f713          	zext.b	a4,a5
80000e16:	400007b7          	lui	a5,0x40000
80000e1a:	0037c783          	lbu	a5,3(a5) # 40000003 <cursor_y>
80000e1e:	0ff7f793          	zext.b	a5,a5
80000e22:	4605                	li	a2,1
80000e24:	85be                	mv	a1,a5
80000e26:	853a                	mv	a0,a4
80000e28:	19e020ef          	jal	80002fc6 <Draw_Cursor>
C:\Users\Gutzakk\Desktop\Work\Workspace Synracore\C_new_project\Debug/../app/main.c:904
    	Delay_ms(200);
80000e2c:	0c800513          	li	a0,200
80000e30:	2209                	jal	80000f32 <Delay_ms>
C:\Users\Gutzakk\Desktop\Work\Workspace Synracore\C_new_project\Debug/../app/main.c:905
    	Draw_Cursor(cursor_x, cursor_y, 0);
80000e32:	400007b7          	lui	a5,0x40000
80000e36:	26a7c783          	lbu	a5,618(a5) # 4000026a <cursor_x>
80000e3a:	0ff7f713          	zext.b	a4,a5
80000e3e:	400007b7          	lui	a5,0x40000
80000e42:	0037c783          	lbu	a5,3(a5) # 40000003 <cursor_y>
80000e46:	0ff7f793          	zext.b	a5,a5
80000e4a:	4601                	li	a2,0
80000e4c:	85be                	mv	a1,a5
80000e4e:	853a                	mv	a0,a4
80000e50:	176020ef          	jal	80002fc6 <Draw_Cursor>
C:\Users\Gutzakk\Desktop\Work\Workspace Synracore\C_new_project\Debug/../app/main.c:906
    	Delay_ms(200);
80000e54:	0c800513          	li	a0,200
80000e58:	28e9                	jal	80000f32 <Delay_ms>
C:\Users\Gutzakk\Desktop\Work\Workspace Synracore\C_new_project\Debug/../app/main.c:909


    	while (isEditing)
80000e5a:	a829                	j	80000e74 <main+0x190>
C:\Users\Gutzakk\Desktop\Work\Workspace Synracore\C_new_project\Debug/../app/main.c:911
    	{
    		Inversion_Square(0);
80000e5c:	4501                	li	a0,0
80000e5e:	204020ef          	jal	80003062 <Inversion_Square>
C:\Users\Gutzakk\Desktop\Work\Workspace Synracore\C_new_project\Debug/../app/main.c:912
    		Delay_ms(200);
80000e62:	0c800513          	li	a0,200
80000e66:	20f1                	jal	80000f32 <Delay_ms>
C:\Users\Gutzakk\Desktop\Work\Workspace Synracore\C_new_project\Debug/../app/main.c:913
    		Inversion_Square(1);
80000e68:	4505                	li	a0,1
80000e6a:	1f8020ef          	jal	80003062 <Inversion_Square>
C:\Users\Gutzakk\Desktop\Work\Workspace Synracore\C_new_project\Debug/../app/main.c:914
    		Delay_ms(200);
80000e6e:	0c800513          	li	a0,200
80000e72:	20c1                	jal	80000f32 <Delay_ms>
C:\Users\Gutzakk\Desktop\Work\Workspace Synracore\C_new_project\Debug/../app/main.c:909
    	while (isEditing)
80000e74:	400007b7          	lui	a5,0x40000
80000e78:	2687c783          	lbu	a5,616(a5) # 40000268 <isEditing>
80000e7c:	0ff7f793          	zext.b	a5,a5
80000e80:	fff1                	bnez	a5,80000e5c <main+0x178>
C:\Users\Gutzakk\Desktop\Work\Workspace Synracore\C_new_project\Debug/../app/main.c:918
    	}


    	if(need_window1)
80000e82:	400007b7          	lui	a5,0x40000
80000e86:	2697c783          	lbu	a5,617(a5) # 40000269 <need_window1>
80000e8a:	0ff7f793          	zext.b	a5,a5
80000e8e:	d3a5                	beqz	a5,80000dee <main+0x10a>
C:\Users\Gutzakk\Desktop\Work\Workspace Synracore\C_new_project\Debug/../app/main.c:923
    	{
			uint32_t data_FLASH;


		    FLASH->ADDR = MEM_FLASH_BASE + MEM_FLASH_PAGE_SIZE * (MEM_FLASH_PAGE_TOTAL - 1);
80000e90:	3000d7b7          	lui	a5,0x3000d
80000e94:	800ff737          	lui	a4,0x800ff
80000e98:	c398                	sw	a4,0(a5)
C:\Users\Gutzakk\Desktop\Work\Workspace Synracore\C_new_project\Debug/../app/main.c:924
		    FLASH->CMD = (0xC0DE << 16) | (1 << 2);//ключ + чистка области
80000e9a:	3000d7b7          	lui	a5,0x3000d
80000e9e:	c0de0737          	lui	a4,0xc0de0
80000ea2:	0711                	addi	a4,a4,4 # c0de0004 <__data_source_start+0x40dd8f60>
80000ea4:	c3f8                	sw	a4,68(a5)
C:\Users\Gutzakk\Desktop\Work\Workspace Synracore\C_new_project\Debug/../app/main.c:925
		    while (FLASH->STAT & 1);//ожидание конца
80000ea6:	0001                	nop
C:\Users\Gutzakk\Desktop\Work\Workspace Synracore\C_new_project\Debug/../app/main.c:925 (discriminator 1)
80000ea8:	3000d7b7          	lui	a5,0x3000d
80000eac:	47bc                	lw	a5,72(a5)
80000eae:	8b85                	andi	a5,a5,1
80000eb0:	ffe5                	bnez	a5,80000ea8 <main+0x1c4>
C:\Users\Gutzakk\Desktop\Work\Workspace Synracore\C_new_project\Debug/../app/main.c:928


		    FLASH->ADDR = MEM_FLASH_BASE + MEM_FLASH_PAGE_SIZE * (MEM_FLASH_PAGE_TOTAL - 1);//2 страница флеш-памяти
80000eb2:	3000d7b7          	lui	a5,0x3000d
80000eb6:	800ff737          	lui	a4,0x800ff
80000eba:	c398                	sw	a4,0(a5)
C:\Users\Gutzakk\Desktop\Work\Workspace Synracore\C_new_project\Debug/../app/main.c:929
		    FLASH->DATA[0].DATA = (uint8_t)window1_12[current_window1_1] | ((uint8_t)window1_12[current_window1_2] << 8);
80000ebc:	400007b7          	lui	a5,0x40000
80000ec0:	0017c783          	lbu	a5,1(a5) # 40000001 <current_window1_1>
80000ec4:	0ff7f793          	zext.b	a5,a5
80000ec8:	873e                	mv	a4,a5
80000eca:	400007b7          	lui	a5,0x40000
80000ece:	00478793          	addi	a5,a5,4 # 40000004 <window1_12>
80000ed2:	97ba                	add	a5,a5,a4
80000ed4:	00078783          	lb	a5,0(a5)
80000ed8:	0ff7f793          	zext.b	a5,a5
80000edc:	873e                	mv	a4,a5
80000ede:	400007b7          	lui	a5,0x40000
80000ee2:	0027c783          	lbu	a5,2(a5) # 40000002 <current_window1_2>
80000ee6:	0ff7f793          	zext.b	a5,a5
80000eea:	86be                	mv	a3,a5
80000eec:	400007b7          	lui	a5,0x40000
80000ef0:	00478793          	addi	a5,a5,4 # 40000004 <window1_12>
80000ef4:	97b6                	add	a5,a5,a3
80000ef6:	00078783          	lb	a5,0(a5)
80000efa:	0ff7f793          	zext.b	a5,a5
80000efe:	07a2                	slli	a5,a5,0x8
80000f00:	8f5d                	or	a4,a4,a5
80000f02:	3000d7b7          	lui	a5,0x3000d
80000f06:	c3d8                	sw	a4,4(a5)
C:\Users\Gutzakk\Desktop\Work\Workspace Synracore\C_new_project\Debug/../app/main.c:930
		    FLASH->CMD = (0xC0DE << 16) | (1 << 1);//ключ + запись в область
80000f08:	3000d7b7          	lui	a5,0x3000d
80000f0c:	c0de0737          	lui	a4,0xc0de0
80000f10:	0709                	addi	a4,a4,2 # c0de0002 <__data_source_start+0x40dd8f5e>
80000f12:	c3f8                	sw	a4,68(a5)
C:\Users\Gutzakk\Desktop\Work\Workspace Synracore\C_new_project\Debug/../app/main.c:931
		    while (FLASH->STAT & 1);//ожидание конца
80000f14:	0001                	nop
C:\Users\Gutzakk\Desktop\Work\Workspace Synracore\C_new_project\Debug/../app/main.c:931 (discriminator 1)
80000f16:	3000d7b7          	lui	a5,0x3000d
80000f1a:	47bc                	lw	a5,72(a5)
80000f1c:	8b85                	andi	a5,a5,1
80000f1e:	ffe5                	bnez	a5,80000f16 <main+0x232>
C:\Users\Gutzakk\Desktop\Work\Workspace Synracore\C_new_project\Debug/../app/main.c:933

			need_window1 = 0;
80000f20:	400007b7          	lui	a5,0x40000
80000f24:	260784a3          	sb	zero,617(a5) # 40000269 <need_window1>
C:\Users\Gutzakk\Desktop\Work\Workspace Synracore\C_new_project\Debug/../app/main.c:934
			GPIOC->DATAOUTTGL = 1;
80000f28:	280027b7          	lui	a5,0x28002
80000f2c:	4705                	li	a4,1
80000f2e:	cb98                	sw	a4,16(a5)
C:\Users\Gutzakk\Desktop\Work\Workspace Synracore\C_new_project\Debug/../app/main.c:895
    	while (start_write_func != start_exe_func)
80000f30:	bd7d                	j	80000dee <main+0x10a>

80000f32 <Delay_ms>:
Delay_ms():
C:\Users\Gutzakk\Desktop\Work\Workspace Synracore\C_new_project\Debug/../app/main.c:944



/*============Функция задержки мс==================*/
void Delay_ms(uint32_t Milliseconds)
{
80000f32:	1101                	addi	sp,sp,-32
80000f34:	ce06                	sw	ra,28(sp)
80000f36:	cc22                	sw	s0,24(sp)
80000f38:	1000                	addi	s0,sp,32
80000f3a:	fea42623          	sw	a0,-20(s0)
C:\Users\Gutzakk\Desktop\Work\Workspace Synracore\C_new_project\Debug/../app/main.c:945
	Delay_counter_ms = Milliseconds;
80000f3e:	400007b7          	lui	a5,0x40000
80000f42:	fec42703          	lw	a4,-20(s0)
80000f46:	24e7aa23          	sw	a4,596(a5) # 40000254 <Delay_counter_ms>
C:\Users\Gutzakk\Desktop\Work\Workspace Synracore\C_new_project\Debug/../app/main.c:946
	while (Delay_counter_ms != 0);
80000f4a:	0001                	nop
C:\Users\Gutzakk\Desktop\Work\Workspace Synracore\C_new_project\Debug/../app/main.c:946 (discriminator 1)
80000f4c:	400007b7          	lui	a5,0x40000
80000f50:	2547a783          	lw	a5,596(a5) # 40000254 <Delay_counter_ms>
80000f54:	ffe5                	bnez	a5,80000f4c <Delay_ms+0x1a>
C:\Users\Gutzakk\Desktop\Work\Workspace Synracore\C_new_project\Debug/../app/main.c:947
}
80000f56:	0001                	nop
80000f58:	0001                	nop
80000f5a:	40f2                	lw	ra,28(sp)
80000f5c:	4462                	lw	s0,24(sp)
80000f5e:	6105                	addi	sp,sp,32
80000f60:	8082                	ret

80000f62 <TMR32_init>:
TMR32_init():
C:\Users\Gutzakk\Desktop\Work\Workspace Synracore\C_new_project\Debug/../app/main.c:953



/*============Настройка TMR32==================*/
void TMR32_init(uint32_t *SystemCoreClock)
{
80000f62:	1101                	addi	sp,sp,-32
80000f64:	ce06                	sw	ra,28(sp)
80000f66:	cc22                	sw	s0,24(sp)
80000f68:	1000                	addi	s0,sp,32
80000f6a:	fea42623          	sw	a0,-20(s0)
C:\Users\Gutzakk\Desktop\Work\Workspace Synracore\C_new_project\Debug/../app/main.c:954
	RCU->CGCFGAPB |= 1;
80000f6e:	3000e7b7          	lui	a5,0x3000e
80000f72:	4798                	lw	a4,8(a5)
80000f74:	3000e7b7          	lui	a5,0x3000e
80000f78:	00176713          	ori	a4,a4,1
80000f7c:	c798                	sw	a4,8(a5)
C:\Users\Gutzakk\Desktop\Work\Workspace Synracore\C_new_project\Debug/../app/main.c:955
	RCU->RSTDISAPB |= 1;
80000f7e:	3000e7b7          	lui	a5,0x3000e
80000f82:	4f98                	lw	a4,24(a5)
80000f84:	3000e7b7          	lui	a5,0x3000e
80000f88:	00176713          	ori	a4,a4,1
80000f8c:	cf98                	sw	a4,24(a5)
C:\Users\Gutzakk\Desktop\Work\Workspace Synracore\C_new_project\Debug/../app/main.c:957

	TMR32->CAPCOM[0].VAL = (*SystemCoreClock / 1000) - 1;//Период отсчета
80000f8e:	fec42783          	lw	a5,-20(s0)
80000f92:	4398                	lw	a4,0(a5)
80000f94:	106257b7          	lui	a5,0x10625
80000f98:	dd378793          	addi	a5,a5,-557 # 10624dd3 <STACK_SIZE+0x106245d3>
80000f9c:	02f737b3          	mulhu	a5,a4,a5
80000fa0:	0067d713          	srli	a4,a5,0x6
80000fa4:	300007b7          	lui	a5,0x30000
80000fa8:	177d                	addi	a4,a4,-1
80000faa:	cfd8                	sw	a4,28(a5)
C:\Users\Gutzakk\Desktop\Work\Workspace Synracore\C_new_project\Debug/../app/main.c:958
	TMR32->COUNT = (TMR32->COUNT & ~0xFFFFFFFF) | ((*SystemCoreClock / 1000) - 1);//Текущее значение таймера
80000fac:	300007b7          	lui	a5,0x30000
80000fb0:	43dc                	lw	a5,4(a5)
80000fb2:	fec42783          	lw	a5,-20(s0)
80000fb6:	4398                	lw	a4,0(a5)
80000fb8:	106257b7          	lui	a5,0x10625
80000fbc:	dd378793          	addi	a5,a5,-557 # 10624dd3 <STACK_SIZE+0x106245d3>
80000fc0:	02f737b3          	mulhu	a5,a4,a5
80000fc4:	0067d713          	srli	a4,a5,0x6
80000fc8:	300007b7          	lui	a5,0x30000
80000fcc:	177d                	addi	a4,a4,-1
80000fce:	c3d8                	sw	a4,4(a5)
C:\Users\Gutzakk\Desktop\Work\Workspace Synracore\C_new_project\Debug/../app/main.c:960

	TMR32->CTRL = (TMR32->CTRL & ~(0b00 << 4)) | (0b01 << 4);//режим счета вверх
80000fd0:	300007b7          	lui	a5,0x30000
80000fd4:	4398                	lw	a4,0(a5)
80000fd6:	300007b7          	lui	a5,0x30000
80000fda:	01076713          	ori	a4,a4,16
80000fde:	c398                	sw	a4,0(a5)
C:\Users\Gutzakk\Desktop\Work\Workspace Synracore\C_new_project\Debug/../app/main.c:961
	TMR32->CTRL &= ~(0b1 << 8);//источник тактирования sysclk
80000fe0:	300007b7          	lui	a5,0x30000
80000fe4:	4398                	lw	a4,0(a5)
80000fe6:	300007b7          	lui	a5,0x30000
80000fea:	eff77713          	andi	a4,a4,-257
80000fee:	c398                	sw	a4,0(a5)
C:\Users\Gutzakk\Desktop\Work\Workspace Synracore\C_new_project\Debug/../app/main.c:962
	TMR32->CTRL &= ~(0b00 << 6);//деление на 1
80000ff0:	30000737          	lui	a4,0x30000
80000ff4:	300007b7          	lui	a5,0x30000
80000ff8:	4318                	lw	a4,0(a4)
80000ffa:	c398                	sw	a4,0(a5)
C:\Users\Gutzakk\Desktop\Work\Workspace Synracore\C_new_project\Debug/../app/main.c:964

	TMR32->IM |= 1 << 1;//Разрешаем прерывание по совпадению значения счетчика и CAPCOM[0]
80000ffc:	300007b7          	lui	a5,0x30000
80001000:	4798                	lw	a4,8(a5)
80001002:	300007b7          	lui	a5,0x30000
80001006:	00276713          	ori	a4,a4,2
8000100a:	c798                	sw	a4,8(a5)
C:\Users\Gutzakk\Desktop\Work\Workspace Synracore\C_new_project\Debug/../app/main.c:967

	// Настраиваем обработчик прерывания для TMR32
	PLIC_SetIrqHandler (Plic_Mach_Target, IsrVect_IRQ_TMR32, TMR32_IRQHandler);
8000100c:	800017b7          	lui	a5,0x80001
80001010:	03678613          	addi	a2,a5,54 # 80001036 <TMR32_IRQHandler>
80001014:	4599                	li	a1,6
80001016:	4501                	li	a0,0
80001018:	b6cff0ef          	jal	80000384 <PLIC_SetIrqHandler>
C:\Users\Gutzakk\Desktop\Work\Workspace Synracore\C_new_project\Debug/../app/main.c:968
	PLIC_SetPriority   (IsrVect_IRQ_TMR32, 0x1);
8000101c:	4585                	li	a1,1
8000101e:	4519                	li	a0,6
80001020:	bb8ff0ef          	jal	800003d8 <PLIC_SetPriority>
C:\Users\Gutzakk\Desktop\Work\Workspace Synracore\C_new_project\Debug/../app/main.c:969
	PLIC_IntEnable     (Plic_Mach_Target, IsrVect_IRQ_TMR32);
80001024:	4599                	li	a1,6
80001026:	4501                	li	a0,0
80001028:	bdeff0ef          	jal	80000406 <PLIC_IntEnable>
C:\Users\Gutzakk\Desktop\Work\Workspace Synracore\C_new_project\Debug/../app/main.c:970
}
8000102c:	0001                	nop
8000102e:	40f2                	lw	ra,28(sp)
80001030:	4462                	lw	s0,24(sp)
80001032:	6105                	addi	sp,sp,32
80001034:	8082                	ret

80001036 <TMR32_IRQHandler>:
TMR32_IRQHandler():
C:\Users\Gutzakk\Desktop\Work\Workspace Synracore\C_new_project\Debug/../app/main.c:976



/*============Настройка обработчика прерываний TMR32==================*/
void TMR32_IRQHandler()
{
80001036:	1141                	addi	sp,sp,-16
80001038:	c606                	sw	ra,12(sp)
8000103a:	c422                	sw	s0,8(sp)
8000103c:	0800                	addi	s0,sp,16
C:\Users\Gutzakk\Desktop\Work\Workspace Synracore\C_new_project\Debug/../app/main.c:977
	SysTimer_ms++;
8000103e:	400007b7          	lui	a5,0x40000
80001042:	2507a783          	lw	a5,592(a5) # 40000250 <SysTimer_ms>
80001046:	00178713          	addi	a4,a5,1
8000104a:	400007b7          	lui	a5,0x40000
8000104e:	24e7a823          	sw	a4,592(a5) # 40000250 <SysTimer_ms>
C:\Users\Gutzakk\Desktop\Work\Workspace Synracore\C_new_project\Debug/../app/main.c:979

	if (Delay_counter_ms){
80001052:	400007b7          	lui	a5,0x40000
80001056:	2547a783          	lw	a5,596(a5) # 40000254 <Delay_counter_ms>
8000105a:	cb99                	beqz	a5,80001070 <TMR32_IRQHandler+0x3a>
C:\Users\Gutzakk\Desktop\Work\Workspace Synracore\C_new_project\Debug/../app/main.c:980
		Delay_counter_ms--;
8000105c:	400007b7          	lui	a5,0x40000
80001060:	2547a783          	lw	a5,596(a5) # 40000254 <Delay_counter_ms>
80001064:	fff78713          	addi	a4,a5,-1
80001068:	400007b7          	lui	a5,0x40000
8000106c:	24e7aa23          	sw	a4,596(a5) # 40000254 <Delay_counter_ms>
C:\Users\Gutzakk\Desktop\Work\Workspace Synracore\C_new_project\Debug/../app/main.c:983
	}
    //Сбрасываем флаг прерывания таймера
	TMR32->IC = 3;
80001070:	300007b7          	lui	a5,0x30000
80001074:	470d                	li	a4,3
80001076:	cbd8                	sw	a4,20(a5)
C:\Users\Gutzakk\Desktop\Work\Workspace Synracore\C_new_project\Debug/../app/main.c:984
}
80001078:	0001                	nop
8000107a:	40b2                	lw	ra,12(sp)
8000107c:	4422                	lw	s0,8(sp)
8000107e:	0141                	addi	sp,sp,16
80001080:	8082                	ret

80001082 <TMR1_init>:
TMR1_init():
C:\Users\Gutzakk\Desktop\Work\Workspace Synracore\C_new_project\Debug/../app/main.c:990



/*============Настройка TMR1==================*/
void TMR1_init()
{
80001082:	1141                	addi	sp,sp,-16
80001084:	c606                	sw	ra,12(sp)
80001086:	c422                	sw	s0,8(sp)
80001088:	0800                	addi	s0,sp,16
C:\Users\Gutzakk\Desktop\Work\Workspace Synracore\C_new_project\Debug/../app/main.c:991
	RCU->CGCFGAPB |= 1 << 2;
8000108a:	3000e7b7          	lui	a5,0x3000e
8000108e:	4798                	lw	a4,8(a5)
80001090:	3000e7b7          	lui	a5,0x3000e
80001094:	00476713          	ori	a4,a4,4
80001098:	c798                	sw	a4,8(a5)
C:\Users\Gutzakk\Desktop\Work\Workspace Synracore\C_new_project\Debug/../app/main.c:992
	RCU->RSTDISAPB |= 1 << 2;
8000109a:	3000e7b7          	lui	a5,0x3000e
8000109e:	4f98                	lw	a4,24(a5)
800010a0:	3000e7b7          	lui	a5,0x3000e
800010a4:	00476713          	ori	a4,a4,4
800010a8:	cf98                	sw	a4,24(a5)
C:\Users\Gutzakk\Desktop\Work\Workspace Synracore\C_new_project\Debug/../app/main.c:994

	TMR1->CTRL |= (TMR1->CTRL & ~(0b11 << 4)) | (0b01 << 4);//режим счета вверх
800010aa:	300027b7          	lui	a5,0x30002
800010ae:	439c                	lw	a5,0(a5)
800010b0:	fcf7f793          	andi	a5,a5,-49
800010b4:	0107e693          	ori	a3,a5,16
800010b8:	300027b7          	lui	a5,0x30002
800010bc:	4398                	lw	a4,0(a5)
800010be:	300027b7          	lui	a5,0x30002
800010c2:	8f55                	or	a4,a4,a3
800010c4:	c398                	sw	a4,0(a5)
C:\Users\Gutzakk\Desktop\Work\Workspace Synracore\C_new_project\Debug/../app/main.c:995
	TMR1->CTRL &= ~(0b1 << 8);//источник тактирования sysclk
800010c6:	300027b7          	lui	a5,0x30002
800010ca:	4398                	lw	a4,0(a5)
800010cc:	300027b7          	lui	a5,0x30002
800010d0:	eff77713          	andi	a4,a4,-257
800010d4:	c398                	sw	a4,0(a5)
C:\Users\Gutzakk\Desktop\Work\Workspace Synracore\C_new_project\Debug/../app/main.c:996
	TMR1->CTRL &= ~(0b00 << 6);//деление на 1
800010d6:	30002737          	lui	a4,0x30002
800010da:	300027b7          	lui	a5,0x30002
800010de:	4318                	lw	a4,0(a4)
800010e0:	c398                	sw	a4,0(a5)
C:\Users\Gutzakk\Desktop\Work\Workspace Synracore\C_new_project\Debug/../app/main.c:998

	TMR1->IM |= 1 << 1;//Разрешаем прерывание по совпадению значения счетчика и CAPCOM[0]
800010e2:	300027b7          	lui	a5,0x30002
800010e6:	4798                	lw	a4,8(a5)
800010e8:	300027b7          	lui	a5,0x30002
800010ec:	00276713          	ori	a4,a4,2
800010f0:	c798                	sw	a4,8(a5)
C:\Users\Gutzakk\Desktop\Work\Workspace Synracore\C_new_project\Debug/../app/main.c:1001

	// Настраиваем обработчик прерывания для TMR1
	PLIC_SetIrqHandler (Plic_Mach_Target, IsrVect_IRQ_TMR1, TMR1_IRQHandler);
800010f2:	800017b7          	lui	a5,0x80001
800010f6:	11c78613          	addi	a2,a5,284 # 8000111c <TMR1_IRQHandler>
800010fa:	45a1                	li	a1,8
800010fc:	4501                	li	a0,0
800010fe:	a86ff0ef          	jal	80000384 <PLIC_SetIrqHandler>
C:\Users\Gutzakk\Desktop\Work\Workspace Synracore\C_new_project\Debug/../app/main.c:1002
	PLIC_SetPriority   (IsrVect_IRQ_TMR1, 0x1);
80001102:	4585                	li	a1,1
80001104:	4521                	li	a0,8
80001106:	ad2ff0ef          	jal	800003d8 <PLIC_SetPriority>
C:\Users\Gutzakk\Desktop\Work\Workspace Synracore\C_new_project\Debug/../app/main.c:1003
	PLIC_IntEnable     (Plic_Mach_Target, IsrVect_IRQ_TMR1);
8000110a:	45a1                	li	a1,8
8000110c:	4501                	li	a0,0
8000110e:	af8ff0ef          	jal	80000406 <PLIC_IntEnable>
C:\Users\Gutzakk\Desktop\Work\Workspace Synracore\C_new_project\Debug/../app/main.c:1004
}
80001112:	0001                	nop
80001114:	40b2                	lw	ra,12(sp)
80001116:	4422                	lw	s0,8(sp)
80001118:	0141                	addi	sp,sp,16
8000111a:	8082                	ret

8000111c <TMR1_IRQHandler>:
TMR1_IRQHandler():
C:\Users\Gutzakk\Desktop\Work\Workspace Synracore\C_new_project\Debug/../app/main.c:1010



/*============Настройка обработчика прерываний TMR1==================*/
void TMR1_IRQHandler()
{
8000111c:	1101                	addi	sp,sp,-32
8000111e:	ce06                	sw	ra,28(sp)
80001120:	cc22                	sw	s0,24(sp)
80001122:	1000                	addi	s0,sp,32
C:\Users\Gutzakk\Desktop\Work\Workspace Synracore\C_new_project\Debug/../app/main.c:1011
	TMR1->CAPCOM[0].VAL = 0;//Период отсчета
80001124:	300027b7          	lui	a5,0x30002
80001128:	00079e23          	sh	zero,28(a5) # 3000201c <STACK_SIZE+0x3000181c>
C:\Users\Gutzakk\Desktop\Work\Workspace Synracore\C_new_project\Debug/../app/main.c:1013

	UART2->DMACR &= ~1;//отключаем разрешение обслуживания буфера приемника\
8000112c:	300087b7          	lui	a5,0x30008
80001130:	47b8                	lw	a4,72(a5)
80001132:	300087b7          	lui	a5,0x30008
80001136:	9b79                	andi	a4,a4,-2
80001138:	c7b8                	sw	a4,72(a5)
C:\Users\Gutzakk\Desktop\Work\Workspace Synracore\C_new_project\Debug/../app/main.c:1016


	if (DMA->PRIALTSET & (1 << 13))//если активна альтернатива -> значит буфер PONG начал заполняться
8000113a:	3000c7b7          	lui	a5,0x3000c
8000113e:	5b98                	lw	a4,48(a5)
80001140:	6789                	lui	a5,0x2
80001142:	8ff9                	and	a5,a5,a4
80001144:	c7f9                	beqz	a5,80001212 <TMR1_IRQHandler+0xf6>
C:\Users\Gutzakk\Desktop\Work\Workspace Synracore\C_new_project\Debug/../app/main.c:1018
	{
		uint32_t rem = DMA_CONFIGDATA.ALT_DATA.CH[13].CHANNEL_CFG_bit.N_MINUS_1 + 1;
80001146:	400017b7          	lui	a5,0x40001
8000114a:	80078793          	addi	a5,a5,-2048 # 40000800 <DMA_CONFIGDATA>
8000114e:	2d87a783          	lw	a5,728(a5)
80001152:	8395                	srli	a5,a5,0x5
80001154:	3ff7f793          	andi	a5,a5,1023
80001158:	07c2                	slli	a5,a5,0x10
8000115a:	83c1                	srli	a5,a5,0x10
8000115c:	0785                	addi	a5,a5,1
8000115e:	fef42223          	sw	a5,-28(s0)
C:\Users\Gutzakk\Desktop\Work\Workspace Synracore\C_new_project\Debug/../app/main.c:1019
		uint32_t bytes_received = DMA_PING_PONG_SIZE - rem;
80001162:	4729                	li	a4,10
80001164:	fe442783          	lw	a5,-28(s0)
80001168:	40f707b3          	sub	a5,a4,a5
8000116c:	fef42023          	sw	a5,-32(s0)
C:\Users\Gutzakk\Desktop\Work\Workspace Synracore\C_new_project\Debug/../app/main.c:1021

		if (bytes_received > 0)
80001170:	fe042783          	lw	a5,-32(s0)
80001174:	c7a9                	beqz	a5,800011be <TMR1_IRQHandler+0xa2>
C:\Users\Gutzakk\Desktop\Work\Workspace Synracore\C_new_project\Debug/../app/main.c:1023
		{
			memcpy(&parser_buf[start_for_DMA], DMA_PONG, bytes_received);
80001176:	400007b7          	lui	a5,0x40000
8000117a:	24c7c783          	lbu	a5,588(a5) # 4000024c <start_for_DMA>
8000117e:	0ff7f793          	zext.b	a5,a5
80001182:	873e                	mv	a4,a5
80001184:	400017b7          	lui	a5,0x40001
80001188:	c0078793          	addi	a5,a5,-1024 # 40000c00 <parser_buf>
8000118c:	973e                	add	a4,a4,a5
8000118e:	fe042603          	lw	a2,-32(s0)
80001192:	c8c18593          	addi	a1,gp,-884 # 4000040c <DMA_PONG>
80001196:	853a                	mv	a0,a4
80001198:	64c020ef          	jal	800037e4 <memcpy>
C:\Users\Gutzakk\Desktop\Work\Workspace Synracore\C_new_project\Debug/../app/main.c:1024
			start_for_DMA = (start_for_DMA + bytes_received) % PARSER_BUF_SIZE;
8000119c:	fe042783          	lw	a5,-32(s0)
800011a0:	0ff7f713          	zext.b	a4,a5
800011a4:	400007b7          	lui	a5,0x40000
800011a8:	24c7c783          	lbu	a5,588(a5) # 4000024c <start_for_DMA>
800011ac:	0ff7f793          	zext.b	a5,a5
800011b0:	97ba                	add	a5,a5,a4
800011b2:	0ff7f713          	zext.b	a4,a5
800011b6:	400007b7          	lui	a5,0x40000
800011ba:	24e78623          	sb	a4,588(a5) # 4000024c <start_for_DMA>
C:\Users\Gutzakk\Desktop\Work\Workspace Synracore\C_new_project\Debug/../app/main.c:1027
		}

		DMA_CONFIGDATA.ALT_DATA.CH[13].CHANNEL_CFG |= 0b011 << 29;//канал в режиме пинг-понг
800011be:	400017b7          	lui	a5,0x40001
800011c2:	80078793          	addi	a5,a5,-2048 # 40000800 <DMA_CONFIGDATA>
800011c6:	2d87a703          	lw	a4,728(a5)
800011ca:	600007b7          	lui	a5,0x60000
800011ce:	8f5d                	or	a4,a4,a5
800011d0:	400017b7          	lui	a5,0x40001
800011d4:	80078793          	addi	a5,a5,-2048 # 40000800 <DMA_CONFIGDATA>
800011d8:	2ce7ac23          	sw	a4,728(a5)
C:\Users\Gutzakk\Desktop\Work\Workspace Synracore\C_new_project\Debug/../app/main.c:1028
		DMA_CONFIGDATA.ALT_DATA.CH[13].CHANNEL_CFG |= (DMA_PING_PONG_SIZE-1) << 5;//1 передач
800011dc:	400017b7          	lui	a5,0x40001
800011e0:	80078793          	addi	a5,a5,-2048 # 40000800 <DMA_CONFIGDATA>
800011e4:	2d87a783          	lw	a5,728(a5)
800011e8:	1207e713          	ori	a4,a5,288
800011ec:	400017b7          	lui	a5,0x40001
800011f0:	80078793          	addi	a5,a5,-2048 # 40000800 <DMA_CONFIGDATA>
800011f4:	2ce7ac23          	sw	a4,728(a5)
C:\Users\Gutzakk\Desktop\Work\Workspace Synracore\C_new_project\Debug/../app/main.c:1029
		DMA_CONFIGDATA.ALT_DATA.CH[13].CHANNEL_CFG |= 0b0000 << 1;//арбитраж после каждой
800011f8:	400017b7          	lui	a5,0x40001
800011fc:	80078793          	addi	a5,a5,-2048 # 40000800 <DMA_CONFIGDATA>
80001200:	2d87a703          	lw	a4,728(a5)
80001204:	400017b7          	lui	a5,0x40001
80001208:	80078793          	addi	a5,a5,-2048 # 40000800 <DMA_CONFIGDATA>
8000120c:	2ce7ac23          	sw	a4,728(a5)
80001210:	aa31                	j	8000132c <TMR1_IRQHandler+0x210>
C:\Users\Gutzakk\Desktop\Work\Workspace Synracore\C_new_project\Debug/../app/main.c:1035
	}


	else//если активна основая -> значит буфер PING начал заполняться
	{
		uint32_t rem = DMA_CONFIGDATA.PRM_DATA.CH[13].CHANNEL_CFG_bit.N_MINUS_1 + 1;
80001212:	400017b7          	lui	a5,0x40001
80001216:	80078793          	addi	a5,a5,-2048 # 40000800 <DMA_CONFIGDATA>
8000121a:	0d87a783          	lw	a5,216(a5)
8000121e:	8395                	srli	a5,a5,0x5
80001220:	3ff7f793          	andi	a5,a5,1023
80001224:	07c2                	slli	a5,a5,0x10
80001226:	83c1                	srli	a5,a5,0x10
80001228:	0785                	addi	a5,a5,1
8000122a:	fef42623          	sw	a5,-20(s0)
C:\Users\Gutzakk\Desktop\Work\Workspace Synracore\C_new_project\Debug/../app/main.c:1036
		uint32_t bytes_received = DMA_PING_PONG_SIZE - rem;
8000122e:	4729                	li	a4,10
80001230:	fec42783          	lw	a5,-20(s0)
80001234:	40f707b3          	sub	a5,a4,a5
80001238:	fef42423          	sw	a5,-24(s0)
C:\Users\Gutzakk\Desktop\Work\Workspace Synracore\C_new_project\Debug/../app/main.c:1038

		if (bytes_received > 0)
8000123c:	fe842783          	lw	a5,-24(s0)
80001240:	c7a9                	beqz	a5,8000128a <TMR1_IRQHandler+0x16e>
C:\Users\Gutzakk\Desktop\Work\Workspace Synracore\C_new_project\Debug/../app/main.c:1040
		{
			memcpy(&parser_buf[start_for_DMA], DMA_PING, bytes_received);
80001242:	400007b7          	lui	a5,0x40000
80001246:	24c7c783          	lbu	a5,588(a5) # 4000024c <start_for_DMA>
8000124a:	0ff7f793          	zext.b	a5,a5
8000124e:	873e                	mv	a4,a5
80001250:	400017b7          	lui	a5,0x40001
80001254:	c0078793          	addi	a5,a5,-1024 # 40000c00 <parser_buf>
80001258:	973e                	add	a4,a4,a5
8000125a:	fe842603          	lw	a2,-24(s0)
8000125e:	c8018593          	addi	a1,gp,-896 # 40000400 <DMA_PING>
80001262:	853a                	mv	a0,a4
80001264:	580020ef          	jal	800037e4 <memcpy>
C:\Users\Gutzakk\Desktop\Work\Workspace Synracore\C_new_project\Debug/../app/main.c:1041
			start_for_DMA = (start_for_DMA + bytes_received) % PARSER_BUF_SIZE;
80001268:	fe842783          	lw	a5,-24(s0)
8000126c:	0ff7f713          	zext.b	a4,a5
80001270:	400007b7          	lui	a5,0x40000
80001274:	24c7c783          	lbu	a5,588(a5) # 4000024c <start_for_DMA>
80001278:	0ff7f793          	zext.b	a5,a5
8000127c:	97ba                	add	a5,a5,a4
8000127e:	0ff7f713          	zext.b	a4,a5
80001282:	400007b7          	lui	a5,0x40000
80001286:	24e78623          	sb	a4,588(a5) # 4000024c <start_for_DMA>
C:\Users\Gutzakk\Desktop\Work\Workspace Synracore\C_new_project\Debug/../app/main.c:1044
		}

		DMA_CONFIGDATA.PRM_DATA.CH[13].CHANNEL_CFG |= 0b011 << 29;//канал в режиме пинг-понг
8000128a:	400017b7          	lui	a5,0x40001
8000128e:	80078793          	addi	a5,a5,-2048 # 40000800 <DMA_CONFIGDATA>
80001292:	0d87a703          	lw	a4,216(a5)
80001296:	600007b7          	lui	a5,0x60000
8000129a:	8f5d                	or	a4,a4,a5
8000129c:	400017b7          	lui	a5,0x40001
800012a0:	80078793          	addi	a5,a5,-2048 # 40000800 <DMA_CONFIGDATA>
800012a4:	0ce7ac23          	sw	a4,216(a5)
C:\Users\Gutzakk\Desktop\Work\Workspace Synracore\C_new_project\Debug/../app/main.c:1045
		DMA_CONFIGDATA.PRM_DATA.CH[13].CHANNEL_CFG |= (DMA_PING_PONG_SIZE-1) << 5;//1 передач
800012a8:	400017b7          	lui	a5,0x40001
800012ac:	80078793          	addi	a5,a5,-2048 # 40000800 <DMA_CONFIGDATA>
800012b0:	0d87a783          	lw	a5,216(a5)
800012b4:	1207e713          	ori	a4,a5,288
800012b8:	400017b7          	lui	a5,0x40001
800012bc:	80078793          	addi	a5,a5,-2048 # 40000800 <DMA_CONFIGDATA>
800012c0:	0ce7ac23          	sw	a4,216(a5)
C:\Users\Gutzakk\Desktop\Work\Workspace Synracore\C_new_project\Debug/../app/main.c:1046
		DMA_CONFIGDATA.PRM_DATA.CH[13].CHANNEL_CFG |= 0b0000 << 1;//арбитраж после каждой
800012c4:	400017b7          	lui	a5,0x40001
800012c8:	80078793          	addi	a5,a5,-2048 # 40000800 <DMA_CONFIGDATA>
800012cc:	0d87a703          	lw	a4,216(a5)
800012d0:	400017b7          	lui	a5,0x40001
800012d4:	80078793          	addi	a5,a5,-2048 # 40000800 <DMA_CONFIGDATA>
800012d8:	0ce7ac23          	sw	a4,216(a5)
C:\Users\Gutzakk\Desktop\Work\Workspace Synracore\C_new_project\Debug/../app/main.c:1051

	}


	while (start_for_parser != start_for_DMA)
800012dc:	a881                	j	8000132c <TMR1_IRQHandler+0x210>
C:\Users\Gutzakk\Desktop\Work\Workspace Synracore\C_new_project\Debug/../app/main.c:1053
	{
		parserByte(parser_buf[start_for_parser]);
800012de:	400007b7          	lui	a5,0x40000
800012e2:	24d7c783          	lbu	a5,589(a5) # 4000024d <start_for_parser>
800012e6:	0ff7f793          	zext.b	a5,a5
800012ea:	873e                	mv	a4,a5
800012ec:	400017b7          	lui	a5,0x40001
800012f0:	c0078793          	addi	a5,a5,-1024 # 40000c00 <parser_buf>
800012f4:	97ba                	add	a5,a5,a4
800012f6:	0007c783          	lbu	a5,0(a5)
800012fa:	853e                	mv	a0,a5
800012fc:	7e3000ef          	jal	800022de <parserByte>
C:\Users\Gutzakk\Desktop\Work\Workspace Synracore\C_new_project\Debug/../app/main.c:1054
		start_for_parser = (start_for_parser + 1) % PARSER_BUF_SIZE;
80001300:	400007b7          	lui	a5,0x40000
80001304:	24d7c783          	lbu	a5,589(a5) # 4000024d <start_for_parser>
80001308:	0ff7f793          	zext.b	a5,a5
8000130c:	00178713          	addi	a4,a5,1
80001310:	41f75793          	srai	a5,a4,0x1f
80001314:	83e1                	srli	a5,a5,0x18
80001316:	973e                	add	a4,a4,a5
80001318:	0ff77713          	zext.b	a4,a4
8000131c:	40f707b3          	sub	a5,a4,a5
80001320:	0ff7f713          	zext.b	a4,a5
80001324:	400007b7          	lui	a5,0x40000
80001328:	24e786a3          	sb	a4,589(a5) # 4000024d <start_for_parser>
C:\Users\Gutzakk\Desktop\Work\Workspace Synracore\C_new_project\Debug/../app/main.c:1051
	while (start_for_parser != start_for_DMA)
8000132c:	400007b7          	lui	a5,0x40000
80001330:	24d7c783          	lbu	a5,589(a5) # 4000024d <start_for_parser>
80001334:	0ff7f713          	zext.b	a4,a5
80001338:	400007b7          	lui	a5,0x40000
8000133c:	24c7c783          	lbu	a5,588(a5) # 4000024c <start_for_DMA>
80001340:	0ff7f793          	zext.b	a5,a5
80001344:	f8f71de3          	bne	a4,a5,800012de <TMR1_IRQHandler+0x1c2>
C:\Users\Gutzakk\Desktop\Work\Workspace Synracore\C_new_project\Debug/../app/main.c:1058
	}


	UART2->IMSC |= 1 << 4;//разрешаем именно прерывания UART
80001348:	300087b7          	lui	a5,0x30008
8000134c:	5f98                	lw	a4,56(a5)
8000134e:	300087b7          	lui	a5,0x30008
80001352:	01076713          	ori	a4,a4,16
80001356:	df98                	sw	a4,56(a5)
C:\Users\Gutzakk\Desktop\Work\Workspace Synracore\C_new_project\Debug/../app/main.c:1061

    //Сбрасываем флаг прерывания таймера
	TMR1->IC |= 3;
80001358:	300027b7          	lui	a5,0x30002
8000135c:	4bd8                	lw	a4,20(a5)
8000135e:	300027b7          	lui	a5,0x30002
80001362:	00376713          	ori	a4,a4,3
80001366:	cbd8                	sw	a4,20(a5)
C:\Users\Gutzakk\Desktop\Work\Workspace Synracore\C_new_project\Debug/../app/main.c:1062
}
80001368:	0001                	nop
8000136a:	40f2                	lw	ra,28(sp)
8000136c:	4462                	lw	s0,24(sp)
8000136e:	6105                	addi	sp,sp,32
80001370:	8082                	ret

80001372 <GPIO_init>:
GPIO_init():
C:\Users\Gutzakk\Desktop\Work\Workspace Synracore\C_new_project\Debug/../app/main.c:1068



/*============Настройка GPIO==================*/
void GPIO_init()
{
80001372:	1141                	addi	sp,sp,-16
80001374:	c606                	sw	ra,12(sp)
80001376:	c422                	sw	s0,8(sp)
80001378:	0800                	addi	s0,sp,16
C:\Users\Gutzakk\Desktop\Work\Workspace Synracore\C_new_project\Debug/../app/main.c:1070
	//Включение и тактирование было прописано в CLOCKOUT
	GPIOC->OUTENSET |= 1;//C0 - можем управлять выводом
8000137a:	280027b7          	lui	a5,0x28002
8000137e:	57d8                	lw	a4,44(a5)
80001380:	280027b7          	lui	a5,0x28002
80001384:	00176713          	ori	a4,a4,1
80001388:	d7d8                	sw	a4,44(a5)
C:\Users\Gutzakk\Desktop\Work\Workspace Synracore\C_new_project\Debug/../app/main.c:1071
	GPIOC->DATAOUTCLR = 1;//C0 - низкий уровень
8000138a:	280027b7          	lui	a5,0x28002
8000138e:	4705                	li	a4,1
80001390:	c7d8                	sw	a4,12(a5)
C:\Users\Gutzakk\Desktop\Work\Workspace Synracore\C_new_project\Debug/../app/main.c:1075


	//настройка входа порта С1
	GPIOC->ALTFUNCCLR = 1 << 1;
80001392:	280027b7          	lui	a5,0x28002
80001396:	4709                	li	a4,2
80001398:	df98                	sw	a4,56(a5)
C:\Users\Gutzakk\Desktop\Work\Workspace Synracore\C_new_project\Debug/../app/main.c:1076
	GPIOC->OUTENCLR = 1 << 1;
8000139a:	280027b7          	lui	a5,0x28002
8000139e:	4709                	li	a4,2
800013a0:	db98                	sw	a4,48(a5)
C:\Users\Gutzakk\Desktop\Work\Workspace Synracore\C_new_project\Debug/../app/main.c:1077
	GPIOC->OUTMODE &= ~(0b11 << 2);
800013a2:	280027b7          	lui	a5,0x28002
800013a6:	53d8                	lw	a4,36(a5)
800013a8:	280027b7          	lui	a5,0x28002
800013ac:	9b4d                	andi	a4,a4,-13
800013ae:	d3d8                	sw	a4,36(a5)
C:\Users\Gutzakk\Desktop\Work\Workspace Synracore\C_new_project\Debug/../app/main.c:1078
	GPIOC->PULLMODE |= 1 << 1;
800013b0:	280027b7          	lui	a5,0x28002
800013b4:	5398                	lw	a4,32(a5)
800013b6:	280027b7          	lui	a5,0x28002
800013ba:	00276713          	ori	a4,a4,2
800013be:	d398                	sw	a4,32(a5)
C:\Users\Gutzakk\Desktop\Work\Workspace Synracore\C_new_project\Debug/../app/main.c:1082


	//настройка входа порта С2
	GPIOC->ALTFUNCCLR = 1 << 2;
800013c0:	280027b7          	lui	a5,0x28002
800013c4:	4711                	li	a4,4
800013c6:	df98                	sw	a4,56(a5)
C:\Users\Gutzakk\Desktop\Work\Workspace Synracore\C_new_project\Debug/../app/main.c:1083
	GPIOC->OUTENCLR = 1 << 2;
800013c8:	280027b7          	lui	a5,0x28002
800013cc:	4711                	li	a4,4
800013ce:	db98                	sw	a4,48(a5)
C:\Users\Gutzakk\Desktop\Work\Workspace Synracore\C_new_project\Debug/../app/main.c:1084
	GPIOC->OUTMODE &= ~(0b11 << 4);
800013d0:	280027b7          	lui	a5,0x28002
800013d4:	53d8                	lw	a4,36(a5)
800013d6:	280027b7          	lui	a5,0x28002
800013da:	fcf77713          	andi	a4,a4,-49
800013de:	d3d8                	sw	a4,36(a5)
C:\Users\Gutzakk\Desktop\Work\Workspace Synracore\C_new_project\Debug/../app/main.c:1085
	GPIOC->PULLMODE |= 1 << 2;
800013e0:	280027b7          	lui	a5,0x28002
800013e4:	5398                	lw	a4,32(a5)
800013e6:	280027b7          	lui	a5,0x28002
800013ea:	00476713          	ori	a4,a4,4
800013ee:	d398                	sw	a4,32(a5)
C:\Users\Gutzakk\Desktop\Work\Workspace Synracore\C_new_project\Debug/../app/main.c:1089


	//настройка входа порта С3
	GPIOC->ALTFUNCCLR = 1 << 3;
800013f0:	280027b7          	lui	a5,0x28002
800013f4:	4721                	li	a4,8
800013f6:	df98                	sw	a4,56(a5)
C:\Users\Gutzakk\Desktop\Work\Workspace Synracore\C_new_project\Debug/../app/main.c:1090
	GPIOC->OUTENCLR = 1 << 3;
800013f8:	280027b7          	lui	a5,0x28002
800013fc:	4721                	li	a4,8
800013fe:	db98                	sw	a4,48(a5)
C:\Users\Gutzakk\Desktop\Work\Workspace Synracore\C_new_project\Debug/../app/main.c:1091
	GPIOC->OUTMODE &= ~(0b11 << 6);
80001400:	280027b7          	lui	a5,0x28002
80001404:	53d8                	lw	a4,36(a5)
80001406:	280027b7          	lui	a5,0x28002
8000140a:	f3f77713          	andi	a4,a4,-193
8000140e:	d3d8                	sw	a4,36(a5)
C:\Users\Gutzakk\Desktop\Work\Workspace Synracore\C_new_project\Debug/../app/main.c:1092
	GPIOC->PULLMODE |= 1 << 3;
80001410:	280027b7          	lui	a5,0x28002
80001414:	5398                	lw	a4,32(a5)
80001416:	280027b7          	lui	a5,0x28002
8000141a:	00876713          	ori	a4,a4,8
8000141e:	d398                	sw	a4,32(a5)
C:\Users\Gutzakk\Desktop\Work\Workspace Synracore\C_new_project\Debug/../app/main.c:1096


	//настройка входа порта С4
	GPIOC->ALTFUNCCLR = 1 << 4;
80001420:	280027b7          	lui	a5,0x28002
80001424:	4741                	li	a4,16
80001426:	df98                	sw	a4,56(a5)
C:\Users\Gutzakk\Desktop\Work\Workspace Synracore\C_new_project\Debug/../app/main.c:1097
	GPIOC->OUTENCLR = 1 << 4;
80001428:	280027b7          	lui	a5,0x28002
8000142c:	4741                	li	a4,16
8000142e:	db98                	sw	a4,48(a5)
C:\Users\Gutzakk\Desktop\Work\Workspace Synracore\C_new_project\Debug/../app/main.c:1098
	GPIOC->OUTMODE &= ~(0b11 << 8);
80001430:	280027b7          	lui	a5,0x28002
80001434:	53d8                	lw	a4,36(a5)
80001436:	280027b7          	lui	a5,0x28002
8000143a:	cff77713          	andi	a4,a4,-769
8000143e:	d3d8                	sw	a4,36(a5)
C:\Users\Gutzakk\Desktop\Work\Workspace Synracore\C_new_project\Debug/../app/main.c:1099
	GPIOC->PULLMODE |= 1 << 4;
80001440:	280027b7          	lui	a5,0x28002
80001444:	5398                	lw	a4,32(a5)
80001446:	280027b7          	lui	a5,0x28002
8000144a:	01076713          	ori	a4,a4,16
8000144e:	d398                	sw	a4,32(a5)
C:\Users\Gutzakk\Desktop\Work\Workspace Synracore\C_new_project\Debug/../app/main.c:1103


	//Настройка прерывания для порта кнопки
	GPIOC->INTTYPESET |= 0b1111 << 1;//прерывание по фронту
80001450:	280027b7          	lui	a5,0x28002
80001454:	57b8                	lw	a4,104(a5)
80001456:	280027b7          	lui	a5,0x28002
8000145a:	01e76713          	ori	a4,a4,30
8000145e:	d7b8                	sw	a4,104(a5)
C:\Users\Gutzakk\Desktop\Work\Workspace Synracore\C_new_project\Debug/../app/main.c:1104
	GPIOC->INTPOLCLR |= 0b1111 << 1;//по отрицательному фронту
80001460:	280027b7          	lui	a5,0x28002
80001464:	5bf8                	lw	a4,116(a5)
80001466:	280027b7          	lui	a5,0x28002
8000146a:	01e76713          	ori	a4,a4,30
8000146e:	dbf8                	sw	a4,116(a5)
C:\Users\Gutzakk\Desktop\Work\Workspace Synracore\C_new_project\Debug/../app/main.c:1105
	GPIOC->INTENSET |= 0b11 << 1;//включение прерывания
80001470:	280027b7          	lui	a5,0x28002
80001474:	53b8                	lw	a4,96(a5)
80001476:	280027b7          	lui	a5,0x28002
8000147a:	00676713          	ori	a4,a4,6
8000147e:	d3b8                	sw	a4,96(a5)
C:\Users\Gutzakk\Desktop\Work\Workspace Synracore\C_new_project\Debug/../app/main.c:1107

    PLIC_SetIrqHandler (Plic_Mach_Target, IsrVect_IRQ_GPIO, GPIO_IRQHandler);
80001480:	800017b7          	lui	a5,0x80001
80001484:	4aa78613          	addi	a2,a5,1194 # 800014aa <GPIO_IRQHandler>
80001488:	4595                	li	a1,5
8000148a:	4501                	li	a0,0
8000148c:	ef9fe0ef          	jal	80000384 <PLIC_SetIrqHandler>
C:\Users\Gutzakk\Desktop\Work\Workspace Synracore\C_new_project\Debug/../app/main.c:1108
    PLIC_SetPriority   (IsrVect_IRQ_GPIO, 0x1);
80001490:	4585                	li	a1,1
80001492:	4515                	li	a0,5
80001494:	f45fe0ef          	jal	800003d8 <PLIC_SetPriority>
C:\Users\Gutzakk\Desktop\Work\Workspace Synracore\C_new_project\Debug/../app/main.c:1109
    PLIC_IntEnable     (Plic_Mach_Target, IsrVect_IRQ_GPIO);
80001498:	4595                	li	a1,5
8000149a:	4501                	li	a0,0
8000149c:	f6bfe0ef          	jal	80000406 <PLIC_IntEnable>
C:\Users\Gutzakk\Desktop\Work\Workspace Synracore\C_new_project\Debug/../app/main.c:1110
}
800014a0:	0001                	nop
800014a2:	40b2                	lw	ra,12(sp)
800014a4:	4422                	lw	s0,8(sp)
800014a6:	0141                	addi	sp,sp,16
800014a8:	8082                	ret

800014aa <GPIO_IRQHandler>:
GPIO_IRQHandler():
C:\Users\Gutzakk\Desktop\Work\Workspace Synracore\C_new_project\Debug/../app/main.c:1116



/*============Настройка обработчика прерывания GPIO==================*/
void GPIO_IRQHandler()
{
800014aa:	1101                	addi	sp,sp,-32
800014ac:	ce06                	sw	ra,28(sp)
800014ae:	cc22                	sw	s0,24(sp)
800014b0:	ca26                	sw	s1,20(sp)
800014b2:	c84a                	sw	s2,16(sp)
800014b4:	1000                	addi	s0,sp,32
C:\Users\Gutzakk\Desktop\Work\Workspace Synracore\C_new_project\Debug/../app/main.c:1117
	if (GPIOC->INTSTATUS & (1 << 1))//Переключение в режим ввода\Конфигурация
800014b6:	280027b7          	lui	a5,0x28002
800014ba:	0807a783          	lw	a5,128(a5) # 28002080 <STACK_SIZE+0x28001880>
800014be:	8b89                	andi	a5,a5,2
800014c0:	c3c1                	beqz	a5,80001540 <GPIO_IRQHandler+0x96>
C:\Users\Gutzakk\Desktop\Work\Workspace Synracore\C_new_project\Debug/../app/main.c:1119
	{
		if ((SysTimer_ms - gpio_btn1) > 150)
800014c2:	400007b7          	lui	a5,0x40000
800014c6:	2507a703          	lw	a4,592(a5) # 40000250 <SysTimer_ms>
800014ca:	400007b7          	lui	a5,0x40000
800014ce:	2587a783          	lw	a5,600(a5) # 40000258 <gpio_btn1>
800014d2:	8f1d                	sub	a4,a4,a5
800014d4:	09600793          	li	a5,150
800014d8:	04e7ff63          	bgeu	a5,a4,80001536 <GPIO_IRQHandler+0x8c>
C:\Users\Gutzakk\Desktop\Work\Workspace Synracore\C_new_project\Debug/../app/main.c:1121
		{
			isEditing = 1;
800014dc:	400007b7          	lui	a5,0x40000
800014e0:	4705                	li	a4,1
800014e2:	26e78423          	sb	a4,616(a5) # 40000268 <isEditing>
C:\Users\Gutzakk\Desktop\Work\Workspace Synracore\C_new_project\Debug/../app/main.c:1123

			GPIOC->INTENCLR |= 1 << 1;//Выключаем вход в Конфигурацию
800014e6:	280027b7          	lui	a5,0x28002
800014ea:	53f8                	lw	a4,100(a5)
800014ec:	280027b7          	lui	a5,0x28002
800014f0:	00276713          	ori	a4,a4,2
800014f4:	d3f8                	sw	a4,100(a5)
C:\Users\Gutzakk\Desktop\Work\Workspace Synracore\C_new_project\Debug/../app/main.c:1124
			GPIOC->INTENCLR |= 1 << 2;//Выключаем перелистывания горизонта
800014f6:	280027b7          	lui	a5,0x28002
800014fa:	53f8                	lw	a4,100(a5)
800014fc:	280027b7          	lui	a5,0x28002
80001500:	00476713          	ori	a4,a4,4
80001504:	d3f8                	sw	a4,100(a5)
C:\Users\Gutzakk\Desktop\Work\Workspace Synracore\C_new_project\Debug/../app/main.c:1125
			GPIOC->INTENSET |= 1 << 3;//Включаем перелистывание вертикали
80001506:	280027b7          	lui	a5,0x28002
8000150a:	53b8                	lw	a4,96(a5)
8000150c:	280027b7          	lui	a5,0x28002
80001510:	00876713          	ori	a4,a4,8
80001514:	d3b8                	sw	a4,96(a5)
C:\Users\Gutzakk\Desktop\Work\Workspace Synracore\C_new_project\Debug/../app/main.c:1126
			GPIOC->INTENSET |= 1 << 4;//Включаем подтверждение ввода
80001516:	280027b7          	lui	a5,0x28002
8000151a:	53b8                	lw	a4,96(a5)
8000151c:	280027b7          	lui	a5,0x28002
80001520:	01076713          	ori	a4,a4,16
80001524:	d3b8                	sw	a4,96(a5)
C:\Users\Gutzakk\Desktop\Work\Workspace Synracore\C_new_project\Debug/../app/main.c:1128

			gpio_btn1 = SysTimer_ms;
80001526:	400007b7          	lui	a5,0x40000
8000152a:	2507a703          	lw	a4,592(a5) # 40000250 <SysTimer_ms>
8000152e:	400007b7          	lui	a5,0x40000
80001532:	24e7ac23          	sw	a4,600(a5) # 40000258 <gpio_btn1>
C:\Users\Gutzakk\Desktop\Work\Workspace Synracore\C_new_project\Debug/../app/main.c:1131
		}

		GPIOC->INTSTATUS = 1 << 1;
80001536:	280027b7          	lui	a5,0x28002
8000153a:	4709                	li	a4,2
8000153c:	08e7a023          	sw	a4,128(a5) # 28002080 <STACK_SIZE+0x28001880>
C:\Users\Gutzakk\Desktop\Work\Workspace Synracore\C_new_project\Debug/../app/main.c:1136
	}



	if (GPIOC->INTSTATUS & (1 << 2))//Пролистывание вправо
80001540:	280027b7          	lui	a5,0x28002
80001544:	0807a783          	lw	a5,128(a5) # 28002080 <STACK_SIZE+0x28001880>
80001548:	8b91                	andi	a5,a5,4
8000154a:	cfcd                	beqz	a5,80001604 <GPIO_IRQHandler+0x15a>
C:\Users\Gutzakk\Desktop\Work\Workspace Synracore\C_new_project\Debug/../app/main.c:1138
	{
		if ((SysTimer_ms - gpio_btn2) > 150)
8000154c:	400007b7          	lui	a5,0x40000
80001550:	2507a703          	lw	a4,592(a5) # 40000250 <SysTimer_ms>
80001554:	400007b7          	lui	a5,0x40000
80001558:	25c7a783          	lw	a5,604(a5) # 4000025c <gpio_btn2>
8000155c:	8f1d                	sub	a4,a4,a5
8000155e:	09600793          	li	a5,150
80001562:	08e7fc63          	bgeu	a5,a4,800015fa <GPIO_IRQHandler+0x150>
C:\Users\Gutzakk\Desktop\Work\Workspace Synracore\C_new_project\Debug/../app/main.c:1140
		{
			Draw_Cursor(cursor_x, cursor_y, 0);
80001566:	400007b7          	lui	a5,0x40000
8000156a:	26a7c783          	lbu	a5,618(a5) # 4000026a <cursor_x>
8000156e:	0ff7f713          	zext.b	a4,a5
80001572:	400007b7          	lui	a5,0x40000
80001576:	0037c783          	lbu	a5,3(a5) # 40000003 <cursor_y>
8000157a:	0ff7f793          	zext.b	a5,a5
8000157e:	4601                	li	a2,0
80001580:	85be                	mv	a1,a5
80001582:	853a                	mv	a0,a4
80001584:	243010ef          	jal	80002fc6 <Draw_Cursor>
C:\Users\Gutzakk\Desktop\Work\Workspace Synracore\C_new_project\Debug/../app/main.c:1142

			switch (current_window)
80001588:	400007b7          	lui	a5,0x40000
8000158c:	0007c783          	lbu	a5,0(a5) # 40000000 <current_window>
80001590:	0ff7f793          	zext.b	a5,a5
80001594:	873e                	mv	a4,a5
80001596:	4785                	li	a5,1
80001598:	02f71863          	bne	a4,a5,800015c8 <GPIO_IRQHandler+0x11e>
C:\Users\Gutzakk\Desktop\Work\Workspace Synracore\C_new_project\Debug/../app/main.c:1145
			{
			case WINDOW_1:
				cursor_x = 0;
8000159c:	400007b7          	lui	a5,0x40000
800015a0:	26078523          	sb	zero,618(a5) # 4000026a <cursor_x>
C:\Users\Gutzakk\Desktop\Work\Workspace Synracore\C_new_project\Debug/../app/main.c:1146
				cursor_y = cursor_y > 32 ? 29 : 61;
800015a4:	400007b7          	lui	a5,0x40000
800015a8:	0037c783          	lbu	a5,3(a5) # 40000003 <cursor_y>
800015ac:	0ff7f713          	zext.b	a4,a5
800015b0:	02000793          	li	a5,32
800015b4:	00e7f463          	bgeu	a5,a4,800015bc <GPIO_IRQHandler+0x112>
C:\Users\Gutzakk\Desktop\Work\Workspace Synracore\C_new_project\Debug/../app/main.c:1146 (discriminator 1)
800015b8:	47f5                	li	a5,29
800015ba:	a019                	j	800015c0 <GPIO_IRQHandler+0x116>
C:\Users\Gutzakk\Desktop\Work\Workspace Synracore\C_new_project\Debug/../app/main.c:1146 (discriminator 2)
800015bc:	03d00793          	li	a5,61
C:\Users\Gutzakk\Desktop\Work\Workspace Synracore\C_new_project\Debug/../app/main.c:1146 (discriminator 4)
800015c0:	40000737          	lui	a4,0x40000
800015c4:	00f701a3          	sb	a5,3(a4) # 40000003 <cursor_y>
C:\Users\Gutzakk\Desktop\Work\Workspace Synracore\C_new_project\Debug/../app/main.c:1149
			}

			Draw_Cursor(cursor_x, cursor_y, 1);
800015c8:	400007b7          	lui	a5,0x40000
800015cc:	26a7c783          	lbu	a5,618(a5) # 4000026a <cursor_x>
800015d0:	0ff7f713          	zext.b	a4,a5
800015d4:	400007b7          	lui	a5,0x40000
800015d8:	0037c783          	lbu	a5,3(a5) # 40000003 <cursor_y>
800015dc:	0ff7f793          	zext.b	a5,a5
800015e0:	4605                	li	a2,1
800015e2:	85be                	mv	a1,a5
800015e4:	853a                	mv	a0,a4
800015e6:	1e1010ef          	jal	80002fc6 <Draw_Cursor>
C:\Users\Gutzakk\Desktop\Work\Workspace Synracore\C_new_project\Debug/../app/main.c:1152


			gpio_btn2 = SysTimer_ms;
800015ea:	400007b7          	lui	a5,0x40000
800015ee:	2507a703          	lw	a4,592(a5) # 40000250 <SysTimer_ms>
800015f2:	400007b7          	lui	a5,0x40000
800015f6:	24e7ae23          	sw	a4,604(a5) # 4000025c <gpio_btn2>
C:\Users\Gutzakk\Desktop\Work\Workspace Synracore\C_new_project\Debug/../app/main.c:1155
		}

		GPIOC->INTSTATUS = 1 << 2;
800015fa:	280027b7          	lui	a5,0x28002
800015fe:	4711                	li	a4,4
80001600:	08e7a023          	sw	a4,128(a5) # 28002080 <STACK_SIZE+0x28001880>
C:\Users\Gutzakk\Desktop\Work\Workspace Synracore\C_new_project\Debug/../app/main.c:1160
	}



	if (GPIOC->INTSTATUS & (1 << 3))//Пролистывание вверх
80001604:	280027b7          	lui	a5,0x28002
80001608:	0807a783          	lw	a5,128(a5) # 28002080 <STACK_SIZE+0x28001880>
8000160c:	8ba1                	andi	a5,a5,8
8000160e:	24078163          	beqz	a5,80001850 <GPIO_IRQHandler+0x3a6>
C:\Users\Gutzakk\Desktop\Work\Workspace Synracore\C_new_project\Debug/../app/main.c:1162
	{
		if ((SysTimer_ms - gpio_btn3) > 150)
80001612:	400007b7          	lui	a5,0x40000
80001616:	2507a703          	lw	a4,592(a5) # 40000250 <SysTimer_ms>
8000161a:	400007b7          	lui	a5,0x40000
8000161e:	2607a783          	lw	a5,608(a5) # 40000260 <gpio_btn3>
80001622:	8f1d                	sub	a4,a4,a5
80001624:	09600793          	li	a5,150
80001628:	20e7ff63          	bgeu	a5,a4,80001846 <GPIO_IRQHandler+0x39c>
C:\Users\Gutzakk\Desktop\Work\Workspace Synracore\C_new_project\Debug/../app/main.c:1164
		{
			switch (current_window)
8000162c:	400007b7          	lui	a5,0x40000
80001630:	0007c783          	lbu	a5,0(a5) # 40000000 <current_window>
80001634:	0ff7f793          	zext.b	a5,a5
80001638:	873e                	mv	a4,a5
8000163a:	4785                	li	a5,1
8000163c:	1ef71d63          	bne	a4,a5,80001836 <GPIO_IRQHandler+0x38c>
C:\Users\Gutzakk\Desktop\Work\Workspace Synracore\C_new_project\Debug/../app/main.c:1168
			{
			case WINDOW_1:

				if (cursor_y < 32)
80001640:	400007b7          	lui	a5,0x40000
80001644:	0037c783          	lbu	a5,3(a5) # 40000003 <cursor_y>
80001648:	0ff7f713          	zext.b	a4,a5
8000164c:	47fd                	li	a5,31
8000164e:	0ee7eb63          	bltu	a5,a4,80001744 <GPIO_IRQHandler+0x29a>
C:\Users\Gutzakk\Desktop\Work\Workspace Synracore\C_new_project\Debug/../app/main.c:1170
				{
					current_window1_1 = (current_window1_1 + 1) % 5;
80001652:	400007b7          	lui	a5,0x40000
80001656:	0017c783          	lbu	a5,1(a5) # 40000001 <current_window1_1>
8000165a:	0ff7f793          	zext.b	a5,a5
8000165e:	00178713          	addi	a4,a5,1
80001662:	666667b7          	lui	a5,0x66666
80001666:	66778793          	addi	a5,a5,1639 # 66666667 <__TLS0_BASE__+0x26626667>
8000166a:	02f717b3          	mulh	a5,a4,a5
8000166e:	4017d693          	srai	a3,a5,0x1
80001672:	41f75793          	srai	a5,a4,0x1f
80001676:	8e9d                	sub	a3,a3,a5
80001678:	87b6                	mv	a5,a3
8000167a:	078a                	slli	a5,a5,0x2
8000167c:	97b6                	add	a5,a5,a3
8000167e:	40f706b3          	sub	a3,a4,a5
80001682:	0ff6f713          	zext.b	a4,a3
80001686:	400007b7          	lui	a5,0x40000
8000168a:	00e780a3          	sb	a4,1(a5) # 40000001 <current_window1_1>
C:\Users\Gutzakk\Desktop\Work\Workspace Synracore\C_new_project\Debug/../app/main.c:1171
					window_1[getIndex(cursor_x, cursor_y)] = window1_12[current_window1_1];
8000168e:	400007b7          	lui	a5,0x40000
80001692:	0017c783          	lbu	a5,1(a5) # 40000001 <current_window1_1>
80001696:	0ff7f793          	zext.b	a5,a5
8000169a:	84be                	mv	s1,a5
8000169c:	400007b7          	lui	a5,0x40000
800016a0:	26a7c783          	lbu	a5,618(a5) # 4000026a <cursor_x>
800016a4:	0ff7f713          	zext.b	a4,a5
800016a8:	400007b7          	lui	a5,0x40000
800016ac:	0037c783          	lbu	a5,3(a5) # 40000003 <cursor_y>
800016b0:	0ff7f793          	zext.b	a5,a5
800016b4:	85be                	mv	a1,a5
800016b6:	853a                	mv	a0,a4
800016b8:	2a9010ef          	jal	80003160 <getIndex>
800016bc:	87aa                	mv	a5,a0
C:\Users\Gutzakk\Desktop\Work\Workspace Synracore\C_new_project\Debug/../app/main.c:1171 (discriminator 1)
800016be:	86be                	mv	a3,a5
800016c0:	400007b7          	lui	a5,0x40000
800016c4:	00478793          	addi	a5,a5,4 # 40000004 <window1_12>
800016c8:	97a6                	add	a5,a5,s1
800016ca:	00078703          	lb	a4,0(a5)
800016ce:	400007b7          	lui	a5,0x40000
800016d2:	10c78793          	addi	a5,a5,268 # 4000010c <window_1>
800016d6:	97b6                	add	a5,a5,a3
800016d8:	00e78023          	sb	a4,0(a5)
C:\Users\Gutzakk\Desktop\Work\Workspace Synracore\C_new_project\Debug/../app/main.c:1172
					DMA_Collect_Row(cursor_x, cursor_y - 29, (char[]){window_1[getIndex(cursor_x, cursor_y)], '\0'});
800016dc:	400007b7          	lui	a5,0x40000
800016e0:	26a7c783          	lbu	a5,618(a5) # 4000026a <cursor_x>
800016e4:	0ff7f493          	zext.b	s1,a5
800016e8:	400007b7          	lui	a5,0x40000
800016ec:	0037c783          	lbu	a5,3(a5) # 40000003 <cursor_y>
800016f0:	0ff7f793          	zext.b	a5,a5
800016f4:	178d                	addi	a5,a5,-29
800016f6:	0ff7f913          	zext.b	s2,a5
800016fa:	400007b7          	lui	a5,0x40000
800016fe:	26a7c783          	lbu	a5,618(a5) # 4000026a <cursor_x>
80001702:	0ff7f713          	zext.b	a4,a5
80001706:	400007b7          	lui	a5,0x40000
8000170a:	0037c783          	lbu	a5,3(a5) # 40000003 <cursor_y>
8000170e:	0ff7f793          	zext.b	a5,a5
80001712:	85be                	mv	a1,a5
80001714:	853a                	mv	a0,a4
80001716:	24b010ef          	jal	80003160 <getIndex>
8000171a:	87aa                	mv	a5,a0
C:\Users\Gutzakk\Desktop\Work\Workspace Synracore\C_new_project\Debug/../app/main.c:1172 (discriminator 1)
8000171c:	873e                	mv	a4,a5
8000171e:	400007b7          	lui	a5,0x40000
80001722:	10c78793          	addi	a5,a5,268 # 4000010c <window_1>
80001726:	97ba                	add	a5,a5,a4
80001728:	00078783          	lb	a5,0(a5)
8000172c:	fef40623          	sb	a5,-20(s0)
80001730:	fe0406a3          	sb	zero,-19(s0)
80001734:	fec40793          	addi	a5,s0,-20
80001738:	863e                	mv	a2,a5
8000173a:	85ca                	mv	a1,s2
8000173c:	8526                	mv	a0,s1
8000173e:	5fa010ef          	jal	80002d38 <DMA_Collect_Row>
C:\Users\Gutzakk\Desktop\Work\Workspace Synracore\C_new_project\Debug/../app/main.c:1181
					current_window1_2 = (current_window1_2 + 1) % 5;
					window_1[getIndex(cursor_x, cursor_y)] = window1_12[current_window1_2];
					DMA_Collect_Row(cursor_x, cursor_y - 29, (char[]){window_1[getIndex(cursor_x, cursor_y)], '\0'});
				}

				break;
80001742:	a8cd                	j	80001834 <GPIO_IRQHandler+0x38a>
C:\Users\Gutzakk\Desktop\Work\Workspace Synracore\C_new_project\Debug/../app/main.c:1176
					current_window1_2 = (current_window1_2 + 1) % 5;
80001744:	400007b7          	lui	a5,0x40000
80001748:	0027c783          	lbu	a5,2(a5) # 40000002 <current_window1_2>
8000174c:	0ff7f793          	zext.b	a5,a5
80001750:	00178713          	addi	a4,a5,1
80001754:	666667b7          	lui	a5,0x66666
80001758:	66778793          	addi	a5,a5,1639 # 66666667 <__TLS0_BASE__+0x26626667>
8000175c:	02f717b3          	mulh	a5,a4,a5
80001760:	4017d693          	srai	a3,a5,0x1
80001764:	41f75793          	srai	a5,a4,0x1f
80001768:	8e9d                	sub	a3,a3,a5
8000176a:	87b6                	mv	a5,a3
8000176c:	078a                	slli	a5,a5,0x2
8000176e:	97b6                	add	a5,a5,a3
80001770:	40f706b3          	sub	a3,a4,a5
80001774:	0ff6f713          	zext.b	a4,a3
80001778:	400007b7          	lui	a5,0x40000
8000177c:	00e78123          	sb	a4,2(a5) # 40000002 <current_window1_2>
C:\Users\Gutzakk\Desktop\Work\Workspace Synracore\C_new_project\Debug/../app/main.c:1177
					window_1[getIndex(cursor_x, cursor_y)] = window1_12[current_window1_2];
80001780:	400007b7          	lui	a5,0x40000
80001784:	0027c783          	lbu	a5,2(a5) # 40000002 <current_window1_2>
80001788:	0ff7f793          	zext.b	a5,a5
8000178c:	84be                	mv	s1,a5
8000178e:	400007b7          	lui	a5,0x40000
80001792:	26a7c783          	lbu	a5,618(a5) # 4000026a <cursor_x>
80001796:	0ff7f713          	zext.b	a4,a5
8000179a:	400007b7          	lui	a5,0x40000
8000179e:	0037c783          	lbu	a5,3(a5) # 40000003 <cursor_y>
800017a2:	0ff7f793          	zext.b	a5,a5
800017a6:	85be                	mv	a1,a5
800017a8:	853a                	mv	a0,a4
800017aa:	1b7010ef          	jal	80003160 <getIndex>
800017ae:	87aa                	mv	a5,a0
C:\Users\Gutzakk\Desktop\Work\Workspace Synracore\C_new_project\Debug/../app/main.c:1177 (discriminator 1)
800017b0:	86be                	mv	a3,a5
800017b2:	400007b7          	lui	a5,0x40000
800017b6:	00478793          	addi	a5,a5,4 # 40000004 <window1_12>
800017ba:	97a6                	add	a5,a5,s1
800017bc:	00078703          	lb	a4,0(a5)
800017c0:	400007b7          	lui	a5,0x40000
800017c4:	10c78793          	addi	a5,a5,268 # 4000010c <window_1>
800017c8:	97b6                	add	a5,a5,a3
800017ca:	00e78023          	sb	a4,0(a5)
C:\Users\Gutzakk\Desktop\Work\Workspace Synracore\C_new_project\Debug/../app/main.c:1178
					DMA_Collect_Row(cursor_x, cursor_y - 29, (char[]){window_1[getIndex(cursor_x, cursor_y)], '\0'});
800017ce:	400007b7          	lui	a5,0x40000
800017d2:	26a7c783          	lbu	a5,618(a5) # 4000026a <cursor_x>
800017d6:	0ff7f493          	zext.b	s1,a5
800017da:	400007b7          	lui	a5,0x40000
800017de:	0037c783          	lbu	a5,3(a5) # 40000003 <cursor_y>
800017e2:	0ff7f793          	zext.b	a5,a5
800017e6:	178d                	addi	a5,a5,-29
800017e8:	0ff7f913          	zext.b	s2,a5
800017ec:	400007b7          	lui	a5,0x40000
800017f0:	26a7c783          	lbu	a5,618(a5) # 4000026a <cursor_x>
800017f4:	0ff7f713          	zext.b	a4,a5
800017f8:	400007b7          	lui	a5,0x40000
800017fc:	0037c783          	lbu	a5,3(a5) # 40000003 <cursor_y>
80001800:	0ff7f793          	zext.b	a5,a5
80001804:	85be                	mv	a1,a5
80001806:	853a                	mv	a0,a4
80001808:	159010ef          	jal	80003160 <getIndex>
8000180c:	87aa                	mv	a5,a0
C:\Users\Gutzakk\Desktop\Work\Workspace Synracore\C_new_project\Debug/../app/main.c:1178 (discriminator 1)
8000180e:	873e                	mv	a4,a5
80001810:	400007b7          	lui	a5,0x40000
80001814:	10c78793          	addi	a5,a5,268 # 4000010c <window_1>
80001818:	97ba                	add	a5,a5,a4
8000181a:	00078783          	lb	a5,0(a5)
8000181e:	fef40423          	sb	a5,-24(s0)
80001822:	fe0404a3          	sb	zero,-23(s0)
80001826:	fe840793          	addi	a5,s0,-24
8000182a:	863e                	mv	a2,a5
8000182c:	85ca                	mv	a1,s2
8000182e:	8526                	mv	a0,s1
80001830:	508010ef          	jal	80002d38 <DMA_Collect_Row>
C:\Users\Gutzakk\Desktop\Work\Workspace Synracore\C_new_project\Debug/../app/main.c:1181
				break;
80001834:	0001                	nop
C:\Users\Gutzakk\Desktop\Work\Workspace Synracore\C_new_project\Debug/../app/main.c:1184
			}

			gpio_btn3 = SysTimer_ms;
80001836:	400007b7          	lui	a5,0x40000
8000183a:	2507a703          	lw	a4,592(a5) # 40000250 <SysTimer_ms>
8000183e:	400007b7          	lui	a5,0x40000
80001842:	26e7a023          	sw	a4,608(a5) # 40000260 <gpio_btn3>
C:\Users\Gutzakk\Desktop\Work\Workspace Synracore\C_new_project\Debug/../app/main.c:1187
		}

		GPIOC->INTSTATUS = 1 << 3;
80001846:	280027b7          	lui	a5,0x28002
8000184a:	4721                	li	a4,8
8000184c:	08e7a023          	sw	a4,128(a5) # 28002080 <STACK_SIZE+0x28001880>
C:\Users\Gutzakk\Desktop\Work\Workspace Synracore\C_new_project\Debug/../app/main.c:1192
	}



	if (GPIOC->INTSTATUS & (1 << 4))//Подтверждение ввода
80001850:	280027b7          	lui	a5,0x28002
80001854:	0807a783          	lw	a5,128(a5) # 28002080 <STACK_SIZE+0x28001880>
80001858:	8bc1                	andi	a5,a5,16
8000185a:	c7c1                	beqz	a5,800018e2 <GPIO_IRQHandler+0x438>
C:\Users\Gutzakk\Desktop\Work\Workspace Synracore\C_new_project\Debug/../app/main.c:1194
	{
		if ((SysTimer_ms - gpio_btn4) > 150)
8000185c:	400007b7          	lui	a5,0x40000
80001860:	2507a703          	lw	a4,592(a5) # 40000250 <SysTimer_ms>
80001864:	400007b7          	lui	a5,0x40000
80001868:	2647a783          	lw	a5,612(a5) # 40000264 <gpio_btn4>
8000186c:	8f1d                	sub	a4,a4,a5
8000186e:	09600793          	li	a5,150
80001872:	06e7f363          	bgeu	a5,a4,800018d8 <GPIO_IRQHandler+0x42e>
C:\Users\Gutzakk\Desktop\Work\Workspace Synracore\C_new_project\Debug/../app/main.c:1196
		{
			isEditing = 0;
80001876:	400007b7          	lui	a5,0x40000
8000187a:	26078423          	sb	zero,616(a5) # 40000268 <isEditing>
C:\Users\Gutzakk\Desktop\Work\Workspace Synracore\C_new_project\Debug/../app/main.c:1197
			need_window1 = 1;
8000187e:	400007b7          	lui	a5,0x40000
80001882:	4705                	li	a4,1
80001884:	26e784a3          	sb	a4,617(a5) # 40000269 <need_window1>
C:\Users\Gutzakk\Desktop\Work\Workspace Synracore\C_new_project\Debug/../app/main.c:1200


			GPIOC->INTENSET |= 1 << 1;//Включаем вход в Конфигурацию
80001888:	280027b7          	lui	a5,0x28002
8000188c:	53b8                	lw	a4,96(a5)
8000188e:	280027b7          	lui	a5,0x28002
80001892:	00276713          	ori	a4,a4,2
80001896:	d3b8                	sw	a4,96(a5)
C:\Users\Gutzakk\Desktop\Work\Workspace Synracore\C_new_project\Debug/../app/main.c:1201
			GPIOC->INTENSET |= 1 << 2;//Включаем перелистывания горизонта
80001898:	280027b7          	lui	a5,0x28002
8000189c:	53b8                	lw	a4,96(a5)
8000189e:	280027b7          	lui	a5,0x28002
800018a2:	00476713          	ori	a4,a4,4
800018a6:	d3b8                	sw	a4,96(a5)
C:\Users\Gutzakk\Desktop\Work\Workspace Synracore\C_new_project\Debug/../app/main.c:1202
			GPIOC->INTENCLR |= 1 << 3;//Выключаем перелистывание вертикали
800018a8:	280027b7          	lui	a5,0x28002
800018ac:	53f8                	lw	a4,100(a5)
800018ae:	280027b7          	lui	a5,0x28002
800018b2:	00876713          	ori	a4,a4,8
800018b6:	d3f8                	sw	a4,100(a5)
C:\Users\Gutzakk\Desktop\Work\Workspace Synracore\C_new_project\Debug/../app/main.c:1203
			GPIOC->INTENCLR |= 1 << 4;//Выключаем подтверждение ввода
800018b8:	280027b7          	lui	a5,0x28002
800018bc:	53f8                	lw	a4,100(a5)
800018be:	280027b7          	lui	a5,0x28002
800018c2:	01076713          	ori	a4,a4,16
800018c6:	d3f8                	sw	a4,100(a5)
C:\Users\Gutzakk\Desktop\Work\Workspace Synracore\C_new_project\Debug/../app/main.c:1206


			gpio_btn4 = SysTimer_ms;
800018c8:	400007b7          	lui	a5,0x40000
800018cc:	2507a703          	lw	a4,592(a5) # 40000250 <SysTimer_ms>
800018d0:	400007b7          	lui	a5,0x40000
800018d4:	26e7a223          	sw	a4,612(a5) # 40000264 <gpio_btn4>
C:\Users\Gutzakk\Desktop\Work\Workspace Synracore\C_new_project\Debug/../app/main.c:1209
		}

		GPIOC->INTSTATUS = 1 << 4;
800018d8:	280027b7          	lui	a5,0x28002
800018dc:	4741                	li	a4,16
800018de:	08e7a023          	sw	a4,128(a5) # 28002080 <STACK_SIZE+0x28001880>
C:\Users\Gutzakk\Desktop\Work\Workspace Synracore\C_new_project\Debug/../app/main.c:1211
	}
}
800018e2:	0001                	nop
800018e4:	40f2                	lw	ra,28(sp)
800018e6:	4462                	lw	s0,24(sp)
800018e8:	44d2                	lw	s1,20(sp)
800018ea:	4942                	lw	s2,16(sp)
800018ec:	6105                	addi	sp,sp,32
800018ee:	8082                	ret

800018f0 <UART2_init>:
UART2_init():
C:\Users\Gutzakk\Desktop\Work\Workspace Synracore\C_new_project\Debug/../app/main.c:1217



/*============Настройка UART2==================*/
void UART2_init()
{
800018f0:	1101                	addi	sp,sp,-32
800018f2:	ce06                	sw	ra,28(sp)
800018f4:	cc22                	sw	s0,24(sp)
800018f6:	1000                	addi	s0,sp,32
C:\Users\Gutzakk\Desktop\Work\Workspace Synracore\C_new_project\Debug/../app/main.c:1218
    uint32_t baud_icoef = 16000000 / (16 * UART2_BAUD);
800018f8:	47a1                	li	a5,8
800018fa:	fef42623          	sw	a5,-20(s0)
C:\Users\Gutzakk\Desktop\Work\Workspace Synracore\C_new_project\Debug/../app/main.c:1219
    uint32_t baud_fcoef = ((16000000 / (16.0f * RETARGET_UART_BAUD) - baud_icoef) * 64 + 0.5f);
800018fe:	fec42783          	lw	a5,-20(s0)
80001902:	d017f7d3          	fcvt.s.wu	fa5,a5
80001906:	800047b7          	lui	a5,0x80004
8000190a:	8d07a707          	flw	fa4,-1840(a5) # 800038d0 <_tdata_start>
8000190e:	08f77753          	fsub.s	fa4,fa4,fa5
80001912:	800047b7          	lui	a5,0x80004
80001916:	8d47a787          	flw	fa5,-1836(a5) # 800038d4 <_tdata_start+0x4>
8000191a:	10f77753          	fmul.s	fa4,fa4,fa5
8000191e:	800047b7          	lui	a5,0x80004
80001922:	8d87a787          	flw	fa5,-1832(a5) # 800038d8 <_tdata_start+0x8>
80001926:	00f777d3          	fadd.s	fa5,fa4,fa5
8000192a:	c01797d3          	fcvt.wu.s	a5,fa5,rtz
8000192e:	fef42423          	sw	a5,-24(s0)
C:\Users\Gutzakk\Desktop\Work\Workspace Synracore\C_new_project\Debug/../app/main.c:1223


    // Настраиваем GPIO
    RCU->CGCFGAHB |= 1 << 8;//Разрешение тактирования порта А
80001932:	3000e7b7          	lui	a5,0x3000e
80001936:	4398                	lw	a4,0(a5)
80001938:	3000e7b7          	lui	a5,0x3000e
8000193c:	10076713          	ori	a4,a4,256
80001940:	c398                	sw	a4,0(a5)
C:\Users\Gutzakk\Desktop\Work\Workspace Synracore\C_new_project\Debug/../app/main.c:1224
    RCU->RSTDISAHB |= 1 << 8;//Включения порта А
80001942:	3000e7b7          	lui	a5,0x3000e
80001946:	4b98                	lw	a4,16(a5)
80001948:	3000e7b7          	lui	a5,0x3000e
8000194c:	10076713          	ori	a4,a4,256
80001950:	cb98                	sw	a4,16(a5)
C:\Users\Gutzakk\Desktop\Work\Workspace Synracore\C_new_project\Debug/../app/main.c:1226

    RCU->CGCFGAPB |= 1 << 8;//Разрешение тактирования блока UART2
80001952:	3000e7b7          	lui	a5,0x3000e
80001956:	4798                	lw	a4,8(a5)
80001958:	3000e7b7          	lui	a5,0x3000e
8000195c:	10076713          	ori	a4,a4,256
80001960:	c798                	sw	a4,8(a5)
C:\Users\Gutzakk\Desktop\Work\Workspace Synracore\C_new_project\Debug/../app/main.c:1227
    RCU->RSTDISAPB |= 1 << 8;//Включение блока UART2
80001962:	3000e7b7          	lui	a5,0x3000e
80001966:	4f98                	lw	a4,24(a5)
80001968:	3000e7b7          	lui	a5,0x3000e
8000196c:	10076713          	ori	a4,a4,256
80001970:	cf98                	sw	a4,24(a5)
C:\Users\Gutzakk\Desktop\Work\Workspace Synracore\C_new_project\Debug/../app/main.c:1229

    GPIOA->ALTFUNCNUM |= 0b11 << 24;//Выбор алтернативы для 14 порта - uart
80001972:	280007b7          	lui	a5,0x28000
80001976:	5fd4                	lw	a3,60(a5)
80001978:	280007b7          	lui	a5,0x28000
8000197c:	03000737          	lui	a4,0x3000
80001980:	8f55                	or	a4,a4,a3
80001982:	dfd8                	sw	a4,60(a5)
C:\Users\Gutzakk\Desktop\Work\Workspace Synracore\C_new_project\Debug/../app/main.c:1230
    GPIOA->ALTFUNCNUM |= 0b11 << 26;//Выбор алтернативы для 15 порта - uart
80001984:	280007b7          	lui	a5,0x28000
80001988:	5fd4                	lw	a3,60(a5)
8000198a:	280007b7          	lui	a5,0x28000
8000198e:	0c000737          	lui	a4,0xc000
80001992:	8f55                	or	a4,a4,a3
80001994:	dfd8                	sw	a4,60(a5)
C:\Users\Gutzakk\Desktop\Work\Workspace Synracore\C_new_project\Debug/../app/main.c:1231
    GPIOA->ALTFUNCSET |= 0b11 << 12;//Включение альтернативы для портов - uart
80001996:	280007b7          	lui	a5,0x28000
8000199a:	5bd4                	lw	a3,52(a5)
8000199c:	280007b7          	lui	a5,0x28000
800019a0:	670d                	lui	a4,0x3
800019a2:	8f55                	or	a4,a4,a3
800019a4:	dbd8                	sw	a4,52(a5)
C:\Users\Gutzakk\Desktop\Work\Workspace Synracore\C_new_project\Debug/../app/main.c:1235


    // Настраиваем UART2
    RCU->UARTCLKCFG[2].UARTCLKCFG_bit.CLKSEL = RCU_UARTCLKCFG_CLKSEL_HSE;
800019a6:	3000e7b7          	lui	a5,0x3000e
800019aa:	5fb4                	lw	a3,120(a5)
800019ac:	fffd0737          	lui	a4,0xfffd0
800019b0:	177d                	addi	a4,a4,-1 # fffcffff <__data_source_start+0x7ffc8f5b>
800019b2:	8ef9                	and	a3,a3,a4
800019b4:	6741                	lui	a4,0x10
800019b6:	8f55                	or	a4,a4,a3
800019b8:	dfb8                	sw	a4,120(a5)
C:\Users\Gutzakk\Desktop\Work\Workspace Synracore\C_new_project\Debug/../app/main.c:1236
    RCU->UARTCLKCFG[2].UARTCLKCFG_bit.DIVEN = 0;
800019ba:	3000e7b7          	lui	a5,0x3000e
800019be:	5fb4                	lw	a3,120(a5)
800019c0:	fff00737          	lui	a4,0xfff00
800019c4:	177d                	addi	a4,a4,-1 # ffefffff <__data_source_start+0x7fef8f5b>
800019c6:	8f75                	and	a4,a4,a3
800019c8:	dfb8                	sw	a4,120(a5)
C:\Users\Gutzakk\Desktop\Work\Workspace Synracore\C_new_project\Debug/../app/main.c:1237
    RCU->UARTCLKCFG[2].UARTCLKCFG_bit.RSTDIS = 1;
800019ca:	3000e7b7          	lui	a5,0x3000e
800019ce:	5fb8                	lw	a4,120(a5)
800019d0:	10076713          	ori	a4,a4,256
800019d4:	dfb8                	sw	a4,120(a5)
C:\Users\Gutzakk\Desktop\Work\Workspace Synracore\C_new_project\Debug/../app/main.c:1238
    RCU->UARTCLKCFG[2].UARTCLKCFG_bit.CLKEN = 1;
800019d6:	3000e7b7          	lui	a5,0x3000e
800019da:	5fb8                	lw	a4,120(a5)
800019dc:	00176713          	ori	a4,a4,1
800019e0:	dfb8                	sw	a4,120(a5)
C:\Users\Gutzakk\Desktop\Work\Workspace Synracore\C_new_project\Debug/../app/main.c:1240

    UART2->IBRD = baud_icoef;//целая часть делителя скорости
800019e2:	300087b7          	lui	a5,0x30008
800019e6:	fec42703          	lw	a4,-20(s0)
800019ea:	d3d8                	sw	a4,36(a5)
C:\Users\Gutzakk\Desktop\Work\Workspace Synracore\C_new_project\Debug/../app/main.c:1241
    UART2->FBRD = baud_fcoef;//дробная часть делителя скорости
800019ec:	300087b7          	lui	a5,0x30008
800019f0:	fe842703          	lw	a4,-24(s0)
800019f4:	d798                	sw	a4,40(a5)
C:\Users\Gutzakk\Desktop\Work\Workspace Synracore\C_new_project\Debug/../app/main.c:1242
    UART2->LCRH |= (0b11 << 5);//8 информационных бит
800019f6:	300087b7          	lui	a5,0x30008
800019fa:	57d8                	lw	a4,44(a5)
800019fc:	300087b7          	lui	a5,0x30008
80001a00:	06076713          	ori	a4,a4,96
80001a04:	d7d8                	sw	a4,44(a5)
C:\Users\Gutzakk\Desktop\Work\Workspace Synracore\C_new_project\Debug/../app/main.c:1243
    UART2->LCRH &= ~(0b1 << 4);//включение режима FIFO буфера приема\передачи
80001a06:	300087b7          	lui	a5,0x30008
80001a0a:	57d8                	lw	a4,44(a5)
80001a0c:	300087b7          	lui	a5,0x30008
80001a10:	9b3d                	andi	a4,a4,-17
80001a12:	d7d8                	sw	a4,44(a5)
C:\Users\Gutzakk\Desktop\Work\Workspace Synracore\C_new_project\Debug/../app/main.c:1244
    UART2->IFLS &= ~(0b111111);//порог прерывания на 1\8 буфера
80001a14:	300087b7          	lui	a5,0x30008
80001a18:	5bd8                	lw	a4,52(a5)
80001a1a:	300087b7          	lui	a5,0x30008
80001a1e:	fc077713          	andi	a4,a4,-64
80001a22:	dbd8                	sw	a4,52(a5)
C:\Users\Gutzakk\Desktop\Work\Workspace Synracore\C_new_project\Debug/../app/main.c:1246

    UART2->IMSC |= 1 << 4;
80001a24:	300087b7          	lui	a5,0x30008
80001a28:	5f98                	lw	a4,56(a5)
80001a2a:	300087b7          	lui	a5,0x30008
80001a2e:	01076713          	ori	a4,a4,16
80001a32:	df98                	sw	a4,56(a5)
C:\Users\Gutzakk\Desktop\Work\Workspace Synracore\C_new_project\Debug/../app/main.c:1248

    UART2->CR |= 0b11 << 8;//Разрешение приема\передачи
80001a34:	300087b7          	lui	a5,0x30008
80001a38:	5b98                	lw	a4,48(a5)
80001a3a:	300087b7          	lui	a5,0x30008
80001a3e:	30076713          	ori	a4,a4,768
80001a42:	db98                	sw	a4,48(a5)
C:\Users\Gutzakk\Desktop\Work\Workspace Synracore\C_new_project\Debug/../app/main.c:1249
    UART2->CR |= 1;//Разрешение работы приемопередатчика
80001a44:	300087b7          	lui	a5,0x30008
80001a48:	5b98                	lw	a4,48(a5)
80001a4a:	300087b7          	lui	a5,0x30008
80001a4e:	00176713          	ori	a4,a4,1
80001a52:	db98                	sw	a4,48(a5)
C:\Users\Gutzakk\Desktop\Work\Workspace Synracore\C_new_project\Debug/../app/main.c:1253


    // Настраиваем обработчик прерывания для UART2
    PLIC_SetIrqHandler (Plic_Mach_Target, IsrVect_IRQ_UART2, UART2_IRQHandler);
80001a54:	800027b7          	lui	a5,0x80002
80001a58:	a7e78613          	addi	a2,a5,-1410 # 80001a7e <UART2_IRQHandler>
80001a5c:	45e1                	li	a1,24
80001a5e:	4501                	li	a0,0
80001a60:	925fe0ef          	jal	80000384 <PLIC_SetIrqHandler>
C:\Users\Gutzakk\Desktop\Work\Workspace Synracore\C_new_project\Debug/../app/main.c:1254
    PLIC_SetPriority   (IsrVect_IRQ_UART2, 0x1);
80001a64:	4585                	li	a1,1
80001a66:	4561                	li	a0,24
80001a68:	971fe0ef          	jal	800003d8 <PLIC_SetPriority>
C:\Users\Gutzakk\Desktop\Work\Workspace Synracore\C_new_project\Debug/../app/main.c:1255
    PLIC_IntEnable     (Plic_Mach_Target, IsrVect_IRQ_UART2);
80001a6c:	45e1                	li	a1,24
80001a6e:	4501                	li	a0,0
80001a70:	997fe0ef          	jal	80000406 <PLIC_IntEnable>
C:\Users\Gutzakk\Desktop\Work\Workspace Synracore\C_new_project\Debug/../app/main.c:1256
}
80001a74:	0001                	nop
80001a76:	40f2                	lw	ra,28(sp)
80001a78:	4462                	lw	s0,24(sp)
80001a7a:	6105                	addi	sp,sp,32
80001a7c:	8082                	ret

80001a7e <UART2_IRQHandler>:
UART2_IRQHandler():
C:\Users\Gutzakk\Desktop\Work\Workspace Synracore\C_new_project\Debug/../app/main.c:1262



/*============Настройка обработчика прерывания по приему UART2==================*/
void UART2_IRQHandler()
{
80001a7e:	1141                	addi	sp,sp,-16
80001a80:	c606                	sw	ra,12(sp)
80001a82:	c422                	sw	s0,8(sp)
80001a84:	0800                	addi	s0,sp,16
C:\Users\Gutzakk\Desktop\Work\Workspace Synracore\C_new_project\Debug/../app/main.c:1263
    if (UART2->RIS & (1 << 4))
80001a86:	300087b7          	lui	a5,0x30008
80001a8a:	5fdc                	lw	a5,60(a5)
80001a8c:	8bc1                	andi	a5,a5,16
80001a8e:	c7b9                	beqz	a5,80001adc <UART2_IRQHandler+0x5e>
C:\Users\Gutzakk\Desktop\Work\Workspace Synracore\C_new_project\Debug/../app/main.c:1265
    {
    	UART2->IMSC &= ~(1 << 4);//Запрет на прерывания UART
80001a90:	300087b7          	lui	a5,0x30008
80001a94:	5f98                	lw	a4,56(a5)
80001a96:	300087b7          	lui	a5,0x30008
80001a9a:	9b3d                	andi	a4,a4,-17
80001a9c:	df98                	sw	a4,56(a5)
C:\Users\Gutzakk\Desktop\Work\Workspace Synracore\C_new_project\Debug/../app/main.c:1266
    	UART2->DMACR |= 1;//Разрешаем обслуживание буфера приемника UART
80001a9e:	300087b7          	lui	a5,0x30008
80001aa2:	47b8                	lw	a4,72(a5)
80001aa4:	300087b7          	lui	a5,0x30008
80001aa8:	00176713          	ori	a4,a4,1
80001aac:	c7b8                	sw	a4,72(a5)
C:\Users\Gutzakk\Desktop\Work\Workspace Synracore\C_new_project\Debug/../app/main.c:1268

		TMR1->COUNT = (TMR1->COUNT & ~0xFFFFFFFF) | (65000);//Текущее значение таймера
80001aae:	300027b7          	lui	a5,0x30002
80001ab2:	43dc                	lw	a5,4(a5)
80001ab4:	300027b7          	lui	a5,0x30002
80001ab8:	6741                	lui	a4,0x10
80001aba:	de870713          	addi	a4,a4,-536 # fde8 <STACK_SIZE+0xf5e8>
80001abe:	c3d8                	sw	a4,4(a5)
C:\Users\Gutzakk\Desktop\Work\Workspace Synracore\C_new_project\Debug/../app/main.c:1269
		TMR1->CAPCOM[0].VAL = 65000;//Период отсчета
80001ac0:	300027b7          	lui	a5,0x30002
80001ac4:	de800713          	li	a4,-536
80001ac8:	00e79e23          	sh	a4,28(a5) # 3000201c <STACK_SIZE+0x3000181c>
C:\Users\Gutzakk\Desktop\Work\Workspace Synracore\C_new_project\Debug/../app/main.c:1271

    	UART2->ICR |= 1 << 4;//Сброс прерывания
80001acc:	300087b7          	lui	a5,0x30008
80001ad0:	43f8                	lw	a4,68(a5)
80001ad2:	300087b7          	lui	a5,0x30008
80001ad6:	01076713          	ori	a4,a4,16
80001ada:	c3f8                	sw	a4,68(a5)
C:\Users\Gutzakk\Desktop\Work\Workspace Synracore\C_new_project\Debug/../app/main.c:1273
    }
}
80001adc:	0001                	nop
80001ade:	40b2                	lw	ra,12(sp)
80001ae0:	4422                	lw	s0,8(sp)
80001ae2:	0141                	addi	sp,sp,16
80001ae4:	8082                	ret

80001ae6 <SPI0_init>:
SPI0_init():
C:\Users\Gutzakk\Desktop\Work\Workspace Synracore\C_new_project\Debug/../app/main.c:1279



/*============Настройка SPI0==================*/
void SPI0_init()
{
80001ae6:	1141                	addi	sp,sp,-16
80001ae8:	c606                	sw	ra,12(sp)
80001aea:	c422                	sw	s0,8(sp)
80001aec:	0800                	addi	s0,sp,16
C:\Users\Gutzakk\Desktop\Work\Workspace Synracore\C_new_project\Debug/../app/main.c:1281
    //B0 - CLK\SCL, B3 - Tx\SDA, B4 - RES, B5 - CS, B6 - DC
    RCU->CGCFGAHB |= 1 << 9;//Разрешение тактирования порта В
80001aee:	3000e7b7          	lui	a5,0x3000e
80001af2:	4398                	lw	a4,0(a5)
80001af4:	3000e7b7          	lui	a5,0x3000e
80001af8:	20076713          	ori	a4,a4,512
80001afc:	c398                	sw	a4,0(a5)
C:\Users\Gutzakk\Desktop\Work\Workspace Synracore\C_new_project\Debug/../app/main.c:1282
    RCU->RSTDISAHB |= 1 << 9;//Включение порта В
80001afe:	3000e7b7          	lui	a5,0x3000e
80001b02:	4b98                	lw	a4,16(a5)
80001b04:	3000e7b7          	lui	a5,0x3000e
80001b08:	20076713          	ori	a4,a4,512
80001b0c:	cb98                	sw	a4,16(a5)
C:\Users\Gutzakk\Desktop\Work\Workspace Synracore\C_new_project\Debug/../app/main.c:1284

    RCU->CGCFGAHB |= 1 << 5;//Разрешение тактирования блока SPI0
80001b0e:	3000e7b7          	lui	a5,0x3000e
80001b12:	4398                	lw	a4,0(a5)
80001b14:	3000e7b7          	lui	a5,0x3000e
80001b18:	02076713          	ori	a4,a4,32
80001b1c:	c398                	sw	a4,0(a5)
C:\Users\Gutzakk\Desktop\Work\Workspace Synracore\C_new_project\Debug/../app/main.c:1285
    RCU->RSTDISAHB |= 1 << 5;//Включение блока SPI0
80001b1e:	3000e7b7          	lui	a5,0x3000e
80001b22:	4b98                	lw	a4,16(a5)
80001b24:	3000e7b7          	lui	a5,0x3000e
80001b28:	02076713          	ori	a4,a4,32
80001b2c:	cb98                	sw	a4,16(a5)
C:\Users\Gutzakk\Desktop\Work\Workspace Synracore\C_new_project\Debug/../app/main.c:1288


    GPIOB->ALTFUNCNUM = (GPIOB->ALTFUNCNUM & ~(0b11111111)) | 0b01010101;//Выбор алтернативы для 0-3 порта - SPI0
80001b2e:	280017b7          	lui	a5,0x28001
80001b32:	5fdc                	lw	a5,60(a5)
80001b34:	f007f713          	andi	a4,a5,-256
80001b38:	280017b7          	lui	a5,0x28001
80001b3c:	05576713          	ori	a4,a4,85
80001b40:	dfd8                	sw	a4,60(a5)
C:\Users\Gutzakk\Desktop\Work\Workspace Synracore\C_new_project\Debug/../app/main.c:1289
    GPIOB->ALTFUNCSET |= 0b1111;//Включение альтернативы для портов - SPI0
80001b42:	280017b7          	lui	a5,0x28001
80001b46:	5bd8                	lw	a4,52(a5)
80001b48:	280017b7          	lui	a5,0x28001
80001b4c:	00f76713          	ori	a4,a4,15
80001b50:	dbd8                	sw	a4,52(a5)
C:\Users\Gutzakk\Desktop\Work\Workspace Synracore\C_new_project\Debug/../app/main.c:1292


    GPIOB->ALTFUNCCLR = 0b111 << 4;//выключение альтернативы B4-B6
80001b52:	280017b7          	lui	a5,0x28001
80001b56:	07000713          	li	a4,112
80001b5a:	df98                	sw	a4,56(a5)
C:\Users\Gutzakk\Desktop\Work\Workspace Synracore\C_new_project\Debug/../app/main.c:1293
	GPIOB->OUTENSET |= 0b111 << 4;//B4-B6 - можем управлять выводом
80001b5c:	280017b7          	lui	a5,0x28001
80001b60:	57d8                	lw	a4,44(a5)
80001b62:	280017b7          	lui	a5,0x28001
80001b66:	07076713          	ori	a4,a4,112
80001b6a:	d7d8                	sw	a4,44(a5)
C:\Users\Gutzakk\Desktop\Work\Workspace Synracore\C_new_project\Debug/../app/main.c:1294
	GPIOB->DATAOUTSET = 0b111 << 4;//B4-B6 - высокий уровень
80001b6c:	280017b7          	lui	a5,0x28001
80001b70:	07000713          	li	a4,112
80001b74:	c798                	sw	a4,8(a5)
C:\Users\Gutzakk\Desktop\Work\Workspace Synracore\C_new_project\Debug/../app/main.c:1297


    RCU->SPICLKCFG[0].SPICLKCFG_bit.CLKSEL = RCU_SPICLKCFG_CLKSEL_HSE;//Источник тактов
80001b76:	3000e7b7          	lui	a5,0x3000e
80001b7a:	0947a683          	lw	a3,148(a5) # 3000e094 <STACK_SIZE+0x3000d894>
80001b7e:	fffd0737          	lui	a4,0xfffd0
80001b82:	177d                	addi	a4,a4,-1 # fffcffff <__data_source_start+0x7ffc8f5b>
80001b84:	8ef9                	and	a3,a3,a4
80001b86:	6741                	lui	a4,0x10
80001b88:	8f55                	or	a4,a4,a3
80001b8a:	08e7aa23          	sw	a4,148(a5)
C:\Users\Gutzakk\Desktop\Work\Workspace Synracore\C_new_project\Debug/../app/main.c:1298
    RCU->SPICLKCFG[0].SPICLKCFG_bit.DIVN = 1;//Коэф деления
80001b8e:	3000e7b7          	lui	a5,0x3000e
80001b92:	0947a683          	lw	a3,148(a5) # 3000e094 <STACK_SIZE+0x3000d894>
80001b96:	c1000737          	lui	a4,0xc1000
80001b9a:	177d                	addi	a4,a4,-1 # c0ffffff <__data_source_start+0x40ff8f5b>
80001b9c:	8ef9                	and	a3,a3,a4
80001b9e:	01000737          	lui	a4,0x1000
80001ba2:	8f55                	or	a4,a4,a3
80001ba4:	08e7aa23          	sw	a4,148(a5)
C:\Users\Gutzakk\Desktop\Work\Workspace Synracore\C_new_project\Debug/../app/main.c:1299
    RCU->SPICLKCFG[0].SPICLKCFG_bit.DIVEN = 1;//включение делителя
80001ba8:	3000e7b7          	lui	a5,0x3000e
80001bac:	0947a683          	lw	a3,148(a5) # 3000e094 <STACK_SIZE+0x3000d894>
80001bb0:	00100737          	lui	a4,0x100
80001bb4:	8f55                	or	a4,a4,a3
80001bb6:	08e7aa23          	sw	a4,148(a5)
C:\Users\Gutzakk\Desktop\Work\Workspace Synracore\C_new_project\Debug/../app/main.c:1300
    RCU->SPICLKCFG[0].SPICLKCFG_bit.RSTDIS = 1;//Снятие сброса
80001bba:	3000e7b7          	lui	a5,0x3000e
80001bbe:	0947a703          	lw	a4,148(a5) # 3000e094 <STACK_SIZE+0x3000d894>
80001bc2:	10076713          	ori	a4,a4,256
80001bc6:	08e7aa23          	sw	a4,148(a5)
C:\Users\Gutzakk\Desktop\Work\Workspace Synracore\C_new_project\Debug/../app/main.c:1301
    RCU->SPICLKCFG[0].SPICLKCFG_bit.CLKEN = 1;//Разрешение тактирования
80001bca:	3000e7b7          	lui	a5,0x3000e
80001bce:	0947a703          	lw	a4,148(a5) # 3000e094 <STACK_SIZE+0x3000d894>
80001bd2:	00176713          	ori	a4,a4,1
80001bd6:	08e7aa23          	sw	a4,148(a5)
C:\Users\Gutzakk\Desktop\Work\Workspace Synracore\C_new_project\Debug/../app/main.c:1304


    SPI0->CPSR = 2;
80001bda:	200507b7          	lui	a5,0x20050
80001bde:	4709                	li	a4,2
80001be0:	cb98                	sw	a4,16(a5)
C:\Users\Gutzakk\Desktop\Work\Workspace Synracore\C_new_project\Debug/../app/main.c:1307


    SPI0->CR0 &= ~(0b11111111 << 8);//коэф второго делителя
80001be2:	200507b7          	lui	a5,0x20050
80001be6:	4394                	lw	a3,0(a5)
80001be8:	200507b7          	lui	a5,0x20050
80001bec:	7741                	lui	a4,0xffff0
80001bee:	0ff70713          	addi	a4,a4,255 # ffff00ff <__data_source_start+0x7ffe905b>
80001bf2:	8f75                	and	a4,a4,a3
80001bf4:	c398                	sw	a4,0(a5)
C:\Users\Gutzakk\Desktop\Work\Workspace Synracore\C_new_project\Debug/../app/main.c:1308
    SPI0->CR0 &= ~(1 << 7);//фаза сигнала
80001bf6:	200507b7          	lui	a5,0x20050
80001bfa:	4398                	lw	a4,0(a5)
80001bfc:	200507b7          	lui	a5,0x20050
80001c00:	f7f77713          	andi	a4,a4,-129
80001c04:	c398                	sw	a4,0(a5)
C:\Users\Gutzakk\Desktop\Work\Workspace Synracore\C_new_project\Debug/../app/main.c:1309
    SPI0->CR0 &= ~(0b11 << 4);//протокол SPI
80001c06:	200507b7          	lui	a5,0x20050
80001c0a:	4398                	lw	a4,0(a5)
80001c0c:	200507b7          	lui	a5,0x20050
80001c10:	fcf77713          	andi	a4,a4,-49
80001c14:	c398                	sw	a4,0(a5)
C:\Users\Gutzakk\Desktop\Work\Workspace Synracore\C_new_project\Debug/../app/main.c:1310
    SPI0->CR0 = (SPI0->CR0 & ~(0b1111)) | 0b0111;//размер 8 бит
80001c16:	200507b7          	lui	a5,0x20050
80001c1a:	439c                	lw	a5,0(a5)
80001c1c:	ff07f713          	andi	a4,a5,-16
80001c20:	200507b7          	lui	a5,0x20050
80001c24:	00776713          	ori	a4,a4,7
80001c28:	c398                	sw	a4,0(a5)
C:\Users\Gutzakk\Desktop\Work\Workspace Synracore\C_new_project\Debug/../app/main.c:1312

    SPI0->CR1 &= ~(1 << 2);//режим Мастера
80001c2a:	200507b7          	lui	a5,0x20050
80001c2e:	43d8                	lw	a4,4(a5)
80001c30:	200507b7          	lui	a5,0x20050
80001c34:	9b6d                	andi	a4,a4,-5
80001c36:	c3d8                	sw	a4,4(a5)
C:\Users\Gutzakk\Desktop\Work\Workspace Synracore\C_new_project\Debug/../app/main.c:1313
    SPI0->CR1 |= 1 << 1;//разрешение работы ресивера
80001c38:	200507b7          	lui	a5,0x20050
80001c3c:	43d8                	lw	a4,4(a5)
80001c3e:	200507b7          	lui	a5,0x20050
80001c42:	00276713          	ori	a4,a4,2
80001c46:	c3d8                	sw	a4,4(a5)
C:\Users\Gutzakk\Desktop\Work\Workspace Synracore\C_new_project\Debug/../app/main.c:1314
}
80001c48:	0001                	nop
80001c4a:	40b2                	lw	ra,12(sp)
80001c4c:	4422                	lw	s0,8(sp)
80001c4e:	0141                	addi	sp,sp,16
80001c50:	8082                	ret

80001c52 <DMA_GLOBAL_init>:
DMA_GLOBAL_init():
C:\Users\Gutzakk\Desktop\Work\Workspace Synracore\C_new_project\Debug/../app/main.c:1320



/*============Глобальная настройка DMA==================*/
void DMA_GLOBAL_init()
{
80001c52:	1141                	addi	sp,sp,-16
80001c54:	c606                	sw	ra,12(sp)
80001c56:	c422                	sw	s0,8(sp)
80001c58:	0800                	addi	s0,sp,16
C:\Users\Gutzakk\Desktop\Work\Workspace Synracore\C_new_project\Debug/../app/main.c:1321
	DMA->CFG |= 1 << 3;//Включение контроллера DMA
80001c5a:	3000c7b7          	lui	a5,0x3000c
80001c5e:	43d8                	lw	a4,4(a5)
80001c60:	3000c7b7          	lui	a5,0x3000c
80001c64:	00876713          	ori	a4,a4,8
80001c68:	c3d8                	sw	a4,4(a5)
C:\Users\Gutzakk\Desktop\Work\Workspace Synracore\C_new_project\Debug/../app/main.c:1326


	/*============DMA UART==================*/
	//Основная структура, прием, канал 13
	DMA_CONFIGDATA.PRM_DATA.CH[13].SRC_DATA_END_PTR |= (uint32_t)(&UART2->DR);//источник приема
80001c6a:	400017b7          	lui	a5,0x40001
80001c6e:	80078793          	addi	a5,a5,-2048 # 40000800 <DMA_CONFIGDATA>
80001c72:	0d07a703          	lw	a4,208(a5)
80001c76:	300087b7          	lui	a5,0x30008
80001c7a:	8f5d                	or	a4,a4,a5
80001c7c:	400017b7          	lui	a5,0x40001
80001c80:	80078793          	addi	a5,a5,-2048 # 40000800 <DMA_CONFIGDATA>
80001c84:	0ce7a823          	sw	a4,208(a5)
C:\Users\Gutzakk\Desktop\Work\Workspace Synracore\C_new_project\Debug/../app/main.c:1327
	DMA_CONFIGDATA.PRM_DATA.CH[13].CHANNEL_CFG |= 0b00 << 17;
80001c88:	400017b7          	lui	a5,0x40001
80001c8c:	80078793          	addi	a5,a5,-2048 # 40000800 <DMA_CONFIGDATA>
80001c90:	0d87a703          	lw	a4,216(a5)
80001c94:	400017b7          	lui	a5,0x40001
80001c98:	80078793          	addi	a5,a5,-2048 # 40000800 <DMA_CONFIGDATA>
80001c9c:	0ce7ac23          	sw	a4,216(a5)
C:\Users\Gutzakk\Desktop\Work\Workspace Synracore\C_new_project\Debug/../app/main.c:1328
	DMA_CONFIGDATA.PRM_DATA.CH[13].CHANNEL_CFG |= 0b11 << 15;
80001ca0:	400017b7          	lui	a5,0x40001
80001ca4:	80078793          	addi	a5,a5,-2048 # 40000800 <DMA_CONFIGDATA>
80001ca8:	0d87a703          	lw	a4,216(a5)
80001cac:	67e1                	lui	a5,0x18
80001cae:	8f5d                	or	a4,a4,a5
80001cb0:	400017b7          	lui	a5,0x40001
80001cb4:	80078793          	addi	a5,a5,-2048 # 40000800 <DMA_CONFIGDATA>
80001cb8:	0ce7ac23          	sw	a4,216(a5)
C:\Users\Gutzakk\Desktop\Work\Workspace Synracore\C_new_project\Debug/../app/main.c:1330

	DMA_CONFIGDATA.PRM_DATA.CH[13].DST_DATA_END_PTR |= (uint32_t)&(DMA_PING[DMA_PING_PONG_SIZE-1]);//конечный пункт приема
80001cbc:	400017b7          	lui	a5,0x40001
80001cc0:	80078793          	addi	a5,a5,-2048 # 40000800 <DMA_CONFIGDATA>
80001cc4:	0d47a703          	lw	a4,212(a5)
80001cc8:	c8918793          	addi	a5,gp,-887 # 40000409 <DMA_PING+0x9>
80001ccc:	8f5d                	or	a4,a4,a5
80001cce:	400017b7          	lui	a5,0x40001
80001cd2:	80078793          	addi	a5,a5,-2048 # 40000800 <DMA_CONFIGDATA>
80001cd6:	0ce7aa23          	sw	a4,212(a5)
C:\Users\Gutzakk\Desktop\Work\Workspace Synracore\C_new_project\Debug/../app/main.c:1331
	DMA_CONFIGDATA.PRM_DATA.CH[13].CHANNEL_CFG |= 0b00 << 21;
80001cda:	400017b7          	lui	a5,0x40001
80001cde:	80078793          	addi	a5,a5,-2048 # 40000800 <DMA_CONFIGDATA>
80001ce2:	0d87a703          	lw	a4,216(a5)
80001ce6:	400017b7          	lui	a5,0x40001
80001cea:	80078793          	addi	a5,a5,-2048 # 40000800 <DMA_CONFIGDATA>
80001cee:	0ce7ac23          	sw	a4,216(a5)
C:\Users\Gutzakk\Desktop\Work\Workspace Synracore\C_new_project\Debug/../app/main.c:1332
	DMA_CONFIGDATA.PRM_DATA.CH[13].CHANNEL_CFG |= 0b00 << 19;
80001cf2:	400017b7          	lui	a5,0x40001
80001cf6:	80078793          	addi	a5,a5,-2048 # 40000800 <DMA_CONFIGDATA>
80001cfa:	0d87a703          	lw	a4,216(a5)
80001cfe:	400017b7          	lui	a5,0x40001
80001d02:	80078793          	addi	a5,a5,-2048 # 40000800 <DMA_CONFIGDATA>
80001d06:	0ce7ac23          	sw	a4,216(a5)
C:\Users\Gutzakk\Desktop\Work\Workspace Synracore\C_new_project\Debug/../app/main.c:1334

	DMA_CONFIGDATA.PRM_DATA.CH[13].CHANNEL_CFG |= 0b011 << 29;//канал в режиме пинг-понг
80001d0a:	400017b7          	lui	a5,0x40001
80001d0e:	80078793          	addi	a5,a5,-2048 # 40000800 <DMA_CONFIGDATA>
80001d12:	0d87a703          	lw	a4,216(a5)
80001d16:	600007b7          	lui	a5,0x60000
80001d1a:	8f5d                	or	a4,a4,a5
80001d1c:	400017b7          	lui	a5,0x40001
80001d20:	80078793          	addi	a5,a5,-2048 # 40000800 <DMA_CONFIGDATA>
80001d24:	0ce7ac23          	sw	a4,216(a5)
C:\Users\Gutzakk\Desktop\Work\Workspace Synracore\C_new_project\Debug/../app/main.c:1335
	DMA_CONFIGDATA.PRM_DATA.CH[13].CHANNEL_CFG |= (DMA_PING_PONG_SIZE-1) << 5;//1 передач
80001d28:	400017b7          	lui	a5,0x40001
80001d2c:	80078793          	addi	a5,a5,-2048 # 40000800 <DMA_CONFIGDATA>
80001d30:	0d87a783          	lw	a5,216(a5)
80001d34:	1207e713          	ori	a4,a5,288
80001d38:	400017b7          	lui	a5,0x40001
80001d3c:	80078793          	addi	a5,a5,-2048 # 40000800 <DMA_CONFIGDATA>
80001d40:	0ce7ac23          	sw	a4,216(a5)
C:\Users\Gutzakk\Desktop\Work\Workspace Synracore\C_new_project\Debug/../app/main.c:1336
	DMA_CONFIGDATA.PRM_DATA.CH[13].CHANNEL_CFG |= 0b0000 << 1;//арбитраж после каждой
80001d44:	400017b7          	lui	a5,0x40001
80001d48:	80078793          	addi	a5,a5,-2048 # 40000800 <DMA_CONFIGDATA>
80001d4c:	0d87a703          	lw	a4,216(a5)
80001d50:	400017b7          	lui	a5,0x40001
80001d54:	80078793          	addi	a5,a5,-2048 # 40000800 <DMA_CONFIGDATA>
80001d58:	0ce7ac23          	sw	a4,216(a5)
C:\Users\Gutzakk\Desktop\Work\Workspace Synracore\C_new_project\Debug/../app/main.c:1340


	//Основная структура, передача, канал 10
	DMA_CONFIGDATA.PRM_DATA.CH[10].CHANNEL_CFG |= 0b00 << 17;
80001d5c:	400017b7          	lui	a5,0x40001
80001d60:	80078793          	addi	a5,a5,-2048 # 40000800 <DMA_CONFIGDATA>
80001d64:	0a87a703          	lw	a4,168(a5)
80001d68:	400017b7          	lui	a5,0x40001
80001d6c:	80078793          	addi	a5,a5,-2048 # 40000800 <DMA_CONFIGDATA>
80001d70:	0ae7a423          	sw	a4,168(a5)
C:\Users\Gutzakk\Desktop\Work\Workspace Synracore\C_new_project\Debug/../app/main.c:1341
	DMA_CONFIGDATA.PRM_DATA.CH[10].CHANNEL_CFG |= 0b00 << 15;
80001d74:	400017b7          	lui	a5,0x40001
80001d78:	80078793          	addi	a5,a5,-2048 # 40000800 <DMA_CONFIGDATA>
80001d7c:	0a87a703          	lw	a4,168(a5)
80001d80:	400017b7          	lui	a5,0x40001
80001d84:	80078793          	addi	a5,a5,-2048 # 40000800 <DMA_CONFIGDATA>
80001d88:	0ae7a423          	sw	a4,168(a5)
C:\Users\Gutzakk\Desktop\Work\Workspace Synracore\C_new_project\Debug/../app/main.c:1343

	DMA_CONFIGDATA.PRM_DATA.CH[10].DST_DATA_END_PTR |= (uint32_t)(&UART2->DR);//конечный пункт приема
80001d8c:	400017b7          	lui	a5,0x40001
80001d90:	80078793          	addi	a5,a5,-2048 # 40000800 <DMA_CONFIGDATA>
80001d94:	0a47a703          	lw	a4,164(a5)
80001d98:	300087b7          	lui	a5,0x30008
80001d9c:	8f5d                	or	a4,a4,a5
80001d9e:	400017b7          	lui	a5,0x40001
80001da2:	80078793          	addi	a5,a5,-2048 # 40000800 <DMA_CONFIGDATA>
80001da6:	0ae7a223          	sw	a4,164(a5)
C:\Users\Gutzakk\Desktop\Work\Workspace Synracore\C_new_project\Debug/../app/main.c:1344
	DMA_CONFIGDATA.PRM_DATA.CH[10].CHANNEL_CFG |= 0b00 << 21;
80001daa:	400017b7          	lui	a5,0x40001
80001dae:	80078793          	addi	a5,a5,-2048 # 40000800 <DMA_CONFIGDATA>
80001db2:	0a87a703          	lw	a4,168(a5)
80001db6:	400017b7          	lui	a5,0x40001
80001dba:	80078793          	addi	a5,a5,-2048 # 40000800 <DMA_CONFIGDATA>
80001dbe:	0ae7a423          	sw	a4,168(a5)
C:\Users\Gutzakk\Desktop\Work\Workspace Synracore\C_new_project\Debug/../app/main.c:1345
	DMA_CONFIGDATA.PRM_DATA.CH[10].CHANNEL_CFG |= 0b11 << 19;
80001dc2:	400017b7          	lui	a5,0x40001
80001dc6:	80078793          	addi	a5,a5,-2048 # 40000800 <DMA_CONFIGDATA>
80001dca:	0a87a703          	lw	a4,168(a5)
80001dce:	001807b7          	lui	a5,0x180
80001dd2:	8f5d                	or	a4,a4,a5
80001dd4:	400017b7          	lui	a5,0x40001
80001dd8:	80078793          	addi	a5,a5,-2048 # 40000800 <DMA_CONFIGDATA>
80001ddc:	0ae7a423          	sw	a4,168(a5)
C:\Users\Gutzakk\Desktop\Work\Workspace Synracore\C_new_project\Debug/../app/main.c:1349


	//Альтернативная структура, прием, канал 13
	DMA_CONFIGDATA.ALT_DATA.CH[13].SRC_DATA_END_PTR |= (uint32_t)(&UART2->DR);//источник приема
80001de0:	400017b7          	lui	a5,0x40001
80001de4:	80078793          	addi	a5,a5,-2048 # 40000800 <DMA_CONFIGDATA>
80001de8:	2d07a703          	lw	a4,720(a5)
80001dec:	300087b7          	lui	a5,0x30008
80001df0:	8f5d                	or	a4,a4,a5
80001df2:	400017b7          	lui	a5,0x40001
80001df6:	80078793          	addi	a5,a5,-2048 # 40000800 <DMA_CONFIGDATA>
80001dfa:	2ce7a823          	sw	a4,720(a5)
C:\Users\Gutzakk\Desktop\Work\Workspace Synracore\C_new_project\Debug/../app/main.c:1350
	DMA_CONFIGDATA.ALT_DATA.CH[13].CHANNEL_CFG |= 0b00 << 17;
80001dfe:	400017b7          	lui	a5,0x40001
80001e02:	80078793          	addi	a5,a5,-2048 # 40000800 <DMA_CONFIGDATA>
80001e06:	2d87a703          	lw	a4,728(a5)
80001e0a:	400017b7          	lui	a5,0x40001
80001e0e:	80078793          	addi	a5,a5,-2048 # 40000800 <DMA_CONFIGDATA>
80001e12:	2ce7ac23          	sw	a4,728(a5)
C:\Users\Gutzakk\Desktop\Work\Workspace Synracore\C_new_project\Debug/../app/main.c:1351
	DMA_CONFIGDATA.ALT_DATA.CH[13].CHANNEL_CFG |= 0b11 << 15;
80001e16:	400017b7          	lui	a5,0x40001
80001e1a:	80078793          	addi	a5,a5,-2048 # 40000800 <DMA_CONFIGDATA>
80001e1e:	2d87a703          	lw	a4,728(a5)
80001e22:	67e1                	lui	a5,0x18
80001e24:	8f5d                	or	a4,a4,a5
80001e26:	400017b7          	lui	a5,0x40001
80001e2a:	80078793          	addi	a5,a5,-2048 # 40000800 <DMA_CONFIGDATA>
80001e2e:	2ce7ac23          	sw	a4,728(a5)
C:\Users\Gutzakk\Desktop\Work\Workspace Synracore\C_new_project\Debug/../app/main.c:1353

	DMA_CONFIGDATA.ALT_DATA.CH[13].DST_DATA_END_PTR |= (uint32_t)&(DMA_PONG[DMA_PING_PONG_SIZE-1]);//конечный пункт приема
80001e32:	400017b7          	lui	a5,0x40001
80001e36:	80078793          	addi	a5,a5,-2048 # 40000800 <DMA_CONFIGDATA>
80001e3a:	2d47a703          	lw	a4,724(a5)
80001e3e:	c9518793          	addi	a5,gp,-875 # 40000415 <DMA_PONG+0x9>
80001e42:	8f5d                	or	a4,a4,a5
80001e44:	400017b7          	lui	a5,0x40001
80001e48:	80078793          	addi	a5,a5,-2048 # 40000800 <DMA_CONFIGDATA>
80001e4c:	2ce7aa23          	sw	a4,724(a5)
C:\Users\Gutzakk\Desktop\Work\Workspace Synracore\C_new_project\Debug/../app/main.c:1354
	DMA_CONFIGDATA.ALT_DATA.CH[13].CHANNEL_CFG |= 0b00 << 21;
80001e50:	400017b7          	lui	a5,0x40001
80001e54:	80078793          	addi	a5,a5,-2048 # 40000800 <DMA_CONFIGDATA>
80001e58:	2d87a703          	lw	a4,728(a5)
80001e5c:	400017b7          	lui	a5,0x40001
80001e60:	80078793          	addi	a5,a5,-2048 # 40000800 <DMA_CONFIGDATA>
80001e64:	2ce7ac23          	sw	a4,728(a5)
C:\Users\Gutzakk\Desktop\Work\Workspace Synracore\C_new_project\Debug/../app/main.c:1355
	DMA_CONFIGDATA.ALT_DATA.CH[13].CHANNEL_CFG |= 0b00 << 19;
80001e68:	400017b7          	lui	a5,0x40001
80001e6c:	80078793          	addi	a5,a5,-2048 # 40000800 <DMA_CONFIGDATA>
80001e70:	2d87a703          	lw	a4,728(a5)
80001e74:	400017b7          	lui	a5,0x40001
80001e78:	80078793          	addi	a5,a5,-2048 # 40000800 <DMA_CONFIGDATA>
80001e7c:	2ce7ac23          	sw	a4,728(a5)
C:\Users\Gutzakk\Desktop\Work\Workspace Synracore\C_new_project\Debug/../app/main.c:1357

	DMA_CONFIGDATA.ALT_DATA.CH[13].CHANNEL_CFG |= 0b011 << 29;//канал в режиме пинг-понг
80001e80:	400017b7          	lui	a5,0x40001
80001e84:	80078793          	addi	a5,a5,-2048 # 40000800 <DMA_CONFIGDATA>
80001e88:	2d87a703          	lw	a4,728(a5)
80001e8c:	600007b7          	lui	a5,0x60000
80001e90:	8f5d                	or	a4,a4,a5
80001e92:	400017b7          	lui	a5,0x40001
80001e96:	80078793          	addi	a5,a5,-2048 # 40000800 <DMA_CONFIGDATA>
80001e9a:	2ce7ac23          	sw	a4,728(a5)
C:\Users\Gutzakk\Desktop\Work\Workspace Synracore\C_new_project\Debug/../app/main.c:1358
	DMA_CONFIGDATA.ALT_DATA.CH[13].CHANNEL_CFG |= (DMA_PING_PONG_SIZE-1) << 5;//1 передач
80001e9e:	400017b7          	lui	a5,0x40001
80001ea2:	80078793          	addi	a5,a5,-2048 # 40000800 <DMA_CONFIGDATA>
80001ea6:	2d87a783          	lw	a5,728(a5)
80001eaa:	1207e713          	ori	a4,a5,288
80001eae:	400017b7          	lui	a5,0x40001
80001eb2:	80078793          	addi	a5,a5,-2048 # 40000800 <DMA_CONFIGDATA>
80001eb6:	2ce7ac23          	sw	a4,728(a5)
C:\Users\Gutzakk\Desktop\Work\Workspace Synracore\C_new_project\Debug/../app/main.c:1359
	DMA_CONFIGDATA.ALT_DATA.CH[13].CHANNEL_CFG |= 0b0000 << 1;//арбитраж после каждой
80001eba:	400017b7          	lui	a5,0x40001
80001ebe:	80078793          	addi	a5,a5,-2048 # 40000800 <DMA_CONFIGDATA>
80001ec2:	2d87a703          	lw	a4,728(a5)
80001ec6:	400017b7          	lui	a5,0x40001
80001eca:	80078793          	addi	a5,a5,-2048 # 40000800 <DMA_CONFIGDATA>
80001ece:	2ce7ac23          	sw	a4,728(a5)
C:\Users\Gutzakk\Desktop\Work\Workspace Synracore\C_new_project\Debug/../app/main.c:1363


	//Инициализация DMA
	DMA->ENSET |= 1 << 13;//Включение 13 канала
80001ed2:	3000c7b7          	lui	a5,0x3000c
80001ed6:	5794                	lw	a3,40(a5)
80001ed8:	3000c7b7          	lui	a5,0x3000c
80001edc:	6709                	lui	a4,0x2
80001ede:	8f55                	or	a4,a4,a3
80001ee0:	d798                	sw	a4,40(a5)
C:\Users\Gutzakk\Desktop\Work\Workspace Synracore\C_new_project\Debug/../app/main.c:1367


    //Прерывания DMA (10 канал)
    PLIC_SetIrqHandler (Plic_Mach_Target, IsrVect_IRQ_DMA3, DMA_CH_10_IRQHandler);
80001ee2:	800027b7          	lui	a5,0x80002
80001ee6:	1ee78613          	addi	a2,a5,494 # 800021ee <DMA_CH_10_IRQHandler>
80001eea:	45c1                	li	a1,16
80001eec:	4501                	li	a0,0
80001eee:	c96fe0ef          	jal	80000384 <PLIC_SetIrqHandler>
C:\Users\Gutzakk\Desktop\Work\Workspace Synracore\C_new_project\Debug/../app/main.c:1368
    PLIC_SetPriority   (IsrVect_IRQ_DMA3, 0x1);
80001ef2:	4585                	li	a1,1
80001ef4:	4541                	li	a0,16
80001ef6:	ce2fe0ef          	jal	800003d8 <PLIC_SetPriority>
C:\Users\Gutzakk\Desktop\Work\Workspace Synracore\C_new_project\Debug/../app/main.c:1369
    PLIC_IntEnable     (Plic_Mach_Target, IsrVect_IRQ_DMA3);
80001efa:	45c1                	li	a1,16
80001efc:	4501                	li	a0,0
80001efe:	d08fe0ef          	jal	80000406 <PLIC_IntEnable>
C:\Users\Gutzakk\Desktop\Work\Workspace Synracore\C_new_project\Debug/../app/main.c:1372

    //Прерывания DMA (13 канал)
    PLIC_SetIrqHandler (Plic_Mach_Target, IsrVect_IRQ_DMA4, DMA_CH_13_IRQHandler);
80001f02:	800027b7          	lui	a5,0x80002
80001f06:	fca78613          	addi	a2,a5,-54 # 80001fca <DMA_CH_13_IRQHandler>
80001f0a:	45c5                	li	a1,17
80001f0c:	4501                	li	a0,0
80001f0e:	c76fe0ef          	jal	80000384 <PLIC_SetIrqHandler>
C:\Users\Gutzakk\Desktop\Work\Workspace Synracore\C_new_project\Debug/../app/main.c:1373
    PLIC_SetPriority   (IsrVect_IRQ_DMA4, 0x1);
80001f12:	4585                	li	a1,1
80001f14:	4545                	li	a0,17
80001f16:	cc2fe0ef          	jal	800003d8 <PLIC_SetPriority>
C:\Users\Gutzakk\Desktop\Work\Workspace Synracore\C_new_project\Debug/../app/main.c:1374
    PLIC_IntEnable     (Plic_Mach_Target, IsrVect_IRQ_DMA4);
80001f1a:	45c5                	li	a1,17
80001f1c:	4501                	li	a0,0
80001f1e:	ce8fe0ef          	jal	80000406 <PLIC_IntEnable>
C:\Users\Gutzakk\Desktop\Work\Workspace Synracore\C_new_project\Debug/../app/main.c:1379



	/*============DMA SPI0==================*/
    DMA_CONFIGDATA.PRM_DATA.CH[17].CHANNEL_CFG |= 0b00 << 17;//SRC_SIZE по байтово
80001f22:	400017b7          	lui	a5,0x40001
80001f26:	80078793          	addi	a5,a5,-2048 # 40000800 <DMA_CONFIGDATA>
80001f2a:	1187a703          	lw	a4,280(a5)
80001f2e:	400017b7          	lui	a5,0x40001
80001f32:	80078793          	addi	a5,a5,-2048 # 40000800 <DMA_CONFIGDATA>
80001f36:	10e7ac23          	sw	a4,280(a5)
C:\Users\Gutzakk\Desktop\Work\Workspace Synracore\C_new_project\Debug/../app/main.c:1380
    DMA_CONFIGDATA.PRM_DATA.CH[17].CHANNEL_CFG |= 0b00 << 15;//SRC_INC по байтово
80001f3a:	400017b7          	lui	a5,0x40001
80001f3e:	80078793          	addi	a5,a5,-2048 # 40000800 <DMA_CONFIGDATA>
80001f42:	1187a703          	lw	a4,280(a5)
80001f46:	400017b7          	lui	a5,0x40001
80001f4a:	80078793          	addi	a5,a5,-2048 # 40000800 <DMA_CONFIGDATA>
80001f4e:	10e7ac23          	sw	a4,280(a5)
C:\Users\Gutzakk\Desktop\Work\Workspace Synracore\C_new_project\Debug/../app/main.c:1382

    DMA_CONFIGDATA.PRM_DATA.CH[17].DST_DATA_END_PTR |= (uint32_t)(&SPI0->DR);
80001f52:	400017b7          	lui	a5,0x40001
80001f56:	80078793          	addi	a5,a5,-2048 # 40000800 <DMA_CONFIGDATA>
80001f5a:	1147a703          	lw	a4,276(a5)
80001f5e:	200507b7          	lui	a5,0x20050
80001f62:	07a1                	addi	a5,a5,8 # 20050008 <STACK_SIZE+0x2004f808>
80001f64:	8f5d                	or	a4,a4,a5
80001f66:	400017b7          	lui	a5,0x40001
80001f6a:	80078793          	addi	a5,a5,-2048 # 40000800 <DMA_CONFIGDATA>
80001f6e:	10e7aa23          	sw	a4,276(a5)
C:\Users\Gutzakk\Desktop\Work\Workspace Synracore\C_new_project\Debug/../app/main.c:1383
    DMA_CONFIGDATA.PRM_DATA.CH[17].CHANNEL_CFG |= 0b00 << 21;//DST_SIZE
80001f72:	400017b7          	lui	a5,0x40001
80001f76:	80078793          	addi	a5,a5,-2048 # 40000800 <DMA_CONFIGDATA>
80001f7a:	1187a703          	lw	a4,280(a5)
80001f7e:	400017b7          	lui	a5,0x40001
80001f82:	80078793          	addi	a5,a5,-2048 # 40000800 <DMA_CONFIGDATA>
80001f86:	10e7ac23          	sw	a4,280(a5)
C:\Users\Gutzakk\Desktop\Work\Workspace Synracore\C_new_project\Debug/../app/main.c:1384
    DMA_CONFIGDATA.PRM_DATA.CH[17].CHANNEL_CFG |= 0b11 << 19;//DST_INC отключен
80001f8a:	400017b7          	lui	a5,0x40001
80001f8e:	80078793          	addi	a5,a5,-2048 # 40000800 <DMA_CONFIGDATA>
80001f92:	1187a703          	lw	a4,280(a5)
80001f96:	001807b7          	lui	a5,0x180
80001f9a:	8f5d                	or	a4,a4,a5
80001f9c:	400017b7          	lui	a5,0x40001
80001fa0:	80078793          	addi	a5,a5,-2048 # 40000800 <DMA_CONFIGDATA>
80001fa4:	10e7ac23          	sw	a4,280(a5)
C:\Users\Gutzakk\Desktop\Work\Workspace Synracore\C_new_project\Debug/../app/main.c:1386

    DMA_CONFIGDATA.PRM_DATA.CH[17].CHANNEL_CFG |= 0x0 << 1;//арбитраж через 1 передачу
80001fa8:	400017b7          	lui	a5,0x40001
80001fac:	80078793          	addi	a5,a5,-2048 # 40000800 <DMA_CONFIGDATA>
80001fb0:	1187a703          	lw	a4,280(a5)
80001fb4:	400017b7          	lui	a5,0x40001
80001fb8:	80078793          	addi	a5,a5,-2048 # 40000800 <DMA_CONFIGDATA>
80001fbc:	10e7ac23          	sw	a4,280(a5)
C:\Users\Gutzakk\Desktop\Work\Workspace Synracore\C_new_project\Debug/../app/main.c:1388

}
80001fc0:	0001                	nop
80001fc2:	40b2                	lw	ra,12(sp)
80001fc4:	4422                	lw	s0,8(sp)
80001fc6:	0141                	addi	sp,sp,16
80001fc8:	8082                	ret

80001fca <DMA_CH_13_IRQHandler>:
DMA_CH_13_IRQHandler():
C:\Users\Gutzakk\Desktop\Work\Workspace Synracore\C_new_project\Debug/../app/main.c:1394



/*============Настройка обработчика прерывания DMA по приему\передаче UART2==================*/
void DMA_CH_13_IRQHandler()
{
80001fca:	1141                	addi	sp,sp,-16
80001fcc:	c606                	sw	ra,12(sp)
80001fce:	c422                	sw	s0,8(sp)
80001fd0:	0800                	addi	s0,sp,16
C:\Users\Gutzakk\Desktop\Work\Workspace Synracore\C_new_project\Debug/../app/main.c:1395
	if (DMA->IRQSTAT & (1 << 13))
80001fd2:	3000c7b7          	lui	a5,0x3000c
80001fd6:	4bb8                	lw	a4,80(a5)
80001fd8:	6789                	lui	a5,0x2
80001fda:	8ff9                	and	a5,a5,a4
80001fdc:	20078463          	beqz	a5,800021e4 <DMA_CH_13_IRQHandler+0x21a>
C:\Users\Gutzakk\Desktop\Work\Workspace Synracore\C_new_project\Debug/../app/main.c:1397
	{
		DMA->IRQSTATCLR = 1 << 13;
80001fe0:	3000c7b7          	lui	a5,0x3000c
80001fe4:	6709                	lui	a4,0x2
80001fe6:	cbf8                	sw	a4,84(a5)
C:\Users\Gutzakk\Desktop\Work\Workspace Synracore\C_new_project\Debug/../app/main.c:1399

		TMR1->CAPCOM[0].VAL = 0;//Период отсчета
80001fe8:	300027b7          	lui	a5,0x30002
80001fec:	00079e23          	sh	zero,28(a5) # 3000201c <STACK_SIZE+0x3000181c>
C:\Users\Gutzakk\Desktop\Work\Workspace Synracore\C_new_project\Debug/../app/main.c:1401

		if (DMA->PRIALTSET & (1 << 13))//если активна альтернатива -> была основная -> заполнен буфер PING
80001ff0:	3000c7b7          	lui	a5,0x3000c
80001ff4:	5b98                	lw	a4,48(a5)
80001ff6:	6789                	lui	a5,0x2
80001ff8:	8ff9                	and	a5,a5,a4
80001ffa:	cbe9                	beqz	a5,800020cc <DMA_CH_13_IRQHandler+0x102>
C:\Users\Gutzakk\Desktop\Work\Workspace Synracore\C_new_project\Debug/../app/main.c:1403
		{
			DMA_CONFIGDATA.PRM_DATA.CH[13].CHANNEL_CFG |= 0b011 << 29;//канал в режиме пинг-понг
80001ffc:	400017b7          	lui	a5,0x40001
80002000:	80078793          	addi	a5,a5,-2048 # 40000800 <DMA_CONFIGDATA>
80002004:	0d87a703          	lw	a4,216(a5)
80002008:	600007b7          	lui	a5,0x60000
8000200c:	8f5d                	or	a4,a4,a5
8000200e:	400017b7          	lui	a5,0x40001
80002012:	80078793          	addi	a5,a5,-2048 # 40000800 <DMA_CONFIGDATA>
80002016:	0ce7ac23          	sw	a4,216(a5)
C:\Users\Gutzakk\Desktop\Work\Workspace Synracore\C_new_project\Debug/../app/main.c:1404
			DMA_CONFIGDATA.PRM_DATA.CH[13].CHANNEL_CFG |= (DMA_PING_PONG_SIZE-1) << 5;//1 передач
8000201a:	400017b7          	lui	a5,0x40001
8000201e:	80078793          	addi	a5,a5,-2048 # 40000800 <DMA_CONFIGDATA>
80002022:	0d87a783          	lw	a5,216(a5)
80002026:	1207e713          	ori	a4,a5,288
8000202a:	400017b7          	lui	a5,0x40001
8000202e:	80078793          	addi	a5,a5,-2048 # 40000800 <DMA_CONFIGDATA>
80002032:	0ce7ac23          	sw	a4,216(a5)
C:\Users\Gutzakk\Desktop\Work\Workspace Synracore\C_new_project\Debug/../app/main.c:1405
			DMA_CONFIGDATA.PRM_DATA.CH[13].CHANNEL_CFG |= 0b0000 << 1;//арбитраж после каждой
80002036:	400017b7          	lui	a5,0x40001
8000203a:	80078793          	addi	a5,a5,-2048 # 40000800 <DMA_CONFIGDATA>
8000203e:	0d87a703          	lw	a4,216(a5)
80002042:	400017b7          	lui	a5,0x40001
80002046:	80078793          	addi	a5,a5,-2048 # 40000800 <DMA_CONFIGDATA>
8000204a:	0ce7ac23          	sw	a4,216(a5)
C:\Users\Gutzakk\Desktop\Work\Workspace Synracore\C_new_project\Debug/../app/main.c:1407

			memcpy(&parser_buf[start_for_DMA], DMA_PING, DMA_PING_PONG_SIZE);
8000204e:	400007b7          	lui	a5,0x40000
80002052:	24c7c783          	lbu	a5,588(a5) # 4000024c <start_for_DMA>
80002056:	0ff7f793          	zext.b	a5,a5
8000205a:	873e                	mv	a4,a5
8000205c:	400017b7          	lui	a5,0x40001
80002060:	c0078793          	addi	a5,a5,-1024 # 40000c00 <parser_buf>
80002064:	97ba                	add	a5,a5,a4
80002066:	c8018713          	addi	a4,gp,-896 # 40000400 <DMA_PING>
8000206a:	00074683          	lbu	a3,0(a4) # 2000 <STACK_SIZE+0x1800>
8000206e:	8eb6                	mv	t4,a3
80002070:	00174683          	lbu	a3,1(a4)
80002074:	8e36                	mv	t3,a3
80002076:	00274683          	lbu	a3,2(a4)
8000207a:	8336                	mv	t1,a3
8000207c:	00374683          	lbu	a3,3(a4)
80002080:	88b6                	mv	a7,a3
80002082:	00474683          	lbu	a3,4(a4)
80002086:	8836                	mv	a6,a3
80002088:	00574683          	lbu	a3,5(a4)
8000208c:	8536                	mv	a0,a3
8000208e:	00674683          	lbu	a3,6(a4)
80002092:	85b6                	mv	a1,a3
80002094:	00774683          	lbu	a3,7(a4)
80002098:	8636                	mv	a2,a3
8000209a:	00874683          	lbu	a3,8(a4)
8000209e:	00974703          	lbu	a4,9(a4)
800020a2:	01d78023          	sb	t4,0(a5)
800020a6:	01c780a3          	sb	t3,1(a5)
800020aa:	00678123          	sb	t1,2(a5)
800020ae:	011781a3          	sb	a7,3(a5)
800020b2:	01078223          	sb	a6,4(a5)
800020b6:	00a782a3          	sb	a0,5(a5)
800020ba:	00b78323          	sb	a1,6(a5)
800020be:	00c783a3          	sb	a2,7(a5)
800020c2:	00d78423          	sb	a3,8(a5)
800020c6:	00e784a3          	sb	a4,9(a5)
800020ca:	a8c1                	j	8000219a <DMA_CH_13_IRQHandler+0x1d0>
C:\Users\Gutzakk\Desktop\Work\Workspace Synracore\C_new_project\Debug/../app/main.c:1412

		}
		else//если активна основая -> была алтернатива -> заполнен буфер PONG
		{
			DMA_CONFIGDATA.ALT_DATA.CH[13].CHANNEL_CFG |= 0b011 << 29;//канал в режиме пинг-понг
800020cc:	400017b7          	lui	a5,0x40001
800020d0:	80078793          	addi	a5,a5,-2048 # 40000800 <DMA_CONFIGDATA>
800020d4:	2d87a703          	lw	a4,728(a5)
800020d8:	600007b7          	lui	a5,0x60000
800020dc:	8f5d                	or	a4,a4,a5
800020de:	400017b7          	lui	a5,0x40001
800020e2:	80078793          	addi	a5,a5,-2048 # 40000800 <DMA_CONFIGDATA>
800020e6:	2ce7ac23          	sw	a4,728(a5)
C:\Users\Gutzakk\Desktop\Work\Workspace Synracore\C_new_project\Debug/../app/main.c:1413
			DMA_CONFIGDATA.ALT_DATA.CH[13].CHANNEL_CFG |= (DMA_PING_PONG_SIZE-1) << 5;//1 передач
800020ea:	400017b7          	lui	a5,0x40001
800020ee:	80078793          	addi	a5,a5,-2048 # 40000800 <DMA_CONFIGDATA>
800020f2:	2d87a783          	lw	a5,728(a5)
800020f6:	1207e713          	ori	a4,a5,288
800020fa:	400017b7          	lui	a5,0x40001
800020fe:	80078793          	addi	a5,a5,-2048 # 40000800 <DMA_CONFIGDATA>
80002102:	2ce7ac23          	sw	a4,728(a5)
C:\Users\Gutzakk\Desktop\Work\Workspace Synracore\C_new_project\Debug/../app/main.c:1414
			DMA_CONFIGDATA.ALT_DATA.CH[13].CHANNEL_CFG |= 0b0000 << 1;//арбитраж после каждой
80002106:	400017b7          	lui	a5,0x40001
8000210a:	80078793          	addi	a5,a5,-2048 # 40000800 <DMA_CONFIGDATA>
8000210e:	2d87a703          	lw	a4,728(a5)
80002112:	400017b7          	lui	a5,0x40001
80002116:	80078793          	addi	a5,a5,-2048 # 40000800 <DMA_CONFIGDATA>
8000211a:	2ce7ac23          	sw	a4,728(a5)
C:\Users\Gutzakk\Desktop\Work\Workspace Synracore\C_new_project\Debug/../app/main.c:1416

			memcpy(&parser_buf[start_for_DMA], DMA_PONG, DMA_PING_PONG_SIZE);
8000211e:	400007b7          	lui	a5,0x40000
80002122:	24c7c783          	lbu	a5,588(a5) # 4000024c <start_for_DMA>
80002126:	0ff7f793          	zext.b	a5,a5
8000212a:	873e                	mv	a4,a5
8000212c:	400017b7          	lui	a5,0x40001
80002130:	c0078793          	addi	a5,a5,-1024 # 40000c00 <parser_buf>
80002134:	97ba                	add	a5,a5,a4
80002136:	c8c18713          	addi	a4,gp,-884 # 4000040c <DMA_PONG>
8000213a:	00074683          	lbu	a3,0(a4)
8000213e:	8eb6                	mv	t4,a3
80002140:	00174683          	lbu	a3,1(a4)
80002144:	8e36                	mv	t3,a3
80002146:	00274683          	lbu	a3,2(a4)
8000214a:	8336                	mv	t1,a3
8000214c:	00374683          	lbu	a3,3(a4)
80002150:	88b6                	mv	a7,a3
80002152:	00474683          	lbu	a3,4(a4)
80002156:	8836                	mv	a6,a3
80002158:	00574683          	lbu	a3,5(a4)
8000215c:	8536                	mv	a0,a3
8000215e:	00674683          	lbu	a3,6(a4)
80002162:	85b6                	mv	a1,a3
80002164:	00774683          	lbu	a3,7(a4)
80002168:	8636                	mv	a2,a3
8000216a:	00874683          	lbu	a3,8(a4)
8000216e:	00974703          	lbu	a4,9(a4)
80002172:	01d78023          	sb	t4,0(a5)
80002176:	01c780a3          	sb	t3,1(a5)
8000217a:	00678123          	sb	t1,2(a5)
8000217e:	011781a3          	sb	a7,3(a5)
80002182:	01078223          	sb	a6,4(a5)
80002186:	00a782a3          	sb	a0,5(a5)
8000218a:	00b78323          	sb	a1,6(a5)
8000218e:	00c783a3          	sb	a2,7(a5)
80002192:	00d78423          	sb	a3,8(a5)
80002196:	00e784a3          	sb	a4,9(a5)
C:\Users\Gutzakk\Desktop\Work\Workspace Synracore\C_new_project\Debug/../app/main.c:1420

		}

		start_for_DMA = (start_for_DMA + DMA_PING_PONG_SIZE) % PARSER_BUF_SIZE;
8000219a:	400007b7          	lui	a5,0x40000
8000219e:	24c7c783          	lbu	a5,588(a5) # 4000024c <start_for_DMA>
800021a2:	0ff7f793          	zext.b	a5,a5
800021a6:	00a78713          	addi	a4,a5,10
800021aa:	41f75793          	srai	a5,a4,0x1f
800021ae:	83e1                	srli	a5,a5,0x18
800021b0:	973e                	add	a4,a4,a5
800021b2:	0ff77713          	zext.b	a4,a4
800021b6:	40f707b3          	sub	a5,a4,a5
800021ba:	0ff7f713          	zext.b	a4,a5
800021be:	400007b7          	lui	a5,0x40000
800021c2:	24e78623          	sb	a4,588(a5) # 4000024c <start_for_DMA>
C:\Users\Gutzakk\Desktop\Work\Workspace Synracore\C_new_project\Debug/../app/main.c:1422

		TMR1->COUNT = (TMR1->COUNT & ~0xFFFFFFFF) | (65000);//Текущее значение таймера
800021c6:	300027b7          	lui	a5,0x30002
800021ca:	43dc                	lw	a5,4(a5)
800021cc:	300027b7          	lui	a5,0x30002
800021d0:	6741                	lui	a4,0x10
800021d2:	de870713          	addi	a4,a4,-536 # fde8 <STACK_SIZE+0xf5e8>
800021d6:	c3d8                	sw	a4,4(a5)
C:\Users\Gutzakk\Desktop\Work\Workspace Synracore\C_new_project\Debug/../app/main.c:1423
		TMR1->CAPCOM[0].VAL = 65000;//Период отсчета
800021d8:	300027b7          	lui	a5,0x30002
800021dc:	de800713          	li	a4,-536
800021e0:	00e79e23          	sh	a4,28(a5) # 3000201c <STACK_SIZE+0x3000181c>
C:\Users\Gutzakk\Desktop\Work\Workspace Synracore\C_new_project\Debug/../app/main.c:1425
	}
}
800021e4:	0001                	nop
800021e6:	40b2                	lw	ra,12(sp)
800021e8:	4422                	lw	s0,8(sp)
800021ea:	0141                	addi	sp,sp,16
800021ec:	8082                	ret

800021ee <DMA_CH_10_IRQHandler>:
DMA_CH_10_IRQHandler():
C:\Users\Gutzakk\Desktop\Work\Workspace Synracore\C_new_project\Debug/../app/main.c:1429


void DMA_CH_10_IRQHandler()
{
800021ee:	1141                	addi	sp,sp,-16
800021f0:	c606                	sw	ra,12(sp)
800021f2:	c422                	sw	s0,8(sp)
800021f4:	0800                	addi	s0,sp,16
C:\Users\Gutzakk\Desktop\Work\Workspace Synracore\C_new_project\Debug/../app/main.c:1430
	if (DMA->IRQSTAT & (1 << 10))
800021f6:	3000c7b7          	lui	a5,0x3000c
800021fa:	4bbc                	lw	a5,80(a5)
800021fc:	4007f793          	andi	a5,a5,1024
80002200:	cf89                	beqz	a5,8000221a <DMA_CH_10_IRQHandler+0x2c>
C:\Users\Gutzakk\Desktop\Work\Workspace Synracore\C_new_project\Debug/../app/main.c:1432
	{
		UART2->DMACR &= ~(1 << 1);
80002202:	300087b7          	lui	a5,0x30008
80002206:	47b8                	lw	a4,72(a5)
80002208:	300087b7          	lui	a5,0x30008
8000220c:	9b75                	andi	a4,a4,-3
8000220e:	c7b8                	sw	a4,72(a5)
C:\Users\Gutzakk\Desktop\Work\Workspace Synracore\C_new_project\Debug/../app/main.c:1434

		DMA->IRQSTATCLR = 1 << 10;
80002210:	3000c7b7          	lui	a5,0x3000c
80002214:	40000713          	li	a4,1024
80002218:	cbf8                	sw	a4,84(a5)
C:\Users\Gutzakk\Desktop\Work\Workspace Synracore\C_new_project\Debug/../app/main.c:1436
	}
}
8000221a:	0001                	nop
8000221c:	40b2                	lw	ra,12(sp)
8000221e:	4422                	lw	s0,8(sp)
80002220:	0141                	addi	sp,sp,16
80002222:	8082                	ret

80002224 <valid_addres>:
valid_addres():
C:\Users\Gutzakk\Desktop\Work\Workspace Synracore\C_new_project\Debug/../app/main.c:1442



/*============Блок парсера==================*/
uint8_t valid_addres(uint8_t addr)//Проверка правильности адреса
{
80002224:	7179                	addi	sp,sp,-48
80002226:	d606                	sw	ra,44(sp)
80002228:	d422                	sw	s0,40(sp)
8000222a:	1800                	addi	s0,sp,48
8000222c:	87aa                	mv	a5,a0
8000222e:	fcf40fa3          	sb	a5,-33(s0)
C:\Users\Gutzakk\Desktop\Work\Workspace Synracore\C_new_project\Debug/../app/main.c:1443
	for (uint8_t i = 0; i < sizeof(validAddr); i++)
80002232:	fe0407a3          	sb	zero,-17(s0)
80002236:	a02d                	j	80002260 <valid_addres+0x3c>
C:\Users\Gutzakk\Desktop\Work\Workspace Synracore\C_new_project\Debug/../app/main.c:1445
	{
		if (addr == validAddr[i]) return 1;
80002238:	fef44703          	lbu	a4,-17(s0)
8000223c:	800077b7          	lui	a5,0x80007
80002240:	08478793          	addi	a5,a5,132 # 80007084 <validAddr>
80002244:	97ba                	add	a5,a5,a4
80002246:	0007c783          	lbu	a5,0(a5)
8000224a:	fdf44703          	lbu	a4,-33(s0)
8000224e:	00f71463          	bne	a4,a5,80002256 <valid_addres+0x32>
C:\Users\Gutzakk\Desktop\Work\Workspace Synracore\C_new_project\Debug/../app/main.c:1445 (discriminator 1)
80002252:	4785                	li	a5,1
C:\Users\Gutzakk\Desktop\Work\Workspace Synracore\C_new_project\Debug/../app/main.c:1445
80002254:	a821                	j	8000226c <valid_addres+0x48>
C:\Users\Gutzakk\Desktop\Work\Workspace Synracore\C_new_project\Debug/../app/main.c:1443 (discriminator 2)
	for (uint8_t i = 0; i < sizeof(validAddr); i++)
80002256:	fef44783          	lbu	a5,-17(s0)
8000225a:	0785                	addi	a5,a5,1
8000225c:	fef407a3          	sb	a5,-17(s0)
C:\Users\Gutzakk\Desktop\Work\Workspace Synracore\C_new_project\Debug/../app/main.c:1443 (discriminator 1)
80002260:	fef44703          	lbu	a4,-17(s0)
80002264:	4789                	li	a5,2
80002266:	fce7f9e3          	bgeu	a5,a4,80002238 <valid_addres+0x14>
C:\Users\Gutzakk\Desktop\Work\Workspace Synracore\C_new_project\Debug/../app/main.c:1448
	}

	return 0;
8000226a:	4781                	li	a5,0
C:\Users\Gutzakk\Desktop\Work\Workspace Synracore\C_new_project\Debug/../app/main.c:1449
}
8000226c:	853e                	mv	a0,a5
8000226e:	50b2                	lw	ra,44(sp)
80002270:	5422                	lw	s0,40(sp)
80002272:	6145                	addi	sp,sp,48
80002274:	8082                	ret

80002276 <get_cmd_len>:
get_cmd_len():
C:\Users\Gutzakk\Desktop\Work\Workspace Synracore\C_new_project\Debug/../app/main.c:1453


uint8_t get_cmd_len(uint8_t cmd)//Соответсвие функции ее длине
{
80002276:	7179                	addi	sp,sp,-48
80002278:	d606                	sw	ra,44(sp)
8000227a:	d422                	sw	s0,40(sp)
8000227c:	1800                	addi	s0,sp,48
8000227e:	87aa                	mv	a5,a0
80002280:	fcf40fa3          	sb	a5,-33(s0)
C:\Users\Gutzakk\Desktop\Work\Workspace Synracore\C_new_project\Debug/../app/main.c:1454
	for (uint8_t i = 0; i < sizeof(validCMD); i++)
80002284:	fe0407a3          	sb	zero,-17(s0)
80002288:	a83d                	j	800022c6 <get_cmd_len+0x50>
C:\Users\Gutzakk\Desktop\Work\Workspace Synracore\C_new_project\Debug/../app/main.c:1456
	{
		if (cmd == validCMD[i]) return cmd_data_lens[i];
8000228a:	fef44783          	lbu	a5,-17(s0)
8000228e:	80007737          	lui	a4,0x80007
80002292:	08870713          	addi	a4,a4,136 # 80007088 <validCMD>
80002296:	97ba                	add	a5,a5,a4
80002298:	0007c783          	lbu	a5,0(a5)
8000229c:	fdf44703          	lbu	a4,-33(s0)
800022a0:	00f71e63          	bne	a4,a5,800022bc <get_cmd_len+0x46>
C:\Users\Gutzakk\Desktop\Work\Workspace Synracore\C_new_project\Debug/../app/main.c:1456 (discriminator 1)
800022a4:	fef44783          	lbu	a5,-17(s0)
800022a8:	80007737          	lui	a4,0x80007
800022ac:	09070713          	addi	a4,a4,144 # 80007090 <cmd_data_lens>
800022b0:	97ba                	add	a5,a5,a4
800022b2:	00078783          	lb	a5,0(a5)
800022b6:	0ff7f793          	zext.b	a5,a5
C:\Users\Gutzakk\Desktop\Work\Workspace Synracore\C_new_project\Debug/../app/main.c:1456
800022ba:	a829                	j	800022d4 <get_cmd_len+0x5e>
C:\Users\Gutzakk\Desktop\Work\Workspace Synracore\C_new_project\Debug/../app/main.c:1454 (discriminator 2)
	for (uint8_t i = 0; i < sizeof(validCMD); i++)
800022bc:	fef44783          	lbu	a5,-17(s0)
800022c0:	0785                	addi	a5,a5,1
800022c2:	fef407a3          	sb	a5,-17(s0)
C:\Users\Gutzakk\Desktop\Work\Workspace Synracore\C_new_project\Debug/../app/main.c:1454 (discriminator 1)
800022c6:	fef44703          	lbu	a4,-17(s0)
800022ca:	4791                	li	a5,4
800022cc:	fae7ffe3          	bgeu	a5,a4,8000228a <get_cmd_len+0x14>
C:\Users\Gutzakk\Desktop\Work\Workspace Synracore\C_new_project\Debug/../app/main.c:1459
	}

	return 0xFF;
800022d0:	0ff00793          	li	a5,255
C:\Users\Gutzakk\Desktop\Work\Workspace Synracore\C_new_project\Debug/../app/main.c:1460
}
800022d4:	853e                	mv	a0,a5
800022d6:	50b2                	lw	ra,44(sp)
800022d8:	5422                	lw	s0,40(sp)
800022da:	6145                	addi	sp,sp,48
800022dc:	8082                	ret

800022de <parserByte>:
parserByte():
C:\Users\Gutzakk\Desktop\Work\Workspace Synracore\C_new_project\Debug/../app/main.c:1464


void parserByte (uint8_t byte)
{
800022de:	1101                	addi	sp,sp,-32
800022e0:	ce06                	sw	ra,28(sp)
800022e2:	cc22                	sw	s0,24(sp)
800022e4:	1000                	addi	s0,sp,32
800022e6:	87aa                	mv	a5,a0
800022e8:	fef407a3          	sb	a5,-17(s0)
C:\Users\Gutzakk\Desktop\Work\Workspace Synracore\C_new_project\Debug/../app/main.c:1465
	switch (parser_state)
800022ec:	400007b7          	lui	a5,0x40000
800022f0:	2487c783          	lbu	a5,584(a5) # 40000248 <parser_state>
800022f4:	4711                	li	a4,4
800022f6:	22f76863          	bltu	a4,a5,80002526 <parserByte+0x248>
800022fa:	00279713          	slli	a4,a5,0x2
800022fe:	800077b7          	lui	a5,0x80007
80002302:	e7078793          	addi	a5,a5,-400 # 80006e70 <picture_tab+0x2000>
80002306:	97ba                	add	a5,a5,a4
80002308:	439c                	lw	a5,0(a5)
8000230a:	8782                	jr	a5
C:\Users\Gutzakk\Desktop\Work\Workspace Synracore\C_new_project\Debug/../app/main.c:1468
	{
	case 0:
		if (byte == MARKER_START)
8000230c:	fef44703          	lbu	a4,-17(s0)
80002310:	47a9                	li	a5,10
80002312:	20f71763          	bne	a4,a5,80002520 <parserByte+0x242>
C:\Users\Gutzakk\Desktop\Work\Workspace Synracore\C_new_project\Debug/../app/main.c:1470
		{
			parser_state = 1;
80002316:	400007b7          	lui	a5,0x40000
8000231a:	4705                	li	a4,1
8000231c:	24e78423          	sb	a4,584(a5) # 40000248 <parser_state>
C:\Users\Gutzakk\Desktop\Work\Workspace Synracore\C_new_project\Debug/../app/main.c:1471
			sum_calc = byte;
80002320:	400007b7          	lui	a5,0x40000
80002324:	fef44703          	lbu	a4,-17(s0)
80002328:	24e784a3          	sb	a4,585(a5) # 40000249 <sum_calc>
C:\Users\Gutzakk\Desktop\Work\Workspace Synracore\C_new_project\Debug/../app/main.c:1474
		}

		break;
8000232c:	aad5                	j	80002520 <parserByte+0x242>
C:\Users\Gutzakk\Desktop\Work\Workspace Synracore\C_new_project\Debug/../app/main.c:1477

	case 1:
		if (valid_addres(byte))
8000232e:	fef44783          	lbu	a5,-17(s0)
80002332:	853e                	mv	a0,a5
80002334:	3dc5                	jal	80002224 <valid_addres>
80002336:	87aa                	mv	a5,a0
C:\Users\Gutzakk\Desktop\Work\Workspace Synracore\C_new_project\Debug/../app/main.c:1477 (discriminator 1)
80002338:	cba9                	beqz	a5,8000238a <parserByte+0xac>
C:\Users\Gutzakk\Desktop\Work\Workspace Synracore\C_new_project\Debug/../app/main.c:1479
		{
			parser_state = 2;
8000233a:	400007b7          	lui	a5,0x40000
8000233e:	4709                	li	a4,2
80002340:	24e78423          	sb	a4,584(a5) # 40000248 <parser_state>
C:\Users\Gutzakk\Desktop\Work\Workspace Synracore\C_new_project\Debug/../app/main.c:1480
			packet[start_write_func].addr = byte;
80002344:	400007b7          	lui	a5,0x40000
80002348:	24e7c783          	lbu	a5,590(a5) # 4000024e <start_write_func>
8000234c:	0ff7f793          	zext.b	a5,a5
80002350:	873e                	mv	a4,a5
80002352:	400017b7          	lui	a5,0x40001
80002356:	d0078693          	addi	a3,a5,-768 # 40000d00 <packet>
8000235a:	87ba                	mv	a5,a4
8000235c:	078e                	slli	a5,a5,0x3
8000235e:	8f99                	sub	a5,a5,a4
80002360:	078a                	slli	a5,a5,0x2
80002362:	8f99                	sub	a5,a5,a4
80002364:	97b6                	add	a5,a5,a3
80002366:	fef44703          	lbu	a4,-17(s0)
8000236a:	00e78023          	sb	a4,0(a5)
C:\Users\Gutzakk\Desktop\Work\Workspace Synracore\C_new_project\Debug/../app/main.c:1481
			sum_calc ^= byte;
8000236e:	400007b7          	lui	a5,0x40000
80002372:	2497c783          	lbu	a5,585(a5) # 40000249 <sum_calc>
80002376:	fef44703          	lbu	a4,-17(s0)
8000237a:	8fb9                	xor	a5,a5,a4
8000237c:	0ff7f713          	zext.b	a4,a5
80002380:	400007b7          	lui	a5,0x40000
80002384:	24e784a3          	sb	a4,585(a5) # 40000249 <sum_calc>
C:\Users\Gutzakk\Desktop\Work\Workspace Synracore\C_new_project\Debug/../app/main.c:1486
		}

		else parser_state = 0;

		break;
80002388:	aa79                	j	80002526 <parserByte+0x248>
C:\Users\Gutzakk\Desktop\Work\Workspace Synracore\C_new_project\Debug/../app/main.c:1484
		else parser_state = 0;
8000238a:	400007b7          	lui	a5,0x40000
8000238e:	24078423          	sb	zero,584(a5) # 40000248 <parser_state>
C:\Users\Gutzakk\Desktop\Work\Workspace Synracore\C_new_project\Debug/../app/main.c:1486
		break;
80002392:	aa51                	j	80002526 <parserByte+0x248>
C:\Users\Gutzakk\Desktop\Work\Workspace Synracore\C_new_project\Debug/../app/main.c:1489

	case 2:
		expected_len_data = get_cmd_len(byte);
80002394:	fef44783          	lbu	a5,-17(s0)
80002398:	853e                	mv	a0,a5
8000239a:	3df1                	jal	80002276 <get_cmd_len>
8000239c:	87aa                	mv	a5,a0
8000239e:	873e                	mv	a4,a5
C:\Users\Gutzakk\Desktop\Work\Workspace Synracore\C_new_project\Debug/../app/main.c:1489 (discriminator 1)
800023a0:	400007b7          	lui	a5,0x40000
800023a4:	24e78523          	sb	a4,586(a5) # 4000024a <expected_len_data>
C:\Users\Gutzakk\Desktop\Work\Workspace Synracore\C_new_project\Debug/../app/main.c:1491

		if (expected_len_data == 0xFF) parser_state = 0;
800023a8:	400007b7          	lui	a5,0x40000
800023ac:	24a7c703          	lbu	a4,586(a5) # 4000024a <expected_len_data>
800023b0:	0ff00793          	li	a5,255
800023b4:	00f71763          	bne	a4,a5,800023c2 <parserByte+0xe4>
C:\Users\Gutzakk\Desktop\Work\Workspace Synracore\C_new_project\Debug/../app/main.c:1491 (discriminator 1)
800023b8:	400007b7          	lui	a5,0x40000
800023bc:	24078423          	sb	zero,584(a5) # 40000248 <parser_state>
C:\Users\Gutzakk\Desktop\Work\Workspace Synracore\C_new_project\Debug/../app/main.c:1501
			packet[start_write_func].cmd = byte;
			sum_calc ^= byte;
			parser_state = (expected_len_data > 0) ? 3 : 4;
		}

		break;
800023c0:	a29d                	j	80002526 <parserByte+0x248>
C:\Users\Gutzakk\Desktop\Work\Workspace Synracore\C_new_project\Debug/../app/main.c:1495
			real_len_data = 0;
800023c2:	400007b7          	lui	a5,0x40000
800023c6:	240785a3          	sb	zero,587(a5) # 4000024b <real_len_data>
C:\Users\Gutzakk\Desktop\Work\Workspace Synracore\C_new_project\Debug/../app/main.c:1496
			packet[start_write_func].cmd = byte;
800023ca:	400007b7          	lui	a5,0x40000
800023ce:	24e7c783          	lbu	a5,590(a5) # 4000024e <start_write_func>
800023d2:	0ff7f793          	zext.b	a5,a5
800023d6:	873e                	mv	a4,a5
800023d8:	400017b7          	lui	a5,0x40001
800023dc:	d0078693          	addi	a3,a5,-768 # 40000d00 <packet>
800023e0:	87ba                	mv	a5,a4
800023e2:	078e                	slli	a5,a5,0x3
800023e4:	8f99                	sub	a5,a5,a4
800023e6:	078a                	slli	a5,a5,0x2
800023e8:	8f99                	sub	a5,a5,a4
800023ea:	97b6                	add	a5,a5,a3
800023ec:	fef44703          	lbu	a4,-17(s0)
800023f0:	00e780a3          	sb	a4,1(a5)
C:\Users\Gutzakk\Desktop\Work\Workspace Synracore\C_new_project\Debug/../app/main.c:1497
			sum_calc ^= byte;
800023f4:	400007b7          	lui	a5,0x40000
800023f8:	2497c783          	lbu	a5,585(a5) # 40000249 <sum_calc>
800023fc:	fef44703          	lbu	a4,-17(s0)
80002400:	8fb9                	xor	a5,a5,a4
80002402:	0ff7f713          	zext.b	a4,a5
80002406:	400007b7          	lui	a5,0x40000
8000240a:	24e784a3          	sb	a4,585(a5) # 40000249 <sum_calc>
C:\Users\Gutzakk\Desktop\Work\Workspace Synracore\C_new_project\Debug/../app/main.c:1498
			parser_state = (expected_len_data > 0) ? 3 : 4;
8000240e:	400007b7          	lui	a5,0x40000
80002412:	24a7c783          	lbu	a5,586(a5) # 4000024a <expected_len_data>
80002416:	c399                	beqz	a5,8000241c <parserByte+0x13e>
C:\Users\Gutzakk\Desktop\Work\Workspace Synracore\C_new_project\Debug/../app/main.c:1498 (discriminator 1)
80002418:	478d                	li	a5,3
8000241a:	a011                	j	8000241e <parserByte+0x140>
C:\Users\Gutzakk\Desktop\Work\Workspace Synracore\C_new_project\Debug/../app/main.c:1498 (discriminator 2)
8000241c:	4791                	li	a5,4
C:\Users\Gutzakk\Desktop\Work\Workspace Synracore\C_new_project\Debug/../app/main.c:1498 (discriminator 4)
8000241e:	40000737          	lui	a4,0x40000
80002422:	24f70423          	sb	a5,584(a4) # 40000248 <parser_state>
C:\Users\Gutzakk\Desktop\Work\Workspace Synracore\C_new_project\Debug/../app/main.c:1501
		break;
80002426:	a201                	j	80002526 <parserByte+0x248>
C:\Users\Gutzakk\Desktop\Work\Workspace Synracore\C_new_project\Debug/../app/main.c:1504

	case 3:
		packet[start_write_func].data[real_len_data] = byte;
80002428:	400007b7          	lui	a5,0x40000
8000242c:	24e7c783          	lbu	a5,590(a5) # 4000024e <start_write_func>
80002430:	0ff7f793          	zext.b	a5,a5
80002434:	873e                	mv	a4,a5
80002436:	400007b7          	lui	a5,0x40000
8000243a:	24b7c783          	lbu	a5,587(a5) # 4000024b <real_len_data>
8000243e:	863e                	mv	a2,a5
80002440:	400017b7          	lui	a5,0x40001
80002444:	d0078693          	addi	a3,a5,-768 # 40000d00 <packet>
80002448:	87ba                	mv	a5,a4
8000244a:	078e                	slli	a5,a5,0x3
8000244c:	8f99                	sub	a5,a5,a4
8000244e:	078a                	slli	a5,a5,0x2
80002450:	8f99                	sub	a5,a5,a4
80002452:	97b6                	add	a5,a5,a3
80002454:	97b2                	add	a5,a5,a2
80002456:	fef44703          	lbu	a4,-17(s0)
8000245a:	00e78123          	sb	a4,2(a5)
C:\Users\Gutzakk\Desktop\Work\Workspace Synracore\C_new_project\Debug/../app/main.c:1505
		real_len_data++;
8000245e:	400007b7          	lui	a5,0x40000
80002462:	24b7c783          	lbu	a5,587(a5) # 4000024b <real_len_data>
80002466:	0785                	addi	a5,a5,1
80002468:	0ff7f713          	zext.b	a4,a5
8000246c:	400007b7          	lui	a5,0x40000
80002470:	24e785a3          	sb	a4,587(a5) # 4000024b <real_len_data>
C:\Users\Gutzakk\Desktop\Work\Workspace Synracore\C_new_project\Debug/../app/main.c:1506
		sum_calc ^= byte;
80002474:	400007b7          	lui	a5,0x40000
80002478:	2497c783          	lbu	a5,585(a5) # 40000249 <sum_calc>
8000247c:	fef44703          	lbu	a4,-17(s0)
80002480:	8fb9                	xor	a5,a5,a4
80002482:	0ff7f713          	zext.b	a4,a5
80002486:	400007b7          	lui	a5,0x40000
8000248a:	24e784a3          	sb	a4,585(a5) # 40000249 <sum_calc>
C:\Users\Gutzakk\Desktop\Work\Workspace Synracore\C_new_project\Debug/../app/main.c:1508

		if (real_len_data >= expected_len_data) parser_state = 4;
8000248e:	400007b7          	lui	a5,0x40000
80002492:	24b7c703          	lbu	a4,587(a5) # 4000024b <real_len_data>
80002496:	400007b7          	lui	a5,0x40000
8000249a:	24a7c783          	lbu	a5,586(a5) # 4000024a <expected_len_data>
8000249e:	08f76363          	bltu	a4,a5,80002524 <parserByte+0x246>
C:\Users\Gutzakk\Desktop\Work\Workspace Synracore\C_new_project\Debug/../app/main.c:1508 (discriminator 1)
800024a2:	400007b7          	lui	a5,0x40000
800024a6:	4711                	li	a4,4
800024a8:	24e78423          	sb	a4,584(a5) # 40000248 <parser_state>
C:\Users\Gutzakk\Desktop\Work\Workspace Synracore\C_new_project\Debug/../app/main.c:1510

		break;
800024ac:	a8a5                	j	80002524 <parserByte+0x246>
C:\Users\Gutzakk\Desktop\Work\Workspace Synracore\C_new_project\Debug/../app/main.c:1513

	case 4:
		if (sum_calc == byte)
800024ae:	400007b7          	lui	a5,0x40000
800024b2:	2497c783          	lbu	a5,585(a5) # 40000249 <sum_calc>
800024b6:	fef44703          	lbu	a4,-17(s0)
800024ba:	04f71e63          	bne	a4,a5,80002516 <parserByte+0x238>
C:\Users\Gutzakk\Desktop\Work\Workspace Synracore\C_new_project\Debug/../app/main.c:1515
			{
				packet[start_write_func].data_len = expected_len_data;
800024be:	400007b7          	lui	a5,0x40000
800024c2:	24e7c783          	lbu	a5,590(a5) # 4000024e <start_write_func>
800024c6:	0ff7f793          	zext.b	a5,a5
800024ca:	873e                	mv	a4,a5
800024cc:	400007b7          	lui	a5,0x40000
800024d0:	24a7c683          	lbu	a3,586(a5) # 4000024a <expected_len_data>
800024d4:	400017b7          	lui	a5,0x40001
800024d8:	d0078613          	addi	a2,a5,-768 # 40000d00 <packet>
800024dc:	87ba                	mv	a5,a4
800024de:	078e                	slli	a5,a5,0x3
800024e0:	8f99                	sub	a5,a5,a4
800024e2:	078a                	slli	a5,a5,0x2
800024e4:	8f99                	sub	a5,a5,a4
800024e6:	97b2                	add	a5,a5,a2
800024e8:	00d78d23          	sb	a3,26(a5)
C:\Users\Gutzakk\Desktop\Work\Workspace Synracore\C_new_project\Debug/../app/main.c:1517

				start_write_func = (start_write_func + 1) % QUEUE_SIZE;
800024ec:	400007b7          	lui	a5,0x40000
800024f0:	24e7c783          	lbu	a5,590(a5) # 4000024e <start_write_func>
800024f4:	0ff7f793          	zext.b	a5,a5
800024f8:	00178713          	addi	a4,a5,1
800024fc:	41f75793          	srai	a5,a4,0x1f
80002500:	83f9                	srli	a5,a5,0x1e
80002502:	973e                	add	a4,a4,a5
80002504:	8b0d                	andi	a4,a4,3
80002506:	40f707b3          	sub	a5,a4,a5
8000250a:	0ff7f713          	zext.b	a4,a5
8000250e:	400007b7          	lui	a5,0x40000
80002512:	24e78723          	sb	a4,590(a5) # 4000024e <start_write_func>
C:\Users\Gutzakk\Desktop\Work\Workspace Synracore\C_new_project\Debug/../app/main.c:1520
			}

		parser_state = 0;
80002516:	400007b7          	lui	a5,0x40000
8000251a:	24078423          	sb	zero,584(a5) # 40000248 <parser_state>
C:\Users\Gutzakk\Desktop\Work\Workspace Synracore\C_new_project\Debug/../app/main.c:1521
		break;
8000251e:	a021                	j	80002526 <parserByte+0x248>
C:\Users\Gutzakk\Desktop\Work\Workspace Synracore\C_new_project\Debug/../app/main.c:1474
		break;
80002520:	0001                	nop
80002522:	a011                	j	80002526 <parserByte+0x248>
C:\Users\Gutzakk\Desktop\Work\Workspace Synracore\C_new_project\Debug/../app/main.c:1510
		break;
80002524:	0001                	nop
C:\Users\Gutzakk\Desktop\Work\Workspace Synracore\C_new_project\Debug/../app/main.c:1523
	}
}
80002526:	0001                	nop
80002528:	40f2                	lw	ra,28(sp)
8000252a:	4462                	lw	s0,24(sp)
8000252c:	6105                	addi	sp,sp,32
8000252e:	8082                	ret

80002530 <redrawWindow1>:
redrawWindow1():
C:\Users\Gutzakk\Desktop\Work\Workspace Synracore\C_new_project\Debug/../app/main.c:1529



/*============Функции парсера==================*/
void redrawWindow1 (uint8_t* data, char* str, uint8_t size)
{
80002530:	1101                	addi	sp,sp,-32
80002532:	ce06                	sw	ra,28(sp)
80002534:	cc22                	sw	s0,24(sp)
80002536:	1000                	addi	s0,sp,32
80002538:	fea42623          	sw	a0,-20(s0)
8000253c:	feb42423          	sw	a1,-24(s0)
80002540:	87b2                	mv	a5,a2
80002542:	fef403a3          	sb	a5,-25(s0)
C:\Users\Gutzakk\Desktop\Work\Workspace Synracore\C_new_project\Debug/../app/main.c:1533
	uint32_t data_FLASH;


    FLASH->ADDR = MEM_FLASH_BASE + MEM_FLASH_PAGE_SIZE * (MEM_FLASH_PAGE_TOTAL - 2);
80002546:	3000d7b7          	lui	a5,0x3000d
8000254a:	800fe737          	lui	a4,0x800fe
8000254e:	c398                	sw	a4,0(a5)
C:\Users\Gutzakk\Desktop\Work\Workspace Synracore\C_new_project\Debug/../app/main.c:1534
    FLASH->CMD = (0xC0DE << 16) | (1 << 2);//ключ + чистка области
80002550:	3000d7b7          	lui	a5,0x3000d
80002554:	c0de0737          	lui	a4,0xc0de0
80002558:	0711                	addi	a4,a4,4 # c0de0004 <__data_source_start+0x40dd8f60>
8000255a:	c3f8                	sw	a4,68(a5)
C:\Users\Gutzakk\Desktop\Work\Workspace Synracore\C_new_project\Debug/../app/main.c:1535
    while (FLASH->STAT & 1);//ожидание конца
8000255c:	0001                	nop
C:\Users\Gutzakk\Desktop\Work\Workspace Synracore\C_new_project\Debug/../app/main.c:1535 (discriminator 1)
8000255e:	3000d7b7          	lui	a5,0x3000d
80002562:	47bc                	lw	a5,72(a5)
80002564:	8b85                	andi	a5,a5,1
80002566:	ffe5                	bnez	a5,8000255e <redrawWindow1+0x2e>
C:\Users\Gutzakk\Desktop\Work\Workspace Synracore\C_new_project\Debug/../app/main.c:1538


    FLASH->ADDR = MEM_FLASH_BASE + MEM_FLASH_PAGE_SIZE * (MEM_FLASH_PAGE_TOTAL - 2);//1 страница флеш-памяти
80002568:	3000d7b7          	lui	a5,0x3000d
8000256c:	800fe737          	lui	a4,0x800fe
80002570:	c398                	sw	a4,0(a5)
C:\Users\Gutzakk\Desktop\Work\Workspace Synracore\C_new_project\Debug/../app/main.c:1539
    FLASH->DATA[0].DATA = data[0] | (data[1] << 4) | (data[2] << 8) | (data[3] << 12) | (data[4] << 16)
80002572:	fec42783          	lw	a5,-20(s0)
80002576:	0007c783          	lbu	a5,0(a5) # 3000d000 <STACK_SIZE+0x3000c800>
8000257a:	873e                	mv	a4,a5
8000257c:	fec42783          	lw	a5,-20(s0)
80002580:	0785                	addi	a5,a5,1
80002582:	0007c783          	lbu	a5,0(a5)
80002586:	0792                	slli	a5,a5,0x4
80002588:	8f5d                	or	a4,a4,a5
8000258a:	fec42783          	lw	a5,-20(s0)
8000258e:	0789                	addi	a5,a5,2
80002590:	0007c783          	lbu	a5,0(a5)
80002594:	07a2                	slli	a5,a5,0x8
80002596:	8f5d                	or	a4,a4,a5
80002598:	fec42783          	lw	a5,-20(s0)
8000259c:	078d                	addi	a5,a5,3
8000259e:	0007c783          	lbu	a5,0(a5)
800025a2:	07b2                	slli	a5,a5,0xc
800025a4:	8f5d                	or	a4,a4,a5
800025a6:	fec42783          	lw	a5,-20(s0)
800025aa:	0791                	addi	a5,a5,4
800025ac:	0007c783          	lbu	a5,0(a5)
800025b0:	07c2                	slli	a5,a5,0x10
800025b2:	8f5d                	or	a4,a4,a5
C:\Users\Gutzakk\Desktop\Work\Workspace Synracore\C_new_project\Debug/../app/main.c:1540
    		| (data[5] << 20) | (data[6] << 24) | (data[7] << 28);
800025b4:	fec42783          	lw	a5,-20(s0)
800025b8:	0795                	addi	a5,a5,5
800025ba:	0007c783          	lbu	a5,0(a5)
800025be:	07d2                	slli	a5,a5,0x14
800025c0:	8f5d                	or	a4,a4,a5
800025c2:	fec42783          	lw	a5,-20(s0)
800025c6:	0799                	addi	a5,a5,6
800025c8:	0007c783          	lbu	a5,0(a5)
800025cc:	07e2                	slli	a5,a5,0x18
800025ce:	8f5d                	or	a4,a4,a5
800025d0:	fec42783          	lw	a5,-20(s0)
800025d4:	079d                	addi	a5,a5,7
800025d6:	0007c783          	lbu	a5,0(a5)
800025da:	07f2                	slli	a5,a5,0x1c
800025dc:	8f5d                	or	a4,a4,a5
C:\Users\Gutzakk\Desktop\Work\Workspace Synracore\C_new_project\Debug/../app/main.c:1539
    FLASH->DATA[0].DATA = data[0] | (data[1] << 4) | (data[2] << 8) | (data[3] << 12) | (data[4] << 16)
800025de:	3000d7b7          	lui	a5,0x3000d
800025e2:	c3d8                	sw	a4,4(a5)
C:\Users\Gutzakk\Desktop\Work\Workspace Synracore\C_new_project\Debug/../app/main.c:1541
    FLASH->CMD = (0xC0DE << 16) | (1 << 1);//ключ + запись в область
800025e4:	3000d7b7          	lui	a5,0x3000d
800025e8:	c0de0737          	lui	a4,0xc0de0
800025ec:	0709                	addi	a4,a4,2 # c0de0002 <__data_source_start+0x40dd8f5e>
800025ee:	c3f8                	sw	a4,68(a5)
C:\Users\Gutzakk\Desktop\Work\Workspace Synracore\C_new_project\Debug/../app/main.c:1542
    while (FLASH->STAT & 1);//ожидание конца
800025f0:	0001                	nop
C:\Users\Gutzakk\Desktop\Work\Workspace Synracore\C_new_project\Debug/../app/main.c:1542 (discriminator 1)
800025f2:	3000d7b7          	lui	a5,0x3000d
800025f6:	47bc                	lw	a5,72(a5)
800025f8:	8b85                	andi	a5,a5,1
800025fa:	ffe5                	bnez	a5,800025f2 <redrawWindow1+0xc2>
C:\Users\Gutzakk\Desktop\Work\Workspace Synracore\C_new_project\Debug/../app/main.c:1545


	str[7] = data[0] + '0';
800025fc:	fec42783          	lw	a5,-20(s0)
80002600:	0007c783          	lbu	a5,0(a5) # 3000d000 <STACK_SIZE+0x3000c800>
80002604:	03078793          	addi	a5,a5,48
80002608:	0ff7f713          	zext.b	a4,a5
8000260c:	fe842783          	lw	a5,-24(s0)
80002610:	079d                	addi	a5,a5,7
80002612:	0762                	slli	a4,a4,0x18
80002614:	8761                	srai	a4,a4,0x18
80002616:	00e78023          	sb	a4,0(a5)
C:\Users\Gutzakk\Desktop\Work\Workspace Synracore\C_new_project\Debug/../app/main.c:1546
	str[8] = data[1] + '0';
8000261a:	fec42783          	lw	a5,-20(s0)
8000261e:	0785                	addi	a5,a5,1
80002620:	0007c783          	lbu	a5,0(a5)
80002624:	03078793          	addi	a5,a5,48
80002628:	0ff7f713          	zext.b	a4,a5
8000262c:	fe842783          	lw	a5,-24(s0)
80002630:	07a1                	addi	a5,a5,8
80002632:	0762                	slli	a4,a4,0x18
80002634:	8761                	srai	a4,a4,0x18
80002636:	00e78023          	sb	a4,0(a5)
C:\Users\Gutzakk\Desktop\Work\Workspace Synracore\C_new_project\Debug/../app/main.c:1547
	str[14] = data[2] + '0';
8000263a:	fec42783          	lw	a5,-20(s0)
8000263e:	0789                	addi	a5,a5,2
80002640:	0007c783          	lbu	a5,0(a5)
80002644:	03078793          	addi	a5,a5,48
80002648:	0ff7f713          	zext.b	a4,a5
8000264c:	fe842783          	lw	a5,-24(s0)
80002650:	07b9                	addi	a5,a5,14
80002652:	0762                	slli	a4,a4,0x18
80002654:	8761                	srai	a4,a4,0x18
80002656:	00e78023          	sb	a4,0(a5)
C:\Users\Gutzakk\Desktop\Work\Workspace Synracore\C_new_project\Debug/../app/main.c:1548
	str[15] = data[3] + '0';
8000265a:	fec42783          	lw	a5,-20(s0)
8000265e:	078d                	addi	a5,a5,3
80002660:	0007c783          	lbu	a5,0(a5)
80002664:	03078793          	addi	a5,a5,48
80002668:	0ff7f713          	zext.b	a4,a5
8000266c:	fe842783          	lw	a5,-24(s0)
80002670:	07bd                	addi	a5,a5,15
80002672:	0762                	slli	a4,a4,0x18
80002674:	8761                	srai	a4,a4,0x18
80002676:	00e78023          	sb	a4,0(a5)
C:\Users\Gutzakk\Desktop\Work\Workspace Synracore\C_new_project\Debug/../app/main.c:1549
	str[23] = data[4] + '0';
8000267a:	fec42783          	lw	a5,-20(s0)
8000267e:	0791                	addi	a5,a5,4
80002680:	0007c783          	lbu	a5,0(a5)
80002684:	03078793          	addi	a5,a5,48
80002688:	0ff7f713          	zext.b	a4,a5
8000268c:	fe842783          	lw	a5,-24(s0)
80002690:	07dd                	addi	a5,a5,23
80002692:	0762                	slli	a4,a4,0x18
80002694:	8761                	srai	a4,a4,0x18
80002696:	00e78023          	sb	a4,0(a5)
C:\Users\Gutzakk\Desktop\Work\Workspace Synracore\C_new_project\Debug/../app/main.c:1550
	str[24] = data[5] + '0';
8000269a:	fec42783          	lw	a5,-20(s0)
8000269e:	0795                	addi	a5,a5,5
800026a0:	0007c783          	lbu	a5,0(a5)
800026a4:	03078793          	addi	a5,a5,48
800026a8:	0ff7f713          	zext.b	a4,a5
800026ac:	fe842783          	lw	a5,-24(s0)
800026b0:	07e1                	addi	a5,a5,24
800026b2:	0762                	slli	a4,a4,0x18
800026b4:	8761                	srai	a4,a4,0x18
800026b6:	00e78023          	sb	a4,0(a5)
C:\Users\Gutzakk\Desktop\Work\Workspace Synracore\C_new_project\Debug/../app/main.c:1551
	str[30] = data[6] + '0';
800026ba:	fec42783          	lw	a5,-20(s0)
800026be:	0799                	addi	a5,a5,6
800026c0:	0007c783          	lbu	a5,0(a5)
800026c4:	03078793          	addi	a5,a5,48
800026c8:	0ff7f713          	zext.b	a4,a5
800026cc:	fe842783          	lw	a5,-24(s0)
800026d0:	07f9                	addi	a5,a5,30
800026d2:	0762                	slli	a4,a4,0x18
800026d4:	8761                	srai	a4,a4,0x18
800026d6:	00e78023          	sb	a4,0(a5)
C:\Users\Gutzakk\Desktop\Work\Workspace Synracore\C_new_project\Debug/../app/main.c:1552
	str[31] = data[7] + '0';
800026da:	fec42783          	lw	a5,-20(s0)
800026de:	079d                	addi	a5,a5,7
800026e0:	0007c783          	lbu	a5,0(a5)
800026e4:	03078793          	addi	a5,a5,48
800026e8:	0ff7f713          	zext.b	a4,a5
800026ec:	fe842783          	lw	a5,-24(s0)
800026f0:	07fd                	addi	a5,a5,31
800026f2:	0762                	slli	a4,a4,0x18
800026f4:	8761                	srai	a4,a4,0x18
800026f6:	00e78023          	sb	a4,0(a5)
C:\Users\Gutzakk\Desktop\Work\Workspace Synracore\C_new_project\Debug/../app/main.c:1554

	if (current_window == WINDOW_1) DMA_Collect_Row(0, 0, str);
800026fa:	400007b7          	lui	a5,0x40000
800026fe:	0007c783          	lbu	a5,0(a5) # 40000000 <current_window>
80002702:	0ff7f713          	zext.b	a4,a5
80002706:	4785                	li	a5,1
80002708:	00f71763          	bne	a4,a5,80002716 <redrawWindow1+0x1e6>
C:\Users\Gutzakk\Desktop\Work\Workspace Synracore\C_new_project\Debug/../app/main.c:1554 (discriminator 1)
8000270c:	fe842603          	lw	a2,-24(s0)
80002710:	4581                	li	a1,0
80002712:	4501                	li	a0,0
80002714:	2515                	jal	80002d38 <DMA_Collect_Row>
C:\Users\Gutzakk\Desktop\Work\Workspace Synracore\C_new_project\Debug/../app/main.c:1555
}
80002716:	0001                	nop
80002718:	40f2                	lw	ra,28(sp)
8000271a:	4462                	lw	s0,24(sp)
8000271c:	6105                	addi	sp,sp,32
8000271e:	8082                	ret

80002720 <ledOFF>:
ledOFF():
C:\Users\Gutzakk\Desktop\Work\Workspace Synracore\C_new_project\Debug/../app/main.c:1559


void ledOFF (uint8_t* data, char* str, uint8_t size)
{
80002720:	7179                	addi	sp,sp,-48
80002722:	d606                	sw	ra,44(sp)
80002724:	d422                	sw	s0,40(sp)
80002726:	1800                	addi	s0,sp,48
80002728:	fca42e23          	sw	a0,-36(s0)
8000272c:	fcb42c23          	sw	a1,-40(s0)
80002730:	87b2                	mv	a5,a2
80002732:	fcf40ba3          	sb	a5,-41(s0)
C:\Users\Gutzakk\Desktop\Work\Workspace Synracore\C_new_project\Debug/../app/main.c:1560
	for (uint8_t i = 0; i < 5; i++)
80002736:	fe0407a3          	sb	zero,-17(s0)
8000273a:	a035                	j	80002766 <ledOFF+0x46>
C:\Users\Gutzakk\Desktop\Work\Workspace Synracore\C_new_project\Debug/../app/main.c:1562
	{
		GPIOC->DATAOUTCLR = 1;
8000273c:	280027b7          	lui	a5,0x28002
80002740:	4705                	li	a4,1
80002742:	c7d8                	sw	a4,12(a5)
C:\Users\Gutzakk\Desktop\Work\Workspace Synracore\C_new_project\Debug/../app/main.c:1563
		Delay_ms(100);
80002744:	06400513          	li	a0,100
80002748:	feafe0ef          	jal	80000f32 <Delay_ms>
C:\Users\Gutzakk\Desktop\Work\Workspace Synracore\C_new_project\Debug/../app/main.c:1564
		GPIOC->DATAOUTSET = 1;
8000274c:	280027b7          	lui	a5,0x28002
80002750:	4705                	li	a4,1
80002752:	c798                	sw	a4,8(a5)
C:\Users\Gutzakk\Desktop\Work\Workspace Synracore\C_new_project\Debug/../app/main.c:1565
		Delay_ms(100);
80002754:	06400513          	li	a0,100
80002758:	fdafe0ef          	jal	80000f32 <Delay_ms>
C:\Users\Gutzakk\Desktop\Work\Workspace Synracore\C_new_project\Debug/../app/main.c:1560 (discriminator 3)
	for (uint8_t i = 0; i < 5; i++)
8000275c:	fef44783          	lbu	a5,-17(s0)
80002760:	0785                	addi	a5,a5,1 # 28002001 <STACK_SIZE+0x28001801>
80002762:	fef407a3          	sb	a5,-17(s0)
C:\Users\Gutzakk\Desktop\Work\Workspace Synracore\C_new_project\Debug/../app/main.c:1560 (discriminator 1)
80002766:	fef44703          	lbu	a4,-17(s0)
8000276a:	4791                	li	a5,4
8000276c:	fce7f8e3          	bgeu	a5,a4,8000273c <ledOFF+0x1c>
C:\Users\Gutzakk\Desktop\Work\Workspace Synracore\C_new_project\Debug/../app/main.c:1567
	}
}
80002770:	0001                	nop
80002772:	0001                	nop
80002774:	50b2                	lw	ra,44(sp)
80002776:	5422                	lw	s0,40(sp)
80002778:	6145                	addi	sp,sp,48
8000277a:	8082                	ret

8000277c <displayFull>:
displayFull():
C:\Users\Gutzakk\Desktop\Work\Workspace Synracore\C_new_project\Debug/../app/main.c:1571


void displayFull (uint8_t* data, char* str, uint8_t size)
{
8000277c:	7179                	addi	sp,sp,-48
8000277e:	d606                	sw	ra,44(sp)
80002780:	d422                	sw	s0,40(sp)
80002782:	1800                	addi	s0,sp,48
80002784:	fca42e23          	sw	a0,-36(s0)
80002788:	fcb42c23          	sw	a1,-40(s0)
8000278c:	87b2                	mv	a5,a2
8000278e:	fcf40ba3          	sb	a5,-41(s0)
C:\Users\Gutzakk\Desktop\Work\Workspace Synracore\C_new_project\Debug/../app/main.c:1572
	for (uint8_t i = 0; i < 16; i++)
80002792:	fe0407a3          	sb	zero,-17(s0)
80002796:	a00d                	j	800027b8 <displayFull+0x3c>
C:\Users\Gutzakk\Desktop\Work\Workspace Synracore\C_new_project\Debug/../app/main.c:1574
	{
		OLED_full();
80002798:	2e2d                	jal	80002ad2 <OLED_full>
C:\Users\Gutzakk\Desktop\Work\Workspace Synracore\C_new_project\Debug/../app/main.c:1575
		Delay_ms(100);
8000279a:	06400513          	li	a0,100
8000279e:	f94fe0ef          	jal	80000f32 <Delay_ms>
C:\Users\Gutzakk\Desktop\Work\Workspace Synracore\C_new_project\Debug/../app/main.c:1576
		OLED_clear();
800027a2:	2e49                	jal	80002b34 <OLED_clear>
C:\Users\Gutzakk\Desktop\Work\Workspace Synracore\C_new_project\Debug/../app/main.c:1577
		Picture_display(picture_tab);
800027a4:	800057b7          	lui	a5,0x80005
800027a8:	e7078513          	addi	a0,a5,-400 # 80004e70 <picture_tab>
800027ac:	2189                	jal	80002bee <Picture_display>
C:\Users\Gutzakk\Desktop\Work\Workspace Synracore\C_new_project\Debug/../app/main.c:1572 (discriminator 3)
	for (uint8_t i = 0; i < 16; i++)
800027ae:	fef44783          	lbu	a5,-17(s0)
800027b2:	0785                	addi	a5,a5,1
800027b4:	fef407a3          	sb	a5,-17(s0)
C:\Users\Gutzakk\Desktop\Work\Workspace Synracore\C_new_project\Debug/../app/main.c:1572 (discriminator 1)
800027b8:	fef44703          	lbu	a4,-17(s0)
800027bc:	47bd                	li	a5,15
800027be:	fce7fde3          	bgeu	a5,a4,80002798 <displayFull+0x1c>
C:\Users\Gutzakk\Desktop\Work\Workspace Synracore\C_new_project\Debug/../app/main.c:1579
	}
}
800027c2:	0001                	nop
800027c4:	0001                	nop
800027c6:	50b2                	lw	ra,44(sp)
800027c8:	5422                	lw	s0,40(sp)
800027ca:	6145                	addi	sp,sp,48
800027cc:	8082                	ret

800027ce <displayClear>:
displayClear():
C:\Users\Gutzakk\Desktop\Work\Workspace Synracore\C_new_project\Debug/../app/main.c:1583


void displayClear (uint8_t* data, char* str, uint8_t size)
{
800027ce:	1101                	addi	sp,sp,-32
800027d0:	ce06                	sw	ra,28(sp)
800027d2:	cc22                	sw	s0,24(sp)
800027d4:	1000                	addi	s0,sp,32
800027d6:	fea42623          	sw	a0,-20(s0)
800027da:	feb42423          	sw	a1,-24(s0)
800027de:	87b2                	mv	a5,a2
800027e0:	fef403a3          	sb	a5,-25(s0)
C:\Users\Gutzakk\Desktop\Work\Workspace Synracore\C_new_project\Debug/../app/main.c:1584
	OLED_clear();
800027e4:	2e81                	jal	80002b34 <OLED_clear>
C:\Users\Gutzakk\Desktop\Work\Workspace Synracore\C_new_project\Debug/../app/main.c:1585
}
800027e6:	0001                	nop
800027e8:	40f2                	lw	ra,28(sp)
800027ea:	4462                	lw	s0,24(sp)
800027ec:	6105                	addi	sp,sp,32
800027ee:	8082                	ret

800027f0 <UART2_TX>:
UART2_TX():
C:\Users\Gutzakk\Desktop\Work\Workspace Synracore\C_new_project\Debug/../app/main.c:1589


void UART2_TX (uint8_t* data, char* str, uint8_t size)
{
800027f0:	7179                	addi	sp,sp,-48
800027f2:	d606                	sw	ra,44(sp)
800027f4:	d422                	sw	s0,40(sp)
800027f6:	1800                	addi	s0,sp,48
800027f8:	fca42e23          	sw	a0,-36(s0)
800027fc:	fcb42c23          	sw	a1,-40(s0)
80002800:	87b2                	mv	a5,a2
80002802:	fcf40ba3          	sb	a5,-41(s0)
C:\Users\Gutzakk\Desktop\Work\Workspace Synracore\C_new_project\Debug/../app/main.c:1590
	uint8_t special[] =
80002806:	50100793          	li	a5,1281
8000280a:	fef41623          	sh	a5,-20(s0)
C:\Users\Gutzakk\Desktop\Work\Workspace Synracore\C_new_project\Debug/../app/main.c:1595
	{
			0x1, 0x5
	};

	DMA_CONFIGDATA.PRM_DATA.CH[10].SRC_DATA_END_PTR = (uint32_t)&(special[sizeof(special) - 1]);
8000280e:	fec40793          	addi	a5,s0,-20
80002812:	00178713          	addi	a4,a5,1
80002816:	400017b7          	lui	a5,0x40001
8000281a:	80078793          	addi	a5,a5,-2048 # 40000800 <DMA_CONFIGDATA>
8000281e:	0ae7a023          	sw	a4,160(a5)
C:\Users\Gutzakk\Desktop\Work\Workspace Synracore\C_new_project\Debug/../app/main.c:1597

	DMA_CONFIGDATA.PRM_DATA.CH[10].CHANNEL_CFG |= 0b001 << 29;//канал в режиме основном
80002822:	400017b7          	lui	a5,0x40001
80002826:	80078793          	addi	a5,a5,-2048 # 40000800 <DMA_CONFIGDATA>
8000282a:	0a87a703          	lw	a4,168(a5)
8000282e:	200007b7          	lui	a5,0x20000
80002832:	8f5d                	or	a4,a4,a5
80002834:	400017b7          	lui	a5,0x40001
80002838:	80078793          	addi	a5,a5,-2048 # 40000800 <DMA_CONFIGDATA>
8000283c:	0ae7a423          	sw	a4,168(a5)
C:\Users\Gutzakk\Desktop\Work\Workspace Synracore\C_new_project\Debug/../app/main.c:1598
	DMA_CONFIGDATA.PRM_DATA.CH[10].CHANNEL_CFG |= (sizeof(special) - 1) << 5;//3 передачи
80002840:	400017b7          	lui	a5,0x40001
80002844:	80078793          	addi	a5,a5,-2048 # 40000800 <DMA_CONFIGDATA>
80002848:	0a87a783          	lw	a5,168(a5)
8000284c:	0207e713          	ori	a4,a5,32
80002850:	400017b7          	lui	a5,0x40001
80002854:	80078793          	addi	a5,a5,-2048 # 40000800 <DMA_CONFIGDATA>
80002858:	0ae7a423          	sw	a4,168(a5)
C:\Users\Gutzakk\Desktop\Work\Workspace Synracore\C_new_project\Debug/../app/main.c:1599
	DMA_CONFIGDATA.PRM_DATA.CH[10].CHANNEL_CFG |= 0b0000 << 1;//арбитраж после каждой
8000285c:	400017b7          	lui	a5,0x40001
80002860:	80078793          	addi	a5,a5,-2048 # 40000800 <DMA_CONFIGDATA>
80002864:	0a87a703          	lw	a4,168(a5)
80002868:	400017b7          	lui	a5,0x40001
8000286c:	80078793          	addi	a5,a5,-2048 # 40000800 <DMA_CONFIGDATA>
80002870:	0ae7a423          	sw	a4,168(a5)
C:\Users\Gutzakk\Desktop\Work\Workspace Synracore\C_new_project\Debug/../app/main.c:1601

	DMA->ENSET |= 1 << 10;//Включение 10 канала
80002874:	3000c7b7          	lui	a5,0x3000c
80002878:	5798                	lw	a4,40(a5)
8000287a:	3000c7b7          	lui	a5,0x3000c
8000287e:	40076713          	ori	a4,a4,1024
80002882:	d798                	sw	a4,40(a5)
C:\Users\Gutzakk\Desktop\Work\Workspace Synracore\C_new_project\Debug/../app/main.c:1603

	UART2->DMACR |= 1 << 1;//Разрешаем работу с буфером передатчика (ЖДЕМ ОТМАШКИ НА ПЕРЕДАЧУ)
80002884:	300087b7          	lui	a5,0x30008
80002888:	47b8                	lw	a4,72(a5)
8000288a:	300087b7          	lui	a5,0x30008
8000288e:	00276713          	ori	a4,a4,2
80002892:	c7b8                	sw	a4,72(a5)
C:\Users\Gutzakk\Desktop\Work\Workspace Synracore\C_new_project\Debug/../app/main.c:1605

}
80002894:	0001                	nop
80002896:	50b2                	lw	ra,44(sp)
80002898:	5422                	lw	s0,40(sp)
8000289a:	6145                	addi	sp,sp,48
8000289c:	8082                	ret

8000289e <SPI0_send>:
SPI0_send():
C:\Users\Gutzakk\Desktop\Work\Workspace Synracore\C_new_project\Debug/../app/main.c:1611



/*============Функция передачи SPI0==================*/
void SPI0_send(uint8_t data)
{
8000289e:	1101                	addi	sp,sp,-32
800028a0:	ce06                	sw	ra,28(sp)
800028a2:	cc22                	sw	s0,24(sp)
800028a4:	1000                	addi	s0,sp,32
800028a6:	87aa                	mv	a5,a0
800028a8:	fef407a3          	sb	a5,-17(s0)
C:\Users\Gutzakk\Desktop\Work\Workspace Synracore\C_new_project\Debug/../app/main.c:1612
    while (SPI0->SR & (1 << 4));// Ждем, пока буфер освободится
800028ac:	0001                	nop
C:\Users\Gutzakk\Desktop\Work\Workspace Synracore\C_new_project\Debug/../app/main.c:1612 (discriminator 1)
800028ae:	200507b7          	lui	a5,0x20050
800028b2:	47dc                	lw	a5,12(a5)
800028b4:	8bc1                	andi	a5,a5,16
800028b6:	ffe5                	bnez	a5,800028ae <SPI0_send+0x10>
C:\Users\Gutzakk\Desktop\Work\Workspace Synracore\C_new_project\Debug/../app/main.c:1613
    SPI0->DR = data;
800028b8:	200507b7          	lui	a5,0x20050
800028bc:	fef44703          	lbu	a4,-17(s0)
800028c0:	c798                	sw	a4,8(a5)
C:\Users\Gutzakk\Desktop\Work\Workspace Synracore\C_new_project\Debug/../app/main.c:1614
    while (SPI0->SR & (1 << 4));// Ждем окончания передачи
800028c2:	0001                	nop
C:\Users\Gutzakk\Desktop\Work\Workspace Synracore\C_new_project\Debug/../app/main.c:1614 (discriminator 1)
800028c4:	200507b7          	lui	a5,0x20050
800028c8:	47dc                	lw	a5,12(a5)
800028ca:	8bc1                	andi	a5,a5,16
800028cc:	ffe5                	bnez	a5,800028c4 <SPI0_send+0x26>
C:\Users\Gutzakk\Desktop\Work\Workspace Synracore\C_new_project\Debug/../app/main.c:1615
}
800028ce:	0001                	nop
800028d0:	0001                	nop
800028d2:	40f2                	lw	ra,28(sp)
800028d4:	4462                	lw	s0,24(sp)
800028d6:	6105                	addi	sp,sp,32
800028d8:	8082                	ret

800028da <OLED_send_command>:
OLED_send_command():
C:\Users\Gutzakk\Desktop\Work\Workspace Synracore\C_new_project\Debug/../app/main.c:1621



/*============Блок работы с дисплеем==================*/
void OLED_send_command(uint8_t cmd)
{
800028da:	1101                	addi	sp,sp,-32
800028dc:	ce06                	sw	ra,28(sp)
800028de:	cc22                	sw	s0,24(sp)
800028e0:	1000                	addi	s0,sp,32
800028e2:	87aa                	mv	a5,a0
800028e4:	fef407a3          	sb	a5,-17(s0)
C:\Users\Gutzakk\Desktop\Work\Workspace Synracore\C_new_project\Debug/../app/main.c:1622
	GPIOB->DATAOUTCLR = 1 << 6;//B6\DC низкий уровень
800028e8:	280017b7          	lui	a5,0x28001
800028ec:	04000713          	li	a4,64
800028f0:	c7d8                	sw	a4,12(a5)
C:\Users\Gutzakk\Desktop\Work\Workspace Synracore\C_new_project\Debug/../app/main.c:1623
	GPIOB->DATAOUTCLR = 1 << 5;//B5\CS низкий уровень
800028f2:	280017b7          	lui	a5,0x28001
800028f6:	02000713          	li	a4,32
800028fa:	c7d8                	sw	a4,12(a5)
C:\Users\Gutzakk\Desktop\Work\Workspace Synracore\C_new_project\Debug/../app/main.c:1625

	SPI0_send(cmd);
800028fc:	fef44783          	lbu	a5,-17(s0)
80002900:	853e                	mv	a0,a5
80002902:	3f71                	jal	8000289e <SPI0_send>
C:\Users\Gutzakk\Desktop\Work\Workspace Synracore\C_new_project\Debug/../app/main.c:1627

	GPIOB->DATAOUTSET = 1 << 5;//B5\CS высокий уровень
80002904:	280017b7          	lui	a5,0x28001
80002908:	02000713          	li	a4,32
8000290c:	c798                	sw	a4,8(a5)
C:\Users\Gutzakk\Desktop\Work\Workspace Synracore\C_new_project\Debug/../app/main.c:1628
}
8000290e:	0001                	nop
80002910:	40f2                	lw	ra,28(sp)
80002912:	4462                	lw	s0,24(sp)
80002914:	6105                	addi	sp,sp,32
80002916:	8082                	ret

80002918 <OLED_send_data>:
OLED_send_data():
C:\Users\Gutzakk\Desktop\Work\Workspace Synracore\C_new_project\Debug/../app/main.c:1632


void OLED_send_data(uint8_t cmd)
{
80002918:	1101                	addi	sp,sp,-32
8000291a:	ce06                	sw	ra,28(sp)
8000291c:	cc22                	sw	s0,24(sp)
8000291e:	1000                	addi	s0,sp,32
80002920:	87aa                	mv	a5,a0
80002922:	fef407a3          	sb	a5,-17(s0)
C:\Users\Gutzakk\Desktop\Work\Workspace Synracore\C_new_project\Debug/../app/main.c:1633
	GPIOB->DATAOUTSET = 1 << 6;//B6\DC высокий уровень
80002926:	280017b7          	lui	a5,0x28001
8000292a:	04000713          	li	a4,64
8000292e:	c798                	sw	a4,8(a5)
C:\Users\Gutzakk\Desktop\Work\Workspace Synracore\C_new_project\Debug/../app/main.c:1634
	GPIOB->DATAOUTCLR = 1 << 5;//B5\CS низкий уровень
80002930:	280017b7          	lui	a5,0x28001
80002934:	02000713          	li	a4,32
80002938:	c7d8                	sw	a4,12(a5)
C:\Users\Gutzakk\Desktop\Work\Workspace Synracore\C_new_project\Debug/../app/main.c:1636

	SPI0_send(cmd);
8000293a:	fef44783          	lbu	a5,-17(s0)
8000293e:	853e                	mv	a0,a5
80002940:	3fb9                	jal	8000289e <SPI0_send>
C:\Users\Gutzakk\Desktop\Work\Workspace Synracore\C_new_project\Debug/../app/main.c:1638

	GPIOB->DATAOUTSET = 1 << 5;//B5\CS высокий уровень
80002942:	280017b7          	lui	a5,0x28001
80002946:	02000713          	li	a4,32
8000294a:	c798                	sw	a4,8(a5)
C:\Users\Gutzakk\Desktop\Work\Workspace Synracore\C_new_project\Debug/../app/main.c:1639
}
8000294c:	0001                	nop
8000294e:	40f2                	lw	ra,28(sp)
80002950:	4462                	lw	s0,24(sp)
80002952:	6105                	addi	sp,sp,32
80002954:	8082                	ret

80002956 <OLED_Init>:
OLED_Init():
C:\Users\Gutzakk\Desktop\Work\Workspace Synracore\C_new_project\Debug/../app/main.c:1643


void OLED_Init()
{
80002956:	1141                	addi	sp,sp,-16
80002958:	c606                	sw	ra,12(sp)
8000295a:	c422                	sw	s0,8(sp)
8000295c:	0800                	addi	s0,sp,16
C:\Users\Gutzakk\Desktop\Work\Workspace Synracore\C_new_project\Debug/../app/main.c:1646

    // Жесткий обязательный сброс перед запуском
    GPIOB->DATAOUTSET = 1 << 4;//B4\RES высокий уровень
8000295e:	280017b7          	lui	a5,0x28001
80002962:	4741                	li	a4,16
80002964:	c798                	sw	a4,8(a5)
C:\Users\Gutzakk\Desktop\Work\Workspace Synracore\C_new_project\Debug/../app/main.c:1648

    Delay_ms(100); // пауза
80002966:	06400513          	li	a0,100
8000296a:	dc8fe0ef          	jal	80000f32 <Delay_ms>
C:\Users\Gutzakk\Desktop\Work\Workspace Synracore\C_new_project\Debug/../app/main.c:1649
    GPIOB->DATAOUTCLR = 1 << 4;//B4\RES низкий уровень
8000296e:	280017b7          	lui	a5,0x28001
80002972:	4741                	li	a4,16
80002974:	c7d8                	sw	a4,12(a5)
C:\Users\Gutzakk\Desktop\Work\Workspace Synracore\C_new_project\Debug/../app/main.c:1650
    Delay_ms(100); // пауза
80002976:	06400513          	li	a0,100
8000297a:	db8fe0ef          	jal	80000f32 <Delay_ms>
C:\Users\Gutzakk\Desktop\Work\Workspace Synracore\C_new_project\Debug/../app/main.c:1651
    GPIOB->DATAOUTSET = 1 << 4;//B4\RES высокий уровень
8000297e:	280017b7          	lui	a5,0x28001
80002982:	4741                	li	a4,16
80002984:	c798                	sw	a4,8(a5)
C:\Users\Gutzakk\Desktop\Work\Workspace Synracore\C_new_project\Debug/../app/main.c:1652
    Delay_ms(100);
80002986:	06400513          	li	a0,100
8000298a:	da8fe0ef          	jal	80000f32 <Delay_ms>
C:\Users\Gutzakk\Desktop\Work\Workspace Synracore\C_new_project\Debug/../app/main.c:1654

    OLED_send_command(0xFD); //SET COMMAND LOCK
8000298e:	0fd00513          	li	a0,253
80002992:	37a1                	jal	800028da <OLED_send_command>
C:\Users\Gutzakk\Desktop\Work\Workspace Synracore\C_new_project\Debug/../app/main.c:1655
	OLED_send_data(0x12);//UNLOCK
80002994:	4549                	li	a0,18
80002996:	3749                	jal	80002918 <OLED_send_data>
C:\Users\Gutzakk\Desktop\Work\Workspace Synracore\C_new_project\Debug/../app/main.c:1657

    OLED_send_command(0xAE);//Sleep mode ON
80002998:	0ae00513          	li	a0,174
8000299c:	3f3d                	jal	800028da <OLED_send_command>
C:\Users\Gutzakk\Desktop\Work\Workspace Synracore\C_new_project\Debug/../app/main.c:1659

	OLED_send_command(0xB3);//DISPLAY DIVIDE CLOCKRADIO/OSCILLATAR FREQUANCY
8000299e:	0b300513          	li	a0,179
800029a2:	3f25                	jal	800028da <OLED_send_command>
C:\Users\Gutzakk\Desktop\Work\Workspace Synracore\C_new_project\Debug/../app/main.c:1660
	OLED_send_data(0x91);
800029a4:	09100513          	li	a0,145
800029a8:	3f85                	jal	80002918 <OLED_send_data>
C:\Users\Gutzakk\Desktop\Work\Workspace Synracore\C_new_project\Debug/../app/main.c:1662

	OLED_send_command(0xCA);	//multiplex ratio
800029aa:	0ca00513          	li	a0,202
800029ae:	3735                	jal	800028da <OLED_send_command>
C:\Users\Gutzakk\Desktop\Work\Workspace Synracore\C_new_project\Debug/../app/main.c:1663
	OLED_send_data(0x3F);   //duty = 1/64
800029b0:	03f00513          	li	a0,63
800029b4:	3795                	jal	80002918 <OLED_send_data>
C:\Users\Gutzakk\Desktop\Work\Workspace Synracore\C_new_project\Debug/../app/main.c:1665

	OLED_send_command(0xA2);    //set offset
800029b6:	0a200513          	li	a0,162
800029ba:	3705                	jal	800028da <OLED_send_command>
C:\Users\Gutzakk\Desktop\Work\Workspace Synracore\C_new_project\Debug/../app/main.c:1666
    OLED_send_data(0x00);
800029bc:	4501                	li	a0,0
800029be:	3fa9                	jal	80002918 <OLED_send_data>
C:\Users\Gutzakk\Desktop\Work\Workspace Synracore\C_new_project\Debug/../app/main.c:1668

	OLED_send_command(0xA1);	//start line
800029c0:	0a100513          	li	a0,161
800029c4:	3f19                	jal	800028da <OLED_send_command>
C:\Users\Gutzakk\Desktop\Work\Workspace Synracore\C_new_project\Debug/../app/main.c:1669
	OLED_send_data(0x00);
800029c6:	4501                	li	a0,0
800029c8:	3f81                	jal	80002918 <OLED_send_data>
C:\Users\Gutzakk\Desktop\Work\Workspace Synracore\C_new_project\Debug/../app/main.c:1671

	OLED_send_command(0xA0);  //set remap
800029ca:	0a000513          	li	a0,160
800029ce:	3731                	jal	800028da <OLED_send_command>
C:\Users\Gutzakk\Desktop\Work\Workspace Synracore\C_new_project\Debug/../app/main.c:1672
	OLED_send_data(0x14);
800029d0:	4551                	li	a0,20
800029d2:	3799                	jal	80002918 <OLED_send_data>
C:\Users\Gutzakk\Desktop\Work\Workspace Synracore\C_new_project\Debug/../app/main.c:1673
	OLED_send_data(0x11);
800029d4:	4545                	li	a0,17
800029d6:	3789                	jal	80002918 <OLED_send_data>
C:\Users\Gutzakk\Desktop\Work\Workspace Synracore\C_new_project\Debug/../app/main.c:1675

	OLED_send_command(0xAB);	//funtion selection
800029d8:	0ab00513          	li	a0,171
800029dc:	3dfd                	jal	800028da <OLED_send_command>
C:\Users\Gutzakk\Desktop\Work\Workspace Synracore\C_new_project\Debug/../app/main.c:1676
	OLED_send_data(0x01);	//Enable internal VDD regulator
800029de:	4505                	li	a0,1
800029e0:	3f25                	jal	80002918 <OLED_send_data>
C:\Users\Gutzakk\Desktop\Work\Workspace Synracore\C_new_project\Debug/../app/main.c:1678

	OLED_send_command(0xB4);
800029e2:	0b400513          	li	a0,180
800029e6:	3dd5                	jal	800028da <OLED_send_command>
C:\Users\Gutzakk\Desktop\Work\Workspace Synracore\C_new_project\Debug/../app/main.c:1679
	OLED_send_data(0xA0);
800029e8:	0a000513          	li	a0,160
800029ec:	3735                	jal	80002918 <OLED_send_data>
C:\Users\Gutzakk\Desktop\Work\Workspace Synracore\C_new_project\Debug/../app/main.c:1680
	OLED_send_data(0xFD);
800029ee:	0fd00513          	li	a0,253
800029f2:	371d                	jal	80002918 <OLED_send_data>
C:\Users\Gutzakk\Desktop\Work\Workspace Synracore\C_new_project\Debug/../app/main.c:1682

	OLED_send_command(0xC1);	//set contrast current
800029f4:	0c100513          	li	a0,193
800029f8:	35cd                	jal	800028da <OLED_send_command>
C:\Users\Gutzakk\Desktop\Work\Workspace Synracore\C_new_project\Debug/../app/main.c:1683
	OLED_send_data(0x01);
800029fa:	4505                	li	a0,1
800029fc:	3f31                	jal	80002918 <OLED_send_data>
C:\Users\Gutzakk\Desktop\Work\Workspace Synracore\C_new_project\Debug/../app/main.c:1685

	OLED_send_command(0xC7);	//master contrast current control
800029fe:	0c700513          	li	a0,199
80002a02:	3de1                	jal	800028da <OLED_send_command>
C:\Users\Gutzakk\Desktop\Work\Workspace Synracore\C_new_project\Debug/../app/main.c:1686
	OLED_send_data(0x0F);
80002a04:	453d                	li	a0,15
80002a06:	3f09                	jal	80002918 <OLED_send_data>
C:\Users\Gutzakk\Desktop\Work\Workspace Synracore\C_new_project\Debug/../app/main.c:1688

	OLED_send_command(0xB1);	//SET PHASE LENGTH
80002a08:	0b100513          	li	a0,177
80002a0c:	35f9                	jal	800028da <OLED_send_command>
C:\Users\Gutzakk\Desktop\Work\Workspace Synracore\C_new_project\Debug/../app/main.c:1689
	OLED_send_data(0xE2);
80002a0e:	0e200513          	li	a0,226
80002a12:	3719                	jal	80002918 <OLED_send_data>
C:\Users\Gutzakk\Desktop\Work\Workspace Synracore\C_new_project\Debug/../app/main.c:1691

	OLED_send_command(0xD1);
80002a14:	0d100513          	li	a0,209
80002a18:	35c9                	jal	800028da <OLED_send_command>
C:\Users\Gutzakk\Desktop\Work\Workspace Synracore\C_new_project\Debug/../app/main.c:1692
	OLED_send_data(0x82);
80002a1a:	08200513          	li	a0,130
80002a1e:	3ded                	jal	80002918 <OLED_send_data>
C:\Users\Gutzakk\Desktop\Work\Workspace Synracore\C_new_project\Debug/../app/main.c:1693
	OLED_send_data(0x20);
80002a20:	02000513          	li	a0,32
80002a24:	3dd5                	jal	80002918 <OLED_send_data>
C:\Users\Gutzakk\Desktop\Work\Workspace Synracore\C_new_project\Debug/../app/main.c:1695

	OLED_send_command(0xBB);	//SET PRE-CHANGE VOLTAGE
80002a26:	0bb00513          	li	a0,187
80002a2a:	3d45                	jal	800028da <OLED_send_command>
C:\Users\Gutzakk\Desktop\Work\Workspace Synracore\C_new_project\Debug/../app/main.c:1696
	OLED_send_data(0x1F);	//0.6*vcc
80002a2c:	457d                	li	a0,31
80002a2e:	35ed                	jal	80002918 <OLED_send_data>
C:\Users\Gutzakk\Desktop\Work\Workspace Synracore\C_new_project\Debug/../app/main.c:1698

	OLED_send_command(0xB6);	//SET SECOND PRE-CHARGE PERIOD
80002a30:	0b600513          	li	a0,182
80002a34:	355d                	jal	800028da <OLED_send_command>
C:\Users\Gutzakk\Desktop\Work\Workspace Synracore\C_new_project\Debug/../app/main.c:1699
	OLED_send_data(0x08);
80002a36:	4521                	li	a0,8
80002a38:	35c5                	jal	80002918 <OLED_send_data>
C:\Users\Gutzakk\Desktop\Work\Workspace Synracore\C_new_project\Debug/../app/main.c:1701

	OLED_send_command(0xBE);	//SET VCOMH
80002a3a:	0be00513          	li	a0,190
80002a3e:	3d71                	jal	800028da <OLED_send_command>
C:\Users\Gutzakk\Desktop\Work\Workspace Synracore\C_new_project\Debug/../app/main.c:1702
	OLED_send_data(0x07);	//0.86*vcc
80002a40:	451d                	li	a0,7
80002a42:	3dd9                	jal	80002918 <OLED_send_data>
C:\Users\Gutzakk\Desktop\Work\Workspace Synracore\C_new_project\Debug/../app/main.c:1704

	OLED_send_command(0xA6);	//normal display
80002a44:	0a600513          	li	a0,166
80002a48:	3d49                	jal	800028da <OLED_send_command>
C:\Users\Gutzakk\Desktop\Work\Workspace Synracore\C_new_project\Debug/../app/main.c:1706

    OLED_send_command(0xAF);//Sleep Mode OFF
80002a4a:	0af00513          	li	a0,175
80002a4e:	3571                	jal	800028da <OLED_send_command>
C:\Users\Gutzakk\Desktop\Work\Workspace Synracore\C_new_project\Debug/../app/main.c:1707
}
80002a50:	0001                	nop
80002a52:	40b2                	lw	ra,12(sp)
80002a54:	4422                	lw	s0,8(sp)
80002a56:	0141                	addi	sp,sp,16
80002a58:	8082                	ret

80002a5a <FindBitmap>:
FindBitmap():
C:\Users\Gutzakk\Desktop\Work\Workspace Synracore\C_new_project\Debug/../app/main.c:1711


const uint32_t* FindBitmap(char c)
{
80002a5a:	7179                	addi	sp,sp,-48
80002a5c:	d606                	sw	ra,44(sp)
80002a5e:	d422                	sw	s0,40(sp)
80002a60:	1800                	addi	s0,sp,48
80002a62:	87aa                	mv	a5,a0
80002a64:	fcf40fa3          	sb	a5,-33(s0)
C:\Users\Gutzakk\Desktop\Work\Workspace Synracore\C_new_project\Debug/../app/main.c:1712
    for (uint8_t i = 0; i < DICT_SIZE; i++)
80002a68:	fe0407a3          	sb	zero,-17(s0)
80002a6c:	a0a1                	j	80002ab4 <FindBitmap+0x5a>
C:\Users\Gutzakk\Desktop\Work\Workspace Synracore\C_new_project\Debug/../app/main.c:1714
    {
        if (my_dict[i].key == c)
80002a6e:	fef44683          	lbu	a3,-17(s0)
80002a72:	800047b7          	lui	a5,0x80004
80002a76:	a0c78713          	addi	a4,a5,-1524 # 80003a0c <my_dict>
80002a7a:	07400793          	li	a5,116
80002a7e:	02f687b3          	mul	a5,a3,a5
80002a82:	97ba                	add	a5,a5,a4
80002a84:	00078783          	lb	a5,0(a5)
80002a88:	fdf40703          	lb	a4,-33(s0)
80002a8c:	00f71f63          	bne	a4,a5,80002aaa <FindBitmap+0x50>
C:\Users\Gutzakk\Desktop\Work\Workspace Synracore\C_new_project\Debug/../app/main.c:1716
        {
            return my_dict[i].bitmap;
80002a90:	fef44703          	lbu	a4,-17(s0)
80002a94:	07400793          	li	a5,116
80002a98:	02f70733          	mul	a4,a4,a5
80002a9c:	800047b7          	lui	a5,0x80004
80002aa0:	a0c78793          	addi	a5,a5,-1524 # 80003a0c <my_dict>
80002aa4:	97ba                	add	a5,a5,a4
80002aa6:	0791                	addi	a5,a5,4
80002aa8:	a005                	j	80002ac8 <FindBitmap+0x6e>
C:\Users\Gutzakk\Desktop\Work\Workspace Synracore\C_new_project\Debug/../app/main.c:1712 (discriminator 2)
    for (uint8_t i = 0; i < DICT_SIZE; i++)
80002aaa:	fef44783          	lbu	a5,-17(s0)
80002aae:	0785                	addi	a5,a5,1
80002ab0:	fef407a3          	sb	a5,-17(s0)
C:\Users\Gutzakk\Desktop\Work\Workspace Synracore\C_new_project\Debug/../app/main.c:1712 (discriminator 1)
80002ab4:	fef44703          	lbu	a4,-17(s0)
80002ab8:	02c00793          	li	a5,44
80002abc:	fae7f9e3          	bgeu	a5,a4,80002a6e <FindBitmap+0x14>
C:\Users\Gutzakk\Desktop\Work\Workspace Synracore\C_new_project\Debug/../app/main.c:1720
        }
    }
    // Если не нашли букву, возвращаем последний элемент (пробел)
    return my_dict[DICT_SIZE - 1].bitmap;
80002ac0:	800057b7          	lui	a5,0x80005
80002ac4:	e0078793          	addi	a5,a5,-512 # 80004e00 <my_dict+0x13f4>
C:\Users\Gutzakk\Desktop\Work\Workspace Synracore\C_new_project\Debug/../app/main.c:1721
}
80002ac8:	853e                	mv	a0,a5
80002aca:	50b2                	lw	ra,44(sp)
80002acc:	5422                	lw	s0,40(sp)
80002ace:	6145                	addi	sp,sp,48
80002ad0:	8082                	ret

80002ad2 <OLED_full>:
OLED_full():
C:\Users\Gutzakk\Desktop\Work\Workspace Synracore\C_new_project\Debug/../app/main.c:1725


void OLED_full()
{
80002ad2:	1101                	addi	sp,sp,-32
80002ad4:	ce06                	sw	ra,28(sp)
80002ad6:	cc22                	sw	s0,24(sp)
80002ad8:	1000                	addi	s0,sp,32
C:\Users\Gutzakk\Desktop\Work\Workspace Synracore\C_new_project\Debug/../app/main.c:1727
	unsigned int row, column;
	OLED_send_command(0x15);
80002ada:	4555                	li	a0,21
80002adc:	3bfd                	jal	800028da <OLED_send_command>
C:\Users\Gutzakk\Desktop\Work\Workspace Synracore\C_new_project\Debug/../app/main.c:1728
	OLED_send_data(0x1C);
80002ade:	4571                	li	a0,28
80002ae0:	3d25                	jal	80002918 <OLED_send_data>
C:\Users\Gutzakk\Desktop\Work\Workspace Synracore\C_new_project\Debug/../app/main.c:1729
	OLED_send_data(0x5B);
80002ae2:	05b00513          	li	a0,91
80002ae6:	3d0d                	jal	80002918 <OLED_send_data>
C:\Users\Gutzakk\Desktop\Work\Workspace Synracore\C_new_project\Debug/../app/main.c:1731

	OLED_send_command(0x75);
80002ae8:	07500513          	li	a0,117
80002aec:	33fd                	jal	800028da <OLED_send_command>
C:\Users\Gutzakk\Desktop\Work\Workspace Synracore\C_new_project\Debug/../app/main.c:1732
	OLED_send_data(0x00);
80002aee:	4501                	li	a0,0
80002af0:	3525                	jal	80002918 <OLED_send_data>
C:\Users\Gutzakk\Desktop\Work\Workspace Synracore\C_new_project\Debug/../app/main.c:1733
	OLED_send_data(0x7F);
80002af2:	07f00513          	li	a0,127
80002af6:	350d                	jal	80002918 <OLED_send_data>
C:\Users\Gutzakk\Desktop\Work\Workspace Synracore\C_new_project\Debug/../app/main.c:1734
	OLED_send_command(0x5C);
80002af8:	05c00513          	li	a0,92
80002afc:	3bf9                	jal	800028da <OLED_send_command>
C:\Users\Gutzakk\Desktop\Work\Workspace Synracore\C_new_project\Debug/../app/main.c:1738

	static const uint8_t white[256] = { [0 ... 255] = 0xFF };

	for(row = 0; row < 64; row++)
80002afe:	fe042623          	sw	zero,-20(s0)
80002b02:	a829                	j	80002b1c <OLED_full+0x4a>
C:\Users\Gutzakk\Desktop\Work\Workspace Synracore\C_new_project\Debug/../app/main.c:1740
	{
		DMA_Print_Row(white, 256);
80002b04:	10000593          	li	a1,256
80002b08:	800077b7          	lui	a5,0x80007
80002b0c:	e8478513          	addi	a0,a5,-380 # 80006e84 <white.1>
80002b10:	2a81                	jal	80002c60 <DMA_Print_Row>
C:\Users\Gutzakk\Desktop\Work\Workspace Synracore\C_new_project\Debug/../app/main.c:1738 (discriminator 3)
	for(row = 0; row < 64; row++)
80002b12:	fec42783          	lw	a5,-20(s0)
80002b16:	0785                	addi	a5,a5,1
80002b18:	fef42623          	sw	a5,-20(s0)
C:\Users\Gutzakk\Desktop\Work\Workspace Synracore\C_new_project\Debug/../app/main.c:1738 (discriminator 1)
80002b1c:	fec42703          	lw	a4,-20(s0)
80002b20:	03f00793          	li	a5,63
80002b24:	fee7f0e3          	bgeu	a5,a4,80002b04 <OLED_full+0x32>
C:\Users\Gutzakk\Desktop\Work\Workspace Synracore\C_new_project\Debug/../app/main.c:1742
    }
}
80002b28:	0001                	nop
80002b2a:	0001                	nop
80002b2c:	40f2                	lw	ra,28(sp)
80002b2e:	4462                	lw	s0,24(sp)
80002b30:	6105                	addi	sp,sp,32
80002b32:	8082                	ret

80002b34 <OLED_clear>:
OLED_clear():
C:\Users\Gutzakk\Desktop\Work\Workspace Synracore\C_new_project\Debug/../app/main.c:1746


void OLED_clear()
{
80002b34:	1101                	addi	sp,sp,-32
80002b36:	ce06                	sw	ra,28(sp)
80002b38:	cc22                	sw	s0,24(sp)
80002b3a:	1000                	addi	s0,sp,32
C:\Users\Gutzakk\Desktop\Work\Workspace Synracore\C_new_project\Debug/../app/main.c:1749
	unsigned int row,column;

	OLED_send_command(0x15);
80002b3c:	4555                	li	a0,21
80002b3e:	3b71                	jal	800028da <OLED_send_command>
C:\Users\Gutzakk\Desktop\Work\Workspace Synracore\C_new_project\Debug/../app/main.c:1750
	OLED_send_data(0x1C);
80002b40:	4571                	li	a0,28
80002b42:	3bd9                	jal	80002918 <OLED_send_data>
C:\Users\Gutzakk\Desktop\Work\Workspace Synracore\C_new_project\Debug/../app/main.c:1751
	OLED_send_data(0x5B);
80002b44:	05b00513          	li	a0,91
80002b48:	3bc1                	jal	80002918 <OLED_send_data>
C:\Users\Gutzakk\Desktop\Work\Workspace Synracore\C_new_project\Debug/../app/main.c:1753

	OLED_send_command(0x75);
80002b4a:	07500513          	li	a0,117
80002b4e:	3371                	jal	800028da <OLED_send_command>
C:\Users\Gutzakk\Desktop\Work\Workspace Synracore\C_new_project\Debug/../app/main.c:1754
	OLED_send_data(0x00);
80002b50:	4501                	li	a0,0
80002b52:	33d9                	jal	80002918 <OLED_send_data>
C:\Users\Gutzakk\Desktop\Work\Workspace Synracore\C_new_project\Debug/../app/main.c:1755
	OLED_send_data(0x7F);
80002b54:	07f00513          	li	a0,127
80002b58:	33c1                	jal	80002918 <OLED_send_data>
C:\Users\Gutzakk\Desktop\Work\Workspace Synracore\C_new_project\Debug/../app/main.c:1756
	OLED_send_command(0x5C);
80002b5a:	05c00513          	li	a0,92
80002b5e:	3bb5                	jal	800028da <OLED_send_command>
C:\Users\Gutzakk\Desktop\Work\Workspace Synracore\C_new_project\Debug/../app/main.c:1760

	static const uint8_t black[256] = {0x00};

	for(row = 0; row < 64; row++)
80002b60:	fe042623          	sw	zero,-20(s0)
80002b64:	a829                	j	80002b7e <OLED_clear+0x4a>
C:\Users\Gutzakk\Desktop\Work\Workspace Synracore\C_new_project\Debug/../app/main.c:1762
	{
		DMA_Print_Row(black, 256);
80002b66:	10000593          	li	a1,256
80002b6a:	800077b7          	lui	a5,0x80007
80002b6e:	f8478513          	addi	a0,a5,-124 # 80006f84 <black.0>
80002b72:	20fd                	jal	80002c60 <DMA_Print_Row>
C:\Users\Gutzakk\Desktop\Work\Workspace Synracore\C_new_project\Debug/../app/main.c:1760 (discriminator 3)
	for(row = 0; row < 64; row++)
80002b74:	fec42783          	lw	a5,-20(s0)
80002b78:	0785                	addi	a5,a5,1
80002b7a:	fef42623          	sw	a5,-20(s0)
C:\Users\Gutzakk\Desktop\Work\Workspace Synracore\C_new_project\Debug/../app/main.c:1760 (discriminator 1)
80002b7e:	fec42703          	lw	a4,-20(s0)
80002b82:	03f00793          	li	a5,63
80002b86:	fee7f0e3          	bgeu	a5,a4,80002b66 <OLED_clear+0x32>
C:\Users\Gutzakk\Desktop\Work\Workspace Synracore\C_new_project\Debug/../app/main.c:1764
    }
}
80002b8a:	0001                	nop
80002b8c:	0001                	nop
80002b8e:	40f2                	lw	ra,28(sp)
80002b90:	4462                	lw	s0,24(sp)
80002b92:	6105                	addi	sp,sp,32
80002b94:	8082                	ret

80002b96 <OLED_SetCursor>:
OLED_SetCursor():
C:\Users\Gutzakk\Desktop\Work\Workspace Synracore\C_new_project\Debug/../app/main.c:1768


void OLED_SetCursor(uint8_t column, uint8_t row)
{
80002b96:	1101                	addi	sp,sp,-32
80002b98:	ce06                	sw	ra,28(sp)
80002b9a:	cc22                	sw	s0,24(sp)
80002b9c:	1000                	addi	s0,sp,32
80002b9e:	87aa                	mv	a5,a0
80002ba0:	872e                	mv	a4,a1
80002ba2:	fef407a3          	sb	a5,-17(s0)
80002ba6:	87ba                	mv	a5,a4
80002ba8:	fef40723          	sb	a5,-18(s0)
C:\Users\Gutzakk\Desktop\Work\Workspace Synracore\C_new_project\Debug/../app/main.c:1769
    OLED_send_command(0x15);//Адрес столбца
80002bac:	4555                	li	a0,21
80002bae:	3335                	jal	800028da <OLED_send_command>
C:\Users\Gutzakk\Desktop\Work\Workspace Synracore\C_new_project\Debug/../app/main.c:1770
    OLED_send_data(0x1C + (column / 2));//Начальный (со смещением)
80002bb0:	fef44783          	lbu	a5,-17(s0)
80002bb4:	8385                	srli	a5,a5,0x1
80002bb6:	0ff7f793          	zext.b	a5,a5
80002bba:	07f1                	addi	a5,a5,28
80002bbc:	0ff7f793          	zext.b	a5,a5
80002bc0:	853e                	mv	a0,a5
80002bc2:	3b99                	jal	80002918 <OLED_send_data>
C:\Users\Gutzakk\Desktop\Work\Workspace Synracore\C_new_project\Debug/../app/main.c:1771
    OLED_send_data(0x5B);//Конечный
80002bc4:	05b00513          	li	a0,91
80002bc8:	3b81                	jal	80002918 <OLED_send_data>
C:\Users\Gutzakk\Desktop\Work\Workspace Synracore\C_new_project\Debug/../app/main.c:1773

    OLED_send_command(0x75);//Адрес строки
80002bca:	07500513          	li	a0,117
80002bce:	3331                	jal	800028da <OLED_send_command>
C:\Users\Gutzakk\Desktop\Work\Workspace Synracore\C_new_project\Debug/../app/main.c:1774
    OLED_send_data(row);//Начальная
80002bd0:	fee44783          	lbu	a5,-18(s0)
80002bd4:	853e                	mv	a0,a5
80002bd6:	3389                	jal	80002918 <OLED_send_data>
C:\Users\Gutzakk\Desktop\Work\Workspace Synracore\C_new_project\Debug/../app/main.c:1775
    OLED_send_data(0x3F);//Конечная
80002bd8:	03f00513          	li	a0,63
80002bdc:	3b35                	jal	80002918 <OLED_send_data>
C:\Users\Gutzakk\Desktop\Work\Workspace Synracore\C_new_project\Debug/../app/main.c:1777

    OLED_send_command(0x5C);//Готовка к записи
80002bde:	05c00513          	li	a0,92
80002be2:	39e5                	jal	800028da <OLED_send_command>
C:\Users\Gutzakk\Desktop\Work\Workspace Synracore\C_new_project\Debug/../app/main.c:1778
}
80002be4:	0001                	nop
80002be6:	40f2                	lw	ra,28(sp)
80002be8:	4462                	lw	s0,24(sp)
80002bea:	6105                	addi	sp,sp,32
80002bec:	8082                	ret

80002bee <Picture_display>:
Picture_display():
C:\Users\Gutzakk\Desktop\Work\Workspace Synracore\C_new_project\Debug/../app/main.c:1782


void Picture_display(const unsigned char *ptr_pic)
{
80002bee:	7179                	addi	sp,sp,-48
80002bf0:	d606                	sw	ra,44(sp)
80002bf2:	d422                	sw	s0,40(sp)
80002bf4:	1800                	addi	s0,sp,48
80002bf6:	fca42e23          	sw	a0,-36(s0)
C:\Users\Gutzakk\Desktop\Work\Workspace Synracore\C_new_project\Debug/../app/main.c:1783
	unsigned int row, column, x = 0;
80002bfa:	fe042423          	sw	zero,-24(s0)
C:\Users\Gutzakk\Desktop\Work\Workspace Synracore\C_new_project\Debug/../app/main.c:1785

	OLED_send_command(0x15);
80002bfe:	4555                	li	a0,21
80002c00:	39e9                	jal	800028da <OLED_send_command>
C:\Users\Gutzakk\Desktop\Work\Workspace Synracore\C_new_project\Debug/../app/main.c:1786
	OLED_send_data(0x1C);
80002c02:	4571                	li	a0,28
80002c04:	3b11                	jal	80002918 <OLED_send_data>
C:\Users\Gutzakk\Desktop\Work\Workspace Synracore\C_new_project\Debug/../app/main.c:1787
	OLED_send_data(0x5B);
80002c06:	05b00513          	li	a0,91
80002c0a:	3339                	jal	80002918 <OLED_send_data>
C:\Users\Gutzakk\Desktop\Work\Workspace Synracore\C_new_project\Debug/../app/main.c:1789

	OLED_send_command(0x75);
80002c0c:	07500513          	li	a0,117
80002c10:	31e9                	jal	800028da <OLED_send_command>
C:\Users\Gutzakk\Desktop\Work\Workspace Synracore\C_new_project\Debug/../app/main.c:1790
	OLED_send_data(0x00);
80002c12:	4501                	li	a0,0
80002c14:	3311                	jal	80002918 <OLED_send_data>
C:\Users\Gutzakk\Desktop\Work\Workspace Synracore\C_new_project\Debug/../app/main.c:1791
	OLED_send_data(0x7F);
80002c16:	07f00513          	li	a0,127
80002c1a:	39fd                	jal	80002918 <OLED_send_data>
C:\Users\Gutzakk\Desktop\Work\Workspace Synracore\C_new_project\Debug/../app/main.c:1793

	OLED_send_command(0x5C);
80002c1c:	05c00513          	li	a0,92
80002c20:	396d                	jal	800028da <OLED_send_command>
C:\Users\Gutzakk\Desktop\Work\Workspace Synracore\C_new_project\Debug/../app/main.c:1795

    for(row = 0; row < 64; row++)
80002c22:	fe042623          	sw	zero,-20(s0)
80002c26:	a00d                	j	80002c48 <Picture_display+0x5a>
C:\Users\Gutzakk\Desktop\Work\Workspace Synracore\C_new_project\Debug/../app/main.c:1797
    {
    	DMA_Print_Row(ptr_pic, 256);
80002c28:	10000593          	li	a1,256
80002c2c:	fdc42503          	lw	a0,-36(s0)
80002c30:	2805                	jal	80002c60 <DMA_Print_Row>
C:\Users\Gutzakk\Desktop\Work\Workspace Synracore\C_new_project\Debug/../app/main.c:1799

    	ptr_pic += 256;
80002c32:	fdc42783          	lw	a5,-36(s0)
80002c36:	10078793          	addi	a5,a5,256
80002c3a:	fcf42e23          	sw	a5,-36(s0)
C:\Users\Gutzakk\Desktop\Work\Workspace Synracore\C_new_project\Debug/../app/main.c:1795 (discriminator 3)
    for(row = 0; row < 64; row++)
80002c3e:	fec42783          	lw	a5,-20(s0)
80002c42:	0785                	addi	a5,a5,1
80002c44:	fef42623          	sw	a5,-20(s0)
C:\Users\Gutzakk\Desktop\Work\Workspace Synracore\C_new_project\Debug/../app/main.c:1795 (discriminator 1)
80002c48:	fec42703          	lw	a4,-20(s0)
80002c4c:	03f00793          	li	a5,63
80002c50:	fce7fce3          	bgeu	a5,a4,80002c28 <Picture_display+0x3a>
C:\Users\Gutzakk\Desktop\Work\Workspace Synracore\C_new_project\Debug/../app/main.c:1801
    }
}
80002c54:	0001                	nop
80002c56:	0001                	nop
80002c58:	50b2                	lw	ra,44(sp)
80002c5a:	5422                	lw	s0,40(sp)
80002c5c:	6145                	addi	sp,sp,48
80002c5e:	8082                	ret

80002c60 <DMA_Print_Row>:
DMA_Print_Row():
C:\Users\Gutzakk\Desktop\Work\Workspace Synracore\C_new_project\Debug/../app/main.c:1805


void DMA_Print_Row(uint8_t *data, uint16_t size)
{
80002c60:	1101                	addi	sp,sp,-32
80002c62:	ce06                	sw	ra,28(sp)
80002c64:	cc22                	sw	s0,24(sp)
80002c66:	1000                	addi	s0,sp,32
80002c68:	fea42623          	sw	a0,-20(s0)
80002c6c:	87ae                	mv	a5,a1
80002c6e:	fef41523          	sh	a5,-22(s0)
C:\Users\Gutzakk\Desktop\Work\Workspace Synracore\C_new_project\Debug/../app/main.c:1806
	GPIOB->DATAOUTSET = 1 << 6;//B6\DC высокий уровень
80002c72:	280017b7          	lui	a5,0x28001
80002c76:	04000713          	li	a4,64
80002c7a:	c798                	sw	a4,8(a5)
C:\Users\Gutzakk\Desktop\Work\Workspace Synracore\C_new_project\Debug/../app/main.c:1807
	GPIOB->DATAOUTCLR = 1 << 5;//B5\CS низкий уровень
80002c7c:	280017b7          	lui	a5,0x28001
80002c80:	02000713          	li	a4,32
80002c84:	c7d8                	sw	a4,12(a5)
C:\Users\Gutzakk\Desktop\Work\Workspace Synracore\C_new_project\Debug/../app/main.c:1810


	DMA_CONFIGDATA.PRM_DATA.CH[17].SRC_DATA_END_PTR = (uint32_t)(&data[size - 1]);
80002c86:	fea45783          	lhu	a5,-22(s0)
80002c8a:	17fd                	addi	a5,a5,-1 # 28000fff <STACK_SIZE+0x280007ff>
80002c8c:	fec42703          	lw	a4,-20(s0)
80002c90:	97ba                	add	a5,a5,a4
80002c92:	873e                	mv	a4,a5
80002c94:	400017b7          	lui	a5,0x40001
80002c98:	80078793          	addi	a5,a5,-2048 # 40000800 <DMA_CONFIGDATA>
80002c9c:	10e7a823          	sw	a4,272(a5)
C:\Users\Gutzakk\Desktop\Work\Workspace Synracore\C_new_project\Debug/../app/main.c:1812

	DMA_CONFIGDATA.PRM_DATA.CH[17].CHANNEL_CFG |= 0b001 << 29;//базовый режим
80002ca0:	400017b7          	lui	a5,0x40001
80002ca4:	80078793          	addi	a5,a5,-2048 # 40000800 <DMA_CONFIGDATA>
80002ca8:	1187a703          	lw	a4,280(a5)
80002cac:	200007b7          	lui	a5,0x20000
80002cb0:	8f5d                	or	a4,a4,a5
80002cb2:	400017b7          	lui	a5,0x40001
80002cb6:	80078793          	addi	a5,a5,-2048 # 40000800 <DMA_CONFIGDATA>
80002cba:	10e7ac23          	sw	a4,280(a5)
C:\Users\Gutzakk\Desktop\Work\Workspace Synracore\C_new_project\Debug/../app/main.c:1813
	DMA_CONFIGDATA.PRM_DATA.CH[17].CHANNEL_CFG |= (size - 1) << 5;//всего 256 передач
80002cbe:	400017b7          	lui	a5,0x40001
80002cc2:	80078793          	addi	a5,a5,-2048 # 40000800 <DMA_CONFIGDATA>
80002cc6:	1187a703          	lw	a4,280(a5)
80002cca:	fea45783          	lhu	a5,-22(s0)
80002cce:	17fd                	addi	a5,a5,-1
80002cd0:	0796                	slli	a5,a5,0x5
80002cd2:	8f5d                	or	a4,a4,a5
80002cd4:	400017b7          	lui	a5,0x40001
80002cd8:	80078793          	addi	a5,a5,-2048 # 40000800 <DMA_CONFIGDATA>
80002cdc:	10e7ac23          	sw	a4,280(a5)
C:\Users\Gutzakk\Desktop\Work\Workspace Synracore\C_new_project\Debug/../app/main.c:1815

	DMA->ENSET |= 1 << 17;//Включение 17 канала
80002ce0:	3000c7b7          	lui	a5,0x3000c
80002ce4:	5794                	lw	a3,40(a5)
80002ce6:	3000c7b7          	lui	a5,0x3000c
80002cea:	00020737          	lui	a4,0x20
80002cee:	8f55                	or	a4,a4,a3
80002cf0:	d798                	sw	a4,40(a5)
C:\Users\Gutzakk\Desktop\Work\Workspace Synracore\C_new_project\Debug/../app/main.c:1816
	SPI0->DMACR |= 1 << 1;//обслуживание буфера передатчика
80002cf2:	200507b7          	lui	a5,0x20050
80002cf6:	53d8                	lw	a4,36(a5)
80002cf8:	200507b7          	lui	a5,0x20050
80002cfc:	00276713          	ori	a4,a4,2
80002d00:	d3d8                	sw	a4,36(a5)
C:\Users\Gutzakk\Desktop\Work\Workspace Synracore\C_new_project\Debug/../app/main.c:1819


	while (DMA_CONFIGDATA.PRM_DATA.CH[17].CHANNEL_CFG_bit.CYCLE_CTRL != 0);//ждем окончание загрузки в ДМА
80002d02:	0001                	nop
C:\Users\Gutzakk\Desktop\Work\Workspace Synracore\C_new_project\Debug/../app/main.c:1819 (discriminator 1)
80002d04:	400017b7          	lui	a5,0x40001
80002d08:	80078793          	addi	a5,a5,-2048 # 40000800 <DMA_CONFIGDATA>
80002d0c:	1187a783          	lw	a5,280(a5)
80002d10:	83f5                	srli	a5,a5,0x1d
80002d12:	0ff7f793          	zext.b	a5,a5
80002d16:	f7fd                	bnez	a5,80002d04 <DMA_Print_Row+0xa4>
C:\Users\Gutzakk\Desktop\Work\Workspace Synracore\C_new_project\Debug/../app/main.c:1821

	while (SPI0->SR & (1 << 4));//ждем окончание передачи SPI0
80002d18:	0001                	nop
C:\Users\Gutzakk\Desktop\Work\Workspace Synracore\C_new_project\Debug/../app/main.c:1821 (discriminator 1)
80002d1a:	200507b7          	lui	a5,0x20050
80002d1e:	47dc                	lw	a5,12(a5)
80002d20:	8bc1                	andi	a5,a5,16
80002d22:	ffe5                	bnez	a5,80002d1a <DMA_Print_Row+0xba>
C:\Users\Gutzakk\Desktop\Work\Workspace Synracore\C_new_project\Debug/../app/main.c:1824


	GPIOB->DATAOUTSET = 1 << 5;//B5\CS высокий уровень
80002d24:	280017b7          	lui	a5,0x28001
80002d28:	02000713          	li	a4,32
80002d2c:	c798                	sw	a4,8(a5)
C:\Users\Gutzakk\Desktop\Work\Workspace Synracore\C_new_project\Debug/../app/main.c:1825
}
80002d2e:	0001                	nop
80002d30:	40f2                	lw	ra,28(sp)
80002d32:	4462                	lw	s0,24(sp)
80002d34:	6105                	addi	sp,sp,32
80002d36:	8082                	ret

80002d38 <DMA_Collect_Row>:
DMA_Collect_Row():
C:\Users\Gutzakk\Desktop\Work\Workspace Synracore\C_new_project\Debug/../app/main.c:1830



void DMA_Collect_Row(uint8_t x, uint8_t y, const char* str)
{
80002d38:	7129                	addi	sp,sp,-320
80002d3a:	12112e23          	sw	ra,316(sp)
80002d3e:	12812c23          	sw	s0,312(sp)
80002d42:	0280                	addi	s0,sp,320
80002d44:	87aa                	mv	a5,a0
80002d46:	872e                	mv	a4,a1
80002d48:	ecc42423          	sw	a2,-312(s0)
80002d4c:	ecf407a3          	sb	a5,-305(s0)
80002d50:	87ba                	mv	a5,a4
80002d52:	ecf40723          	sb	a5,-306(s0)
C:\Users\Gutzakk\Desktop\Work\Workspace Synracore\C_new_project\Debug/../app/main.c:1831
	uint8_t current_x = x;
80002d56:	ecf44783          	lbu	a5,-305(s0)
80002d5a:	fef407a3          	sb	a5,-17(s0)
C:\Users\Gutzakk\Desktop\Work\Workspace Synracore\C_new_project\Debug/../app/main.c:1832
	uint8_t current_y = y;
80002d5e:	ece44783          	lbu	a5,-306(s0)
80002d62:	fef40723          	sb	a5,-18(s0)
C:\Users\Gutzakk\Desktop\Work\Workspace Synracore\C_new_project\Debug/../app/main.c:1833
	uint8_t i = 0;
80002d66:	fe0406a3          	sb	zero,-19(s0)
C:\Users\Gutzakk\Desktop\Work\Workspace Synracore\C_new_project\Debug/../app/main.c:1838

	uint8_t line_buffer[256];


	while (str[i] != '\0')
80002d6a:	ac2d                	j	80002fa4 <DMA_Collect_Row+0x26c>
C:\Users\Gutzakk\Desktop\Work\Workspace Synracore\C_new_project\Debug/../app/main.c:1840
	{
		uint8_t chars_in_line = 0;
80002d6c:	fe040623          	sb	zero,-20(s0)
C:\Users\Gutzakk\Desktop\Work\Workspace Synracore\C_new_project\Debug/../app/main.c:1841
		uint8_t bytes_to_process = 0;
80002d70:	fe0405a3          	sb	zero,-21(s0)
C:\Users\Gutzakk\Desktop\Work\Workspace Synracore\C_new_project\Debug/../app/main.c:1843

		while (str[i + bytes_to_process] != '\0')
80002d74:	a8ad                	j	80002dee <DMA_Collect_Row+0xb6>
C:\Users\Gutzakk\Desktop\Work\Workspace Synracore\C_new_project\Debug/../app/main.c:1845
		{
			uint8_t next_bytes = 1;
80002d76:	4785                	li	a5,1
80002d78:	fef40523          	sb	a5,-22(s0)
C:\Users\Gutzakk\Desktop\Work\Workspace Synracore\C_new_project\Debug/../app/main.c:1847

	    	if ((unsigned char)str[i + bytes_to_process] == 0xD0 || (unsigned char)str[i + bytes_to_process] == 0xD1)
80002d7c:	fed44703          	lbu	a4,-19(s0)
80002d80:	feb44783          	lbu	a5,-21(s0)
80002d84:	97ba                	add	a5,a5,a4
80002d86:	873e                	mv	a4,a5
80002d88:	ec842783          	lw	a5,-312(s0)
80002d8c:	97ba                	add	a5,a5,a4
80002d8e:	00078703          	lb	a4,0(a5) # 28001000 <STACK_SIZE+0x28000800>
80002d92:	fd000793          	li	a5,-48
80002d96:	02f70163          	beq	a4,a5,80002db8 <DMA_Collect_Row+0x80>
C:\Users\Gutzakk\Desktop\Work\Workspace Synracore\C_new_project\Debug/../app/main.c:1847 (discriminator 1)
80002d9a:	fed44703          	lbu	a4,-19(s0)
80002d9e:	feb44783          	lbu	a5,-21(s0)
80002da2:	97ba                	add	a5,a5,a4
80002da4:	873e                	mv	a4,a5
80002da6:	ec842783          	lw	a5,-312(s0)
80002daa:	97ba                	add	a5,a5,a4
80002dac:	00078703          	lb	a4,0(a5)
80002db0:	fd100793          	li	a5,-47
80002db4:	00f71563          	bne	a4,a5,80002dbe <DMA_Collect_Row+0x86>
C:\Users\Gutzakk\Desktop\Work\Workspace Synracore\C_new_project\Debug/../app/main.c:1849
	    	{
	    		next_bytes = 2;
80002db8:	4789                	li	a5,2
80002dba:	fef40523          	sb	a5,-22(s0)
C:\Users\Gutzakk\Desktop\Work\Workspace Synracore\C_new_project\Debug/../app/main.c:1852
	    	}

	    	if ((current_x + ((chars_in_line + 1) * 8)) > 128) break;
80002dbe:	fef44703          	lbu	a4,-17(s0)
80002dc2:	fec44783          	lbu	a5,-20(s0)
80002dc6:	0785                	addi	a5,a5,1
80002dc8:	078e                	slli	a5,a5,0x3
80002dca:	973e                	add	a4,a4,a5
80002dcc:	08000793          	li	a5,128
80002dd0:	02e7cc63          	blt	a5,a4,80002e08 <DMA_Collect_Row+0xd0>
C:\Users\Gutzakk\Desktop\Work\Workspace Synracore\C_new_project\Debug/../app/main.c:1854

	    	chars_in_line++;
80002dd4:	fec44783          	lbu	a5,-20(s0)
80002dd8:	0785                	addi	a5,a5,1
80002dda:	fef40623          	sb	a5,-20(s0)
C:\Users\Gutzakk\Desktop\Work\Workspace Synracore\C_new_project\Debug/../app/main.c:1855
	    	bytes_to_process += next_bytes;
80002dde:	feb44783          	lbu	a5,-21(s0)
80002de2:	873e                	mv	a4,a5
80002de4:	fea44783          	lbu	a5,-22(s0)
80002de8:	97ba                	add	a5,a5,a4
80002dea:	fef405a3          	sb	a5,-21(s0)
C:\Users\Gutzakk\Desktop\Work\Workspace Synracore\C_new_project\Debug/../app/main.c:1843
		while (str[i + bytes_to_process] != '\0')
80002dee:	fed44703          	lbu	a4,-19(s0)
80002df2:	feb44783          	lbu	a5,-21(s0)
80002df6:	97ba                	add	a5,a5,a4
80002df8:	873e                	mv	a4,a5
80002dfa:	ec842783          	lw	a5,-312(s0)
80002dfe:	97ba                	add	a5,a5,a4
80002e00:	00078783          	lb	a5,0(a5)
80002e04:	fbad                	bnez	a5,80002d76 <DMA_Collect_Row+0x3e>
80002e06:	a011                	j	80002e0a <DMA_Collect_Row+0xd2>
C:\Users\Gutzakk\Desktop\Work\Workspace Synracore\C_new_project\Debug/../app/main.c:1852
	    	if ((current_x + ((chars_in_line + 1) * 8)) > 128) break;
80002e08:	0001                	nop
C:\Users\Gutzakk\Desktop\Work\Workspace Synracore\C_new_project\Debug/../app/main.c:1859
		}


		if (chars_in_line == 0)
80002e0a:	fec44783          	lbu	a5,-20(s0)
80002e0e:	eb85                	bnez	a5,80002e3e <DMA_Collect_Row+0x106>
C:\Users\Gutzakk\Desktop\Work\Workspace Synracore\C_new_project\Debug/../app/main.c:1861
		{
			current_x = 0;
80002e10:	fe0407a3          	sb	zero,-17(s0)
C:\Users\Gutzakk\Desktop\Work\Workspace Synracore\C_new_project\Debug/../app/main.c:1862
			current_y += 32;
80002e14:	fee44783          	lbu	a5,-18(s0)
80002e18:	02078793          	addi	a5,a5,32
80002e1c:	fef40723          	sb	a5,-18(s0)
C:\Users\Gutzakk\Desktop\Work\Workspace Synracore\C_new_project\Debug/../app/main.c:1864

			if (current_y > 60)
80002e20:	fee44703          	lbu	a4,-18(s0)
80002e24:	03c00793          	li	a5,60
80002e28:	16e7fe63          	bgeu	a5,a4,80002fa4 <DMA_Collect_Row+0x26c>
C:\Users\Gutzakk\Desktop\Work\Workspace Synracore\C_new_project\Debug/../app/main.c:1866
			{
				current_y = 0;
80002e2c:	fe040723          	sb	zero,-18(s0)
C:\Users\Gutzakk\Desktop\Work\Workspace Synracore\C_new_project\Debug/../app/main.c:1867
				Delay_ms(10000);
80002e30:	6789                	lui	a5,0x2
80002e32:	71078513          	addi	a0,a5,1808 # 2710 <STACK_SIZE+0x1f10>
80002e36:	8fcfe0ef          	jal	80000f32 <Delay_ms>
C:\Users\Gutzakk\Desktop\Work\Workspace Synracore\C_new_project\Debug/../app/main.c:1868
				OLED_clear();
80002e3a:	39ed                	jal	80002b34 <OLED_clear>
C:\Users\Gutzakk\Desktop\Work\Workspace Synracore\C_new_project\Debug/../app/main.c:1870
			}
			continue;
80002e3c:	a2a5                	j	80002fa4 <DMA_Collect_Row+0x26c>
C:\Users\Gutzakk\Desktop\Work\Workspace Synracore\C_new_project\Debug/../app/main.c:1874
		}


		for (uint8_t row = 0; row < 28; row++)
80002e3e:	fe0404a3          	sb	zero,-23(s0)
80002e42:	aa15                	j	80002f76 <DMA_Collect_Row+0x23e>
C:\Users\Gutzakk\Desktop\Work\Workspace Synracore\C_new_project\Debug/../app/main.c:1876
		{
			OLED_SetCursor(current_x, current_y + row);
80002e44:	fee44783          	lbu	a5,-18(s0)
80002e48:	873e                	mv	a4,a5
80002e4a:	fe944783          	lbu	a5,-23(s0)
80002e4e:	97ba                	add	a5,a5,a4
80002e50:	0ff7f713          	zext.b	a4,a5
80002e54:	fef44783          	lbu	a5,-17(s0)
80002e58:	85ba                	mv	a1,a4
80002e5a:	853e                	mv	a0,a5
80002e5c:	3b2d                	jal	80002b96 <OLED_SetCursor>
C:\Users\Gutzakk\Desktop\Work\Workspace Synracore\C_new_project\Debug/../app/main.c:1878

			uint8_t buf_idx = 0;
80002e5e:	fe040423          	sb	zero,-24(s0)
C:\Users\Gutzakk\Desktop\Work\Workspace Synracore\C_new_project\Debug/../app/main.c:1879
			uint8_t parse_idx = i;
80002e62:	fed44783          	lbu	a5,-19(s0)
80002e66:	fef403a3          	sb	a5,-25(s0)
C:\Users\Gutzakk\Desktop\Work\Workspace Synracore\C_new_project\Debug/../app/main.c:1881

			for (uint8_t c = 0; c < chars_in_line; c++)
80002e6a:	fe040323          	sb	zero,-26(s0)
80002e6e:	a8e1                	j	80002f46 <DMA_Collect_Row+0x20e>
C:\Users\Gutzakk\Desktop\Work\Workspace Synracore\C_new_project\Debug/../app/main.c:1883
			{
				if ((unsigned char)str[parse_idx] == 0xD0 || (unsigned char)str[parse_idx] == 0xD1)
80002e70:	fe744783          	lbu	a5,-25(s0)
80002e74:	ec842703          	lw	a4,-312(s0)
80002e78:	97ba                	add	a5,a5,a4
80002e7a:	00078703          	lb	a4,0(a5)
80002e7e:	fd000793          	li	a5,-48
80002e82:	00f70d63          	beq	a4,a5,80002e9c <DMA_Collect_Row+0x164>
C:\Users\Gutzakk\Desktop\Work\Workspace Synracore\C_new_project\Debug/../app/main.c:1883 (discriminator 1)
80002e86:	fe744783          	lbu	a5,-25(s0)
80002e8a:	ec842703          	lw	a4,-312(s0)
80002e8e:	97ba                	add	a5,a5,a4
80002e90:	00078703          	lb	a4,0(a5)
80002e94:	fd100793          	li	a5,-47
80002e98:	00f71763          	bne	a4,a5,80002ea6 <DMA_Collect_Row+0x16e>
C:\Users\Gutzakk\Desktop\Work\Workspace Synracore\C_new_project\Debug/../app/main.c:1885
				{
					parse_idx++;
80002e9c:	fe744783          	lbu	a5,-25(s0)
80002ea0:	0785                	addi	a5,a5,1
80002ea2:	fef403a3          	sb	a5,-25(s0)
C:\Users\Gutzakk\Desktop\Work\Workspace Synracore\C_new_project\Debug/../app/main.c:1888
				}

				const uint32_t* font_ptr = FindBitmap(str[parse_idx]);
80002ea6:	fe744783          	lbu	a5,-25(s0)
80002eaa:	ec842703          	lw	a4,-312(s0)
80002eae:	97ba                	add	a5,a5,a4
80002eb0:	00078783          	lb	a5,0(a5)
80002eb4:	853e                	mv	a0,a5
80002eb6:	3655                	jal	80002a5a <FindBitmap>
80002eb8:	fea42023          	sw	a0,-32(s0)
C:\Users\Gutzakk\Desktop\Work\Workspace Synracore\C_new_project\Debug/../app/main.c:1889
				uint32_t row_bits = font_ptr[row];
80002ebc:	fe944783          	lbu	a5,-23(s0)
80002ec0:	078a                	slli	a5,a5,0x2
80002ec2:	fe042703          	lw	a4,-32(s0)
80002ec6:	97ba                	add	a5,a5,a4
80002ec8:	439c                	lw	a5,0(a5)
80002eca:	fcf42e23          	sw	a5,-36(s0)
C:\Users\Gutzakk\Desktop\Work\Workspace Synracore\C_new_project\Debug/../app/main.c:1892


				for (uint8_t b = 0; b < 7; b++)
80002ece:	fe0402a3          	sb	zero,-27(s0)
80002ed2:	a089                	j	80002f14 <DMA_Collect_Row+0x1dc>
C:\Users\Gutzakk\Desktop\Work\Workspace Synracore\C_new_project\Debug/../app/main.c:1894
				{
					line_buffer[buf_idx++] = (row_bits & (1 << (6 - b))) ? 0xFF : 0x00;
80002ed4:	fe544783          	lbu	a5,-27(s0)
80002ed8:	4719                	li	a4,6
80002eda:	40f707b3          	sub	a5,a4,a5
80002ede:	4705                	li	a4,1
80002ee0:	00f717b3          	sll	a5,a4,a5
80002ee4:	873e                	mv	a4,a5
80002ee6:	fdc42783          	lw	a5,-36(s0)
80002eea:	8ff9                	and	a5,a5,a4
80002eec:	c781                	beqz	a5,80002ef4 <DMA_Collect_Row+0x1bc>
C:\Users\Gutzakk\Desktop\Work\Workspace Synracore\C_new_project\Debug/../app/main.c:1894 (discriminator 1)
80002eee:	0ff00793          	li	a5,255
80002ef2:	a011                	j	80002ef6 <DMA_Collect_Row+0x1be>
C:\Users\Gutzakk\Desktop\Work\Workspace Synracore\C_new_project\Debug/../app/main.c:1894 (discriminator 2)
80002ef4:	4781                	li	a5,0
C:\Users\Gutzakk\Desktop\Work\Workspace Synracore\C_new_project\Debug/../app/main.c:1894 (discriminator 4)
80002ef6:	fe844703          	lbu	a4,-24(s0)
80002efa:	00170693          	addi	a3,a4,1 # 20001 <STACK_SIZE+0x1f801>
80002efe:	fed40423          	sb	a3,-24(s0)
80002f02:	1741                	addi	a4,a4,-16
80002f04:	9722                	add	a4,a4,s0
80002f06:	eef70623          	sb	a5,-276(a4)
C:\Users\Gutzakk\Desktop\Work\Workspace Synracore\C_new_project\Debug/../app/main.c:1892 (discriminator 2)
				for (uint8_t b = 0; b < 7; b++)
80002f0a:	fe544783          	lbu	a5,-27(s0)
80002f0e:	0785                	addi	a5,a5,1
80002f10:	fef402a3          	sb	a5,-27(s0)
C:\Users\Gutzakk\Desktop\Work\Workspace Synracore\C_new_project\Debug/../app/main.c:1892 (discriminator 1)
80002f14:	fe544703          	lbu	a4,-27(s0)
80002f18:	4799                	li	a5,6
80002f1a:	fae7fde3          	bgeu	a5,a4,80002ed4 <DMA_Collect_Row+0x19c>
C:\Users\Gutzakk\Desktop\Work\Workspace Synracore\C_new_project\Debug/../app/main.c:1897
				}

				line_buffer[buf_idx++] = 0x00;
80002f1e:	fe844783          	lbu	a5,-24(s0)
80002f22:	00178713          	addi	a4,a5,1
80002f26:	fee40423          	sb	a4,-24(s0)
80002f2a:	17c1                	addi	a5,a5,-16
80002f2c:	97a2                	add	a5,a5,s0
80002f2e:	ee078623          	sb	zero,-276(a5)
C:\Users\Gutzakk\Desktop\Work\Workspace Synracore\C_new_project\Debug/../app/main.c:1900


				parse_idx++;
80002f32:	fe744783          	lbu	a5,-25(s0)
80002f36:	0785                	addi	a5,a5,1
80002f38:	fef403a3          	sb	a5,-25(s0)
C:\Users\Gutzakk\Desktop\Work\Workspace Synracore\C_new_project\Debug/../app/main.c:1881 (discriminator 2)
			for (uint8_t c = 0; c < chars_in_line; c++)
80002f3c:	fe644783          	lbu	a5,-26(s0)
80002f40:	0785                	addi	a5,a5,1
80002f42:	fef40323          	sb	a5,-26(s0)
C:\Users\Gutzakk\Desktop\Work\Workspace Synracore\C_new_project\Debug/../app/main.c:1881 (discriminator 1)
80002f46:	fe644703          	lbu	a4,-26(s0)
80002f4a:	fec44783          	lbu	a5,-20(s0)
80002f4e:	f2f761e3          	bltu	a4,a5,80002e70 <DMA_Collect_Row+0x138>
C:\Users\Gutzakk\Desktop\Work\Workspace Synracore\C_new_project\Debug/../app/main.c:1903
			}

			DMA_Print_Row(line_buffer, chars_in_line * 8);
80002f52:	fec44783          	lbu	a5,-20(s0)
80002f56:	07c2                	slli	a5,a5,0x10
80002f58:	83c1                	srli	a5,a5,0x10
80002f5a:	078e                	slli	a5,a5,0x3
80002f5c:	01079713          	slli	a4,a5,0x10
80002f60:	8341                	srli	a4,a4,0x10
80002f62:	edc40793          	addi	a5,s0,-292
80002f66:	85ba                	mv	a1,a4
80002f68:	853e                	mv	a0,a5
80002f6a:	39dd                	jal	80002c60 <DMA_Print_Row>
C:\Users\Gutzakk\Desktop\Work\Workspace Synracore\C_new_project\Debug/../app/main.c:1874 (discriminator 2)
		for (uint8_t row = 0; row < 28; row++)
80002f6c:	fe944783          	lbu	a5,-23(s0)
80002f70:	0785                	addi	a5,a5,1
80002f72:	fef404a3          	sb	a5,-23(s0)
C:\Users\Gutzakk\Desktop\Work\Workspace Synracore\C_new_project\Debug/../app/main.c:1874 (discriminator 1)
80002f76:	fe944703          	lbu	a4,-23(s0)
80002f7a:	47ed                	li	a5,27
80002f7c:	ece7f4e3          	bgeu	a5,a4,80002e44 <DMA_Collect_Row+0x10c>
C:\Users\Gutzakk\Desktop\Work\Workspace Synracore\C_new_project\Debug/../app/main.c:1906
		}

		i += bytes_to_process;
80002f80:	fed44783          	lbu	a5,-19(s0)
80002f84:	873e                	mv	a4,a5
80002f86:	feb44783          	lbu	a5,-21(s0)
80002f8a:	97ba                	add	a5,a5,a4
80002f8c:	fef406a3          	sb	a5,-19(s0)
C:\Users\Gutzakk\Desktop\Work\Workspace Synracore\C_new_project\Debug/../app/main.c:1907
		current_x += chars_in_line * 8;
80002f90:	fec44783          	lbu	a5,-20(s0)
80002f94:	078e                	slli	a5,a5,0x3
80002f96:	0ff7f793          	zext.b	a5,a5
80002f9a:	fef44703          	lbu	a4,-17(s0)
80002f9e:	97ba                	add	a5,a5,a4
80002fa0:	fef407a3          	sb	a5,-17(s0)
C:\Users\Gutzakk\Desktop\Work\Workspace Synracore\C_new_project\Debug/../app/main.c:1838
	while (str[i] != '\0')
80002fa4:	fed44783          	lbu	a5,-19(s0)
80002fa8:	ec842703          	lw	a4,-312(s0)
80002fac:	97ba                	add	a5,a5,a4
80002fae:	00078783          	lb	a5,0(a5)
80002fb2:	da079de3          	bnez	a5,80002d6c <DMA_Collect_Row+0x34>
C:\Users\Gutzakk\Desktop\Work\Workspace Synracore\C_new_project\Debug/../app/main.c:1909
	}
}
80002fb6:	0001                	nop
80002fb8:	0001                	nop
80002fba:	13c12083          	lw	ra,316(sp)
80002fbe:	13812403          	lw	s0,312(sp)
80002fc2:	6131                	addi	sp,sp,320
80002fc4:	8082                	ret

80002fc6 <Draw_Cursor>:
Draw_Cursor():
C:\Users\Gutzakk\Desktop\Work\Workspace Synracore\C_new_project\Debug/../app/main.c:1914



void Draw_Cursor(uint8_t x, uint8_t y, uint8_t state)
{
80002fc6:	7179                	addi	sp,sp,-48
80002fc8:	d606                	sw	ra,44(sp)
80002fca:	d422                	sw	s0,40(sp)
80002fcc:	1800                	addi	s0,sp,48
80002fce:	87aa                	mv	a5,a0
80002fd0:	86ae                	mv	a3,a1
80002fd2:	8732                	mv	a4,a2
80002fd4:	fcf40fa3          	sb	a5,-33(s0)
80002fd8:	87b6                	mv	a5,a3
80002fda:	fcf40f23          	sb	a5,-34(s0)
80002fde:	87ba                	mv	a5,a4
80002fe0:	fcf40ea3          	sb	a5,-35(s0)
C:\Users\Gutzakk\Desktop\Work\Workspace Synracore\C_new_project\Debug/../app/main.c:1917
	uint8_t cursor_buf[8];

	for (uint8_t i = 0; i < 8; i++) cursor_buf[i] = state ? 0xFF : 0x0;
80002fe4:	fe0407a3          	sb	zero,-17(s0)
80002fe8:	a01d                	j	8000300e <Draw_Cursor+0x48>
C:\Users\Gutzakk\Desktop\Work\Workspace Synracore\C_new_project\Debug/../app/main.c:1917 (discriminator 7)
80002fea:	fdd44783          	lbu	a5,-35(s0)
80002fee:	c781                	beqz	a5,80002ff6 <Draw_Cursor+0x30>
C:\Users\Gutzakk\Desktop\Work\Workspace Synracore\C_new_project\Debug/../app/main.c:1917 (discriminator 2)
80002ff0:	0ff00793          	li	a5,255
80002ff4:	a011                	j	80002ff8 <Draw_Cursor+0x32>
C:\Users\Gutzakk\Desktop\Work\Workspace Synracore\C_new_project\Debug/../app/main.c:1917 (discriminator 3)
80002ff6:	4781                	li	a5,0
C:\Users\Gutzakk\Desktop\Work\Workspace Synracore\C_new_project\Debug/../app/main.c:1917 (discriminator 5)
80002ff8:	fef44703          	lbu	a4,-17(s0)
80002ffc:	1741                	addi	a4,a4,-16
80002ffe:	9722                	add	a4,a4,s0
80003000:	fef70a23          	sb	a5,-12(a4)
80003004:	fef44783          	lbu	a5,-17(s0)
80003008:	0785                	addi	a5,a5,1
8000300a:	fef407a3          	sb	a5,-17(s0)
C:\Users\Gutzakk\Desktop\Work\Workspace Synracore\C_new_project\Debug/../app/main.c:1917 (discriminator 6)
8000300e:	fef44703          	lbu	a4,-17(s0)
80003012:	479d                	li	a5,7
80003014:	fce7fbe3          	bgeu	a5,a4,80002fea <Draw_Cursor+0x24>
C:\Users\Gutzakk\Desktop\Work\Workspace Synracore\C_new_project\Debug/../app/main.c:1919

	for (uint8_t i = 0; i < 2; i++)
80003018:	fe040723          	sb	zero,-18(s0)
8000301c:	a805                	j	8000304c <Draw_Cursor+0x86>
C:\Users\Gutzakk\Desktop\Work\Workspace Synracore\C_new_project\Debug/../app/main.c:1921
	{
		OLED_SetCursor(x, y + i);
8000301e:	fde44783          	lbu	a5,-34(s0)
80003022:	873e                	mv	a4,a5
80003024:	fee44783          	lbu	a5,-18(s0)
80003028:	97ba                	add	a5,a5,a4
8000302a:	0ff7f713          	zext.b	a4,a5
8000302e:	fdf44783          	lbu	a5,-33(s0)
80003032:	85ba                	mv	a1,a4
80003034:	853e                	mv	a0,a5
80003036:	3685                	jal	80002b96 <OLED_SetCursor>
C:\Users\Gutzakk\Desktop\Work\Workspace Synracore\C_new_project\Debug/../app/main.c:1922
		DMA_Print_Row(cursor_buf, sizeof(cursor_buf));
80003038:	fe440793          	addi	a5,s0,-28
8000303c:	45a1                	li	a1,8
8000303e:	853e                	mv	a0,a5
80003040:	3105                	jal	80002c60 <DMA_Print_Row>
C:\Users\Gutzakk\Desktop\Work\Workspace Synracore\C_new_project\Debug/../app/main.c:1919 (discriminator 3)
	for (uint8_t i = 0; i < 2; i++)
80003042:	fee44783          	lbu	a5,-18(s0)
80003046:	0785                	addi	a5,a5,1
80003048:	fef40723          	sb	a5,-18(s0)
C:\Users\Gutzakk\Desktop\Work\Workspace Synracore\C_new_project\Debug/../app/main.c:1919 (discriminator 1)
8000304c:	fee44703          	lbu	a4,-18(s0)
80003050:	4785                	li	a5,1
80003052:	fce7f6e3          	bgeu	a5,a4,8000301e <Draw_Cursor+0x58>
C:\Users\Gutzakk\Desktop\Work\Workspace Synracore\C_new_project\Debug/../app/main.c:1924
	}
}
80003056:	0001                	nop
80003058:	0001                	nop
8000305a:	50b2                	lw	ra,44(sp)
8000305c:	5422                	lw	s0,40(sp)
8000305e:	6145                	addi	sp,sp,48
80003060:	8082                	ret

80003062 <Inversion_Square>:
Inversion_Square():
C:\Users\Gutzakk\Desktop\Work\Workspace Synracore\C_new_project\Debug/../app/main.c:1929



void Inversion_Square(uint8_t state)
{
80003062:	7179                	addi	sp,sp,-48
80003064:	d606                	sw	ra,44(sp)
80003066:	d422                	sw	s0,40(sp)
80003068:	d226                	sw	s1,36(sp)
8000306a:	d04a                	sw	s2,32(sp)
8000306c:	1800                	addi	s0,sp,48
8000306e:	87aa                	mv	a5,a0
80003070:	fcf40fa3          	sb	a5,-33(s0)
C:\Users\Gutzakk\Desktop\Work\Workspace Synracore\C_new_project\Debug/../app/main.c:1930
	if (state)
80003074:	fdf44783          	lbu	a5,-33(s0)
80003078:	cfb5                	beqz	a5,800030f4 <Inversion_Square+0x92>
C:\Users\Gutzakk\Desktop\Work\Workspace Synracore\C_new_project\Debug/../app/main.c:1932
	{
		switch (current_window)
8000307a:	400007b7          	lui	a5,0x40000
8000307e:	0007c783          	lbu	a5,0(a5) # 40000000 <current_window>
80003082:	0ff7f793          	zext.b	a5,a5
80003086:	873e                	mv	a4,a5
80003088:	4785                	li	a5,1
8000308a:	0cf71463          	bne	a4,a5,80003152 <Inversion_Square+0xf0>
C:\Users\Gutzakk\Desktop\Work\Workspace Synracore\C_new_project\Debug/../app/main.c:1935
		{
		case WINDOW_1:
			DMA_Collect_Row(cursor_x, cursor_y - 29, (char[]){window_1[getIndex(cursor_x, cursor_y)], '\0'});
8000308e:	400007b7          	lui	a5,0x40000
80003092:	26a7c783          	lbu	a5,618(a5) # 4000026a <cursor_x>
80003096:	0ff7f493          	zext.b	s1,a5
8000309a:	400007b7          	lui	a5,0x40000
8000309e:	0037c783          	lbu	a5,3(a5) # 40000003 <cursor_y>
800030a2:	0ff7f793          	zext.b	a5,a5
800030a6:	178d                	addi	a5,a5,-29
800030a8:	0ff7f913          	zext.b	s2,a5
800030ac:	400007b7          	lui	a5,0x40000
800030b0:	26a7c783          	lbu	a5,618(a5) # 4000026a <cursor_x>
800030b4:	0ff7f713          	zext.b	a4,a5
800030b8:	400007b7          	lui	a5,0x40000
800030bc:	0037c783          	lbu	a5,3(a5) # 40000003 <cursor_y>
800030c0:	0ff7f793          	zext.b	a5,a5
800030c4:	85be                	mv	a1,a5
800030c6:	853a                	mv	a0,a4
800030c8:	2861                	jal	80003160 <getIndex>
800030ca:	87aa                	mv	a5,a0
C:\Users\Gutzakk\Desktop\Work\Workspace Synracore\C_new_project\Debug/../app/main.c:1935 (discriminator 1)
800030cc:	873e                	mv	a4,a5
800030ce:	400007b7          	lui	a5,0x40000
800030d2:	10c78793          	addi	a5,a5,268 # 4000010c <window_1>
800030d6:	97ba                	add	a5,a5,a4
800030d8:	00078783          	lb	a5,0(a5)
800030dc:	fef40623          	sb	a5,-20(s0)
800030e0:	fe0406a3          	sb	zero,-19(s0)
800030e4:	fec40793          	addi	a5,s0,-20
800030e8:	863e                	mv	a2,a5
800030ea:	85ca                	mv	a1,s2
800030ec:	8526                	mv	a0,s1
800030ee:	31a9                	jal	80002d38 <DMA_Collect_Row>
C:\Users\Gutzakk\Desktop\Work\Workspace Synracore\C_new_project\Debug/../app/main.c:1936
			break;
800030f0:	0001                	nop
C:\Users\Gutzakk\Desktop\Work\Workspace Synracore\C_new_project\Debug/../app/main.c:1949
		{
			OLED_SetCursor(cursor_x, cursor_y - 29 + i);
			DMA_Print_Row(line_buf, 8);
		}
	}
}
800030f2:	a085                	j	80003152 <Inversion_Square+0xf0>
C:\Users\Gutzakk\Desktop\Work\Workspace Synracore\C_new_project\Debug/../app/main.c:1941
		uint8_t line_buf[8] = {0x00};
800030f4:	fe042223          	sw	zero,-28(s0)
800030f8:	fe042423          	sw	zero,-24(s0)
C:\Users\Gutzakk\Desktop\Work\Workspace Synracore\C_new_project\Debug/../app/main.c:1943
		for (uint8_t i = 0; i < 28; i++)
800030fc:	fe0407a3          	sb	zero,-17(s0)
80003100:	a0a1                	j	80003148 <Inversion_Square+0xe6>
C:\Users\Gutzakk\Desktop\Work\Workspace Synracore\C_new_project\Debug/../app/main.c:1945
			OLED_SetCursor(cursor_x, cursor_y - 29 + i);
80003102:	400007b7          	lui	a5,0x40000
80003106:	26a7c783          	lbu	a5,618(a5) # 4000026a <cursor_x>
8000310a:	0ff7f713          	zext.b	a4,a5
8000310e:	400007b7          	lui	a5,0x40000
80003112:	0037c783          	lbu	a5,3(a5) # 40000003 <cursor_y>
80003116:	0ff7f793          	zext.b	a5,a5
8000311a:	fef44683          	lbu	a3,-17(s0)
8000311e:	97b6                	add	a5,a5,a3
80003120:	0ff7f793          	zext.b	a5,a5
80003124:	178d                	addi	a5,a5,-29
80003126:	0ff7f793          	zext.b	a5,a5
8000312a:	85be                	mv	a1,a5
8000312c:	853a                	mv	a0,a4
8000312e:	a69ff0ef          	jal	80002b96 <OLED_SetCursor>
C:\Users\Gutzakk\Desktop\Work\Workspace Synracore\C_new_project\Debug/../app/main.c:1946
			DMA_Print_Row(line_buf, 8);
80003132:	fe440793          	addi	a5,s0,-28
80003136:	45a1                	li	a1,8
80003138:	853e                	mv	a0,a5
8000313a:	b27ff0ef          	jal	80002c60 <DMA_Print_Row>
C:\Users\Gutzakk\Desktop\Work\Workspace Synracore\C_new_project\Debug/../app/main.c:1943 (discriminator 3)
		for (uint8_t i = 0; i < 28; i++)
8000313e:	fef44783          	lbu	a5,-17(s0)
80003142:	0785                	addi	a5,a5,1
80003144:	fef407a3          	sb	a5,-17(s0)
C:\Users\Gutzakk\Desktop\Work\Workspace Synracore\C_new_project\Debug/../app/main.c:1943 (discriminator 1)
80003148:	fef44703          	lbu	a4,-17(s0)
8000314c:	47ed                	li	a5,27
8000314e:	fae7fae3          	bgeu	a5,a4,80003102 <Inversion_Square+0xa0>
C:\Users\Gutzakk\Desktop\Work\Workspace Synracore\C_new_project\Debug/../app/main.c:1949
}
80003152:	0001                	nop
80003154:	50b2                	lw	ra,44(sp)
80003156:	5422                	lw	s0,40(sp)
80003158:	5492                	lw	s1,36(sp)
8000315a:	5902                	lw	s2,32(sp)
8000315c:	6145                	addi	sp,sp,48
8000315e:	8082                	ret

80003160 <getIndex>:
getIndex():
C:\Users\Gutzakk\Desktop\Work\Workspace Synracore\C_new_project\Debug/../app/main.c:1954



uint8_t getIndex(uint8_t x, uint8_t y)
{
80003160:	1101                	addi	sp,sp,-32
80003162:	ce06                	sw	ra,28(sp)
80003164:	cc22                	sw	s0,24(sp)
80003166:	1000                	addi	s0,sp,32
80003168:	87aa                	mv	a5,a0
8000316a:	872e                	mv	a4,a1
8000316c:	fef407a3          	sb	a5,-17(s0)
80003170:	87ba                	mv	a5,a4
80003172:	fef40723          	sb	a5,-18(s0)
C:\Users\Gutzakk\Desktop\Work\Workspace Synracore\C_new_project\Debug/../app/main.c:1955
	return ((y / 32) * 16) + x / 8;
80003176:	fee44783          	lbu	a5,-18(s0)
8000317a:	8395                	srli	a5,a5,0x5
8000317c:	0ff7f793          	zext.b	a5,a5
80003180:	0792                	slli	a5,a5,0x4
80003182:	0ff7f713          	zext.b	a4,a5
80003186:	fef44783          	lbu	a5,-17(s0)
8000318a:	838d                	srli	a5,a5,0x3
8000318c:	0ff7f793          	zext.b	a5,a5
80003190:	97ba                	add	a5,a5,a4
80003192:	0ff7f793          	zext.b	a5,a5
C:\Users\Gutzakk\Desktop\Work\Workspace Synracore\C_new_project\Debug/../app/main.c:1956
}
80003196:	853e                	mv	a0,a5
80003198:	40f2                	lw	ra,28(sp)
8000319a:	4462                	lw	s0,24(sp)
8000319c:	6105                	addi	sp,sp,32
8000319e:	8082                	ret

800031a0 <FLASH_Window_init>:
FLASH_Window_init():
C:\Users\Gutzakk\Desktop\Work\Workspace Synracore\C_new_project\Debug/../app/main.c:1961



void FLASH_Window_init(char* str, uint8_t size, char* str1, uint8_t size1)
{
800031a0:	7179                	addi	sp,sp,-48
800031a2:	d606                	sw	ra,44(sp)
800031a4:	d422                	sw	s0,40(sp)
800031a6:	1800                	addi	s0,sp,48
800031a8:	fca42e23          	sw	a0,-36(s0)
800031ac:	87ae                	mv	a5,a1
800031ae:	fcc42a23          	sw	a2,-44(s0)
800031b2:	8736                	mv	a4,a3
800031b4:	fcf40da3          	sb	a5,-37(s0)
800031b8:	87ba                	mv	a5,a4
800031ba:	fcf40d23          	sb	a5,-38(s0)
C:\Users\Gutzakk\Desktop\Work\Workspace Synracore\C_new_project\Debug/../app/main.c:1965
	uint32_t data_FLASH;


	data_FLASH = *(uint32_t*)(MEM_FLASH_BASE + MEM_FLASH_PAGE_SIZE * (MEM_FLASH_PAGE_TOTAL - 1));
800031be:	800ff7b7          	lui	a5,0x800ff
800031c2:	439c                	lw	a5,0(a5)
800031c4:	fef42423          	sw	a5,-24(s0)
C:\Users\Gutzakk\Desktop\Work\Workspace Synracore\C_new_project\Debug/../app/main.c:1966
	str[0] = data_FLASH & 0xFF;
800031c8:	fe842783          	lw	a5,-24(s0)
800031cc:	01879713          	slli	a4,a5,0x18
800031d0:	8761                	srai	a4,a4,0x18
800031d2:	fdc42783          	lw	a5,-36(s0)
800031d6:	00e78023          	sb	a4,0(a5) # 800ff000 <__data_source_start+0xf7f5c>
C:\Users\Gutzakk\Desktop\Work\Workspace Synracore\C_new_project\Debug/../app/main.c:1967
	str[16] = data_FLASH >> 8 & 0xFF;
800031da:	fe842783          	lw	a5,-24(s0)
800031de:	0087d713          	srli	a4,a5,0x8
800031e2:	fdc42783          	lw	a5,-36(s0)
800031e6:	07c1                	addi	a5,a5,16
800031e8:	0762                	slli	a4,a4,0x18
800031ea:	8761                	srai	a4,a4,0x18
800031ec:	00e78023          	sb	a4,0(a5)
C:\Users\Gutzakk\Desktop\Work\Workspace Synracore\C_new_project\Debug/../app/main.c:1969

	for (uint8_t i = 0; i < size1; i++)
800031f0:	fe0407a3          	sb	zero,-17(s0)
800031f4:	a8a9                	j	8000324e <FLASH_Window_init+0xae>
C:\Users\Gutzakk\Desktop\Work\Workspace Synracore\C_new_project\Debug/../app/main.c:1971
	{
		if (str[0] == str1[i]) current_window1_1 = i;
800031f6:	fdc42783          	lw	a5,-36(s0)
800031fa:	00078703          	lb	a4,0(a5)
800031fe:	fef44783          	lbu	a5,-17(s0)
80003202:	fd442683          	lw	a3,-44(s0)
80003206:	97b6                	add	a5,a5,a3
80003208:	00078783          	lb	a5,0(a5)
8000320c:	00f71863          	bne	a4,a5,8000321c <FLASH_Window_init+0x7c>
C:\Users\Gutzakk\Desktop\Work\Workspace Synracore\C_new_project\Debug/../app/main.c:1971 (discriminator 1)
80003210:	400007b7          	lui	a5,0x40000
80003214:	fef44703          	lbu	a4,-17(s0)
80003218:	00e780a3          	sb	a4,1(a5) # 40000001 <current_window1_1>
C:\Users\Gutzakk\Desktop\Work\Workspace Synracore\C_new_project\Debug/../app/main.c:1973

		if (str[16] == str1[i]) current_window1_2 = i;
8000321c:	fdc42783          	lw	a5,-36(s0)
80003220:	07c1                	addi	a5,a5,16
80003222:	00078703          	lb	a4,0(a5)
80003226:	fef44783          	lbu	a5,-17(s0)
8000322a:	fd442683          	lw	a3,-44(s0)
8000322e:	97b6                	add	a5,a5,a3
80003230:	00078783          	lb	a5,0(a5)
80003234:	00f71863          	bne	a4,a5,80003244 <FLASH_Window_init+0xa4>
C:\Users\Gutzakk\Desktop\Work\Workspace Synracore\C_new_project\Debug/../app/main.c:1973 (discriminator 1)
80003238:	400007b7          	lui	a5,0x40000
8000323c:	fef44703          	lbu	a4,-17(s0)
80003240:	00e78123          	sb	a4,2(a5) # 40000002 <current_window1_2>
C:\Users\Gutzakk\Desktop\Work\Workspace Synracore\C_new_project\Debug/../app/main.c:1969 (discriminator 2)
	for (uint8_t i = 0; i < size1; i++)
80003244:	fef44783          	lbu	a5,-17(s0)
80003248:	0785                	addi	a5,a5,1
8000324a:	fef407a3          	sb	a5,-17(s0)
C:\Users\Gutzakk\Desktop\Work\Workspace Synracore\C_new_project\Debug/../app/main.c:1969 (discriminator 1)
8000324e:	fef44703          	lbu	a4,-17(s0)
80003252:	fda44783          	lbu	a5,-38(s0)
80003256:	faf760e3          	bltu	a4,a5,800031f6 <FLASH_Window_init+0x56>
C:\Users\Gutzakk\Desktop\Work\Workspace Synracore\C_new_project\Debug/../app/main.c:1977
	}


	data_FLASH = *(uint32_t*)(MEM_FLASH_BASE + MEM_FLASH_PAGE_SIZE * (MEM_FLASH_PAGE_TOTAL - 2));
8000325a:	800fe7b7          	lui	a5,0x800fe
8000325e:	439c                	lw	a5,0(a5)
80003260:	fef42423          	sw	a5,-24(s0)
C:\Users\Gutzakk\Desktop\Work\Workspace Synracore\C_new_project\Debug/../app/main.c:1979

	str[7] = (data_FLASH & 0b1111) + '0';
80003264:	fe842783          	lw	a5,-24(s0)
80003268:	0ff7f793          	zext.b	a5,a5
8000326c:	8bbd                	andi	a5,a5,15
8000326e:	0ff7f793          	zext.b	a5,a5
80003272:	03078793          	addi	a5,a5,48 # 800fe030 <__data_source_start+0xf6f8c>
80003276:	0ff7f713          	zext.b	a4,a5
8000327a:	fdc42783          	lw	a5,-36(s0)
8000327e:	079d                	addi	a5,a5,7
80003280:	0762                	slli	a4,a4,0x18
80003282:	8761                	srai	a4,a4,0x18
80003284:	00e78023          	sb	a4,0(a5)
C:\Users\Gutzakk\Desktop\Work\Workspace Synracore\C_new_project\Debug/../app/main.c:1980
	str[8] = (data_FLASH >> 4 & 0b1111) + '0';
80003288:	fe842783          	lw	a5,-24(s0)
8000328c:	8391                	srli	a5,a5,0x4
8000328e:	0ff7f793          	zext.b	a5,a5
80003292:	8bbd                	andi	a5,a5,15
80003294:	0ff7f793          	zext.b	a5,a5
80003298:	03078793          	addi	a5,a5,48
8000329c:	0ff7f713          	zext.b	a4,a5
800032a0:	fdc42783          	lw	a5,-36(s0)
800032a4:	07a1                	addi	a5,a5,8
800032a6:	0762                	slli	a4,a4,0x18
800032a8:	8761                	srai	a4,a4,0x18
800032aa:	00e78023          	sb	a4,0(a5)
C:\Users\Gutzakk\Desktop\Work\Workspace Synracore\C_new_project\Debug/../app/main.c:1981
	str[14] = (data_FLASH >> 8 & 0b1111) + '0';
800032ae:	fe842783          	lw	a5,-24(s0)
800032b2:	83a1                	srli	a5,a5,0x8
800032b4:	0ff7f793          	zext.b	a5,a5
800032b8:	8bbd                	andi	a5,a5,15
800032ba:	0ff7f793          	zext.b	a5,a5
800032be:	03078793          	addi	a5,a5,48
800032c2:	0ff7f713          	zext.b	a4,a5
800032c6:	fdc42783          	lw	a5,-36(s0)
800032ca:	07b9                	addi	a5,a5,14
800032cc:	0762                	slli	a4,a4,0x18
800032ce:	8761                	srai	a4,a4,0x18
800032d0:	00e78023          	sb	a4,0(a5)
C:\Users\Gutzakk\Desktop\Work\Workspace Synracore\C_new_project\Debug/../app/main.c:1982
	str[15] = (data_FLASH >> 12 & 0b1111) + '0';
800032d4:	fe842783          	lw	a5,-24(s0)
800032d8:	83b1                	srli	a5,a5,0xc
800032da:	0ff7f793          	zext.b	a5,a5
800032de:	8bbd                	andi	a5,a5,15
800032e0:	0ff7f793          	zext.b	a5,a5
800032e4:	03078793          	addi	a5,a5,48
800032e8:	0ff7f713          	zext.b	a4,a5
800032ec:	fdc42783          	lw	a5,-36(s0)
800032f0:	07bd                	addi	a5,a5,15
800032f2:	0762                	slli	a4,a4,0x18
800032f4:	8761                	srai	a4,a4,0x18
800032f6:	00e78023          	sb	a4,0(a5)
C:\Users\Gutzakk\Desktop\Work\Workspace Synracore\C_new_project\Debug/../app/main.c:1983
	str[23] = (data_FLASH >> 16 & 0b1111) + '0';
800032fa:	fe842783          	lw	a5,-24(s0)
800032fe:	83c1                	srli	a5,a5,0x10
80003300:	0ff7f793          	zext.b	a5,a5
80003304:	8bbd                	andi	a5,a5,15
80003306:	0ff7f793          	zext.b	a5,a5
8000330a:	03078793          	addi	a5,a5,48
8000330e:	0ff7f713          	zext.b	a4,a5
80003312:	fdc42783          	lw	a5,-36(s0)
80003316:	07dd                	addi	a5,a5,23
80003318:	0762                	slli	a4,a4,0x18
8000331a:	8761                	srai	a4,a4,0x18
8000331c:	00e78023          	sb	a4,0(a5)
C:\Users\Gutzakk\Desktop\Work\Workspace Synracore\C_new_project\Debug/../app/main.c:1984
	str[24] = (data_FLASH >> 20 & 0b1111) + '0';
80003320:	fe842783          	lw	a5,-24(s0)
80003324:	83d1                	srli	a5,a5,0x14
80003326:	0ff7f793          	zext.b	a5,a5
8000332a:	8bbd                	andi	a5,a5,15
8000332c:	0ff7f793          	zext.b	a5,a5
80003330:	03078793          	addi	a5,a5,48
80003334:	0ff7f713          	zext.b	a4,a5
80003338:	fdc42783          	lw	a5,-36(s0)
8000333c:	07e1                	addi	a5,a5,24
8000333e:	0762                	slli	a4,a4,0x18
80003340:	8761                	srai	a4,a4,0x18
80003342:	00e78023          	sb	a4,0(a5)
C:\Users\Gutzakk\Desktop\Work\Workspace Synracore\C_new_project\Debug/../app/main.c:1985
	str[30] = (data_FLASH >> 24 & 0b1111) + '0';
80003346:	fe842783          	lw	a5,-24(s0)
8000334a:	83e1                	srli	a5,a5,0x18
8000334c:	0ff7f793          	zext.b	a5,a5
80003350:	8bbd                	andi	a5,a5,15
80003352:	0ff7f793          	zext.b	a5,a5
80003356:	03078793          	addi	a5,a5,48
8000335a:	0ff7f713          	zext.b	a4,a5
8000335e:	fdc42783          	lw	a5,-36(s0)
80003362:	07f9                	addi	a5,a5,30
80003364:	0762                	slli	a4,a4,0x18
80003366:	8761                	srai	a4,a4,0x18
80003368:	00e78023          	sb	a4,0(a5)
C:\Users\Gutzakk\Desktop\Work\Workspace Synracore\C_new_project\Debug/../app/main.c:1986
	str[31] = (data_FLASH >> 28 & 0b1111) + '0';
8000336c:	fe842783          	lw	a5,-24(s0)
80003370:	83f1                	srli	a5,a5,0x1c
80003372:	0ff7f793          	zext.b	a5,a5
80003376:	03078793          	addi	a5,a5,48
8000337a:	0ff7f713          	zext.b	a4,a5
8000337e:	fdc42783          	lw	a5,-36(s0)
80003382:	07fd                	addi	a5,a5,31
80003384:	0762                	slli	a4,a4,0x18
80003386:	8761                	srai	a4,a4,0x18
80003388:	00e78023          	sb	a4,0(a5)
C:\Users\Gutzakk\Desktop\Work\Workspace Synracore\C_new_project\Debug/../app/main.c:1987
}
8000338c:	0001                	nop
8000338e:	50b2                	lw	ra,44(sp)
80003390:	5422                	lw	s0,40(sp)
80003392:	6145                	addi	sp,sp,48
80003394:	8082                	ret

80003396 <__udivdi3>:
__udivdi3():
80003396:	8832                	mv	a6,a2
80003398:	88aa                	mv	a7,a0
8000339a:	872e                	mv	a4,a1
8000339c:	ead5                	bnez	a3,80003450 <__udivdi3+0xba>
8000339e:	0ec5ff63          	bgeu	a1,a2,8000349c <__udivdi3+0x106>
800033a2:	67c1                	lui	a5,0x10
800033a4:	18f66c63          	bltu	a2,a5,8000353c <__udivdi3+0x1a6>
800033a8:	010007b7          	lui	a5,0x1000
800033ac:	46e1                	li	a3,24
800033ae:	00f67363          	bgeu	a2,a5,800033b4 <__udivdi3+0x1e>
800033b2:	46c1                	li	a3,16
800033b4:	00d65333          	srl	t1,a2,a3
800033b8:	00000797          	auipc	a5,0x0
800033bc:	52478793          	addi	a5,a5,1316 # 800038dc <__clz_tab>
800033c0:	979a                	add	a5,a5,t1
800033c2:	0007c783          	lbu	a5,0(a5)
800033c6:	02000313          	li	t1,32
800033ca:	97b6                	add	a5,a5,a3
800033cc:	40f306b3          	sub	a3,t1,a5
800033d0:	00f30b63          	beq	t1,a5,800033e6 <__udivdi3+0x50>
800033d4:	00d59733          	sll	a4,a1,a3
800033d8:	00f557b3          	srl	a5,a0,a5
800033dc:	8f5d                	or	a4,a4,a5
800033de:	00d61833          	sll	a6,a2,a3
800033e2:	00d518b3          	sll	a7,a0,a3
800033e6:	01085613          	srli	a2,a6,0x10
800033ea:	02c75533          	divu	a0,a4,a2
800033ee:	01081693          	slli	a3,a6,0x10
800033f2:	82c1                	srli	a3,a3,0x10
800033f4:	0108d793          	srli	a5,a7,0x10
800033f8:	02c77733          	remu	a4,a4,a2
800033fc:	02a685b3          	mul	a1,a3,a0
80003400:	0742                	slli	a4,a4,0x10
80003402:	8fd9                	or	a5,a5,a4
80003404:	00b7fa63          	bgeu	a5,a1,80003418 <__udivdi3+0x82>
80003408:	97c2                	add	a5,a5,a6
8000340a:	fff50713          	addi	a4,a0,-1 # 1fff <STACK_SIZE+0x17ff>
8000340e:	0107e463          	bltu	a5,a6,80003416 <__udivdi3+0x80>
80003412:	30b7ee63          	bltu	a5,a1,8000372e <__udivdi3+0x398>
80003416:	853a                	mv	a0,a4
80003418:	8f8d                	sub	a5,a5,a1
8000341a:	02c7d733          	divu	a4,a5,a2
8000341e:	08c2                	slli	a7,a7,0x10
80003420:	0108d893          	srli	a7,a7,0x10
80003424:	02c7f7b3          	remu	a5,a5,a2
80003428:	02e686b3          	mul	a3,a3,a4
8000342c:	07c2                	slli	a5,a5,0x10
8000342e:	00f8e8b3          	or	a7,a7,a5
80003432:	00d8fb63          	bgeu	a7,a3,80003448 <__udivdi3+0xb2>
80003436:	98c2                	add	a7,a7,a6
80003438:	fff70793          	addi	a5,a4,-1
8000343c:	0108e563          	bltu	a7,a6,80003446 <__udivdi3+0xb0>
80003440:	1779                	addi	a4,a4,-2
80003442:	00d8e363          	bltu	a7,a3,80003448 <__udivdi3+0xb2>
80003446:	873e                	mv	a4,a5
80003448:	0542                	slli	a0,a0,0x10
8000344a:	8d59                	or	a0,a0,a4
8000344c:	4581                	li	a1,0
8000344e:	8082                	ret
80003450:	00d5f563          	bgeu	a1,a3,8000345a <__udivdi3+0xc4>
80003454:	4581                	li	a1,0
80003456:	4501                	li	a0,0
80003458:	8082                	ret
8000345a:	67c1                	lui	a5,0x10
8000345c:	18f6e863          	bltu	a3,a5,800035ec <__udivdi3+0x256>
80003460:	01000737          	lui	a4,0x1000
80003464:	47e1                	li	a5,24
80003466:	00e6f363          	bgeu	a3,a4,8000346c <__udivdi3+0xd6>
8000346a:	47c1                	li	a5,16
8000346c:	00f6d833          	srl	a6,a3,a5
80003470:	00000717          	auipc	a4,0x0
80003474:	46c70713          	addi	a4,a4,1132 # 800038dc <__clz_tab>
80003478:	9742                	add	a4,a4,a6
8000347a:	00074703          	lbu	a4,0(a4)
8000347e:	02000813          	li	a6,32
80003482:	973e                	add	a4,a4,a5
80003484:	40e808b3          	sub	a7,a6,a4
80003488:	18e81763          	bne	a6,a4,80003616 <__udivdi3+0x280>
8000348c:	28b6e363          	bltu	a3,a1,80003712 <__udivdi3+0x37c>
80003490:	00c53533          	sltu	a0,a0,a2
80003494:	00153513          	seqz	a0,a0
80003498:	4581                	li	a1,0
8000349a:	8082                	ret
8000349c:	c655                	beqz	a2,80003548 <__udivdi3+0x1b2>
8000349e:	67c1                	lui	a5,0x10
800034a0:	26f67163          	bgeu	a2,a5,80003702 <__udivdi3+0x36c>
800034a4:	10063713          	sltiu	a4,a2,256
800034a8:	00173713          	seqz	a4,a4
800034ac:	070e                	slli	a4,a4,0x3
800034ae:	00e656b3          	srl	a3,a2,a4
800034b2:	00000797          	auipc	a5,0x0
800034b6:	42a78793          	addi	a5,a5,1066 # 800038dc <__clz_tab>
800034ba:	97b6                	add	a5,a5,a3
800034bc:	0007c783          	lbu	a5,0(a5)
800034c0:	02000693          	li	a3,32
800034c4:	97ba                	add	a5,a5,a4
800034c6:	40f68eb3          	sub	t4,a3,a5
800034ca:	08f69f63          	bne	a3,a5,80003568 <__udivdi3+0x1d2>
800034ce:	40c587b3          	sub	a5,a1,a2
800034d2:	01065693          	srli	a3,a2,0x10
800034d6:	0642                	slli	a2,a2,0x10
800034d8:	8241                	srli	a2,a2,0x10
800034da:	4585                	li	a1,1
800034dc:	02d7d533          	divu	a0,a5,a3
800034e0:	0108d713          	srli	a4,a7,0x10
800034e4:	02d7f7b3          	remu	a5,a5,a3
800034e8:	02c50333          	mul	t1,a0,a2
800034ec:	07c2                	slli	a5,a5,0x10
800034ee:	8fd9                	or	a5,a5,a4
800034f0:	0067fa63          	bgeu	a5,t1,80003504 <__udivdi3+0x16e>
800034f4:	97c2                	add	a5,a5,a6
800034f6:	fff50713          	addi	a4,a0,-1
800034fa:	0107e463          	bltu	a5,a6,80003502 <__udivdi3+0x16c>
800034fe:	2267e563          	bltu	a5,t1,80003728 <__udivdi3+0x392>
80003502:	853a                	mv	a0,a4
80003504:	406787b3          	sub	a5,a5,t1
80003508:	02d7d733          	divu	a4,a5,a3
8000350c:	08c2                	slli	a7,a7,0x10
8000350e:	0108d893          	srli	a7,a7,0x10
80003512:	02d7f7b3          	remu	a5,a5,a3
80003516:	02c70633          	mul	a2,a4,a2
8000351a:	07c2                	slli	a5,a5,0x10
8000351c:	00f8e8b3          	or	a7,a7,a5
80003520:	00c8fb63          	bgeu	a7,a2,80003536 <__udivdi3+0x1a0>
80003524:	98c2                	add	a7,a7,a6
80003526:	fff70793          	addi	a5,a4,-1
8000352a:	0108e563          	bltu	a7,a6,80003534 <__udivdi3+0x19e>
8000352e:	1779                	addi	a4,a4,-2
80003530:	00c8e363          	bltu	a7,a2,80003536 <__udivdi3+0x1a0>
80003534:	873e                	mv	a4,a5
80003536:	0542                	slli	a0,a0,0x10
80003538:	8d59                	or	a0,a0,a4
8000353a:	8082                	ret
8000353c:	10063693          	sltiu	a3,a2,256
80003540:	0016b693          	seqz	a3,a3
80003544:	068e                	slli	a3,a3,0x3
80003546:	b5bd                	j	800033b4 <__udivdi3+0x1e>
80003548:	4681                	li	a3,0
8000354a:	00000797          	auipc	a5,0x0
8000354e:	39278793          	addi	a5,a5,914 # 800038dc <__clz_tab>
80003552:	97b6                	add	a5,a5,a3
80003554:	0007c783          	lbu	a5,0(a5)
80003558:	4701                	li	a4,0
8000355a:	02000693          	li	a3,32
8000355e:	97ba                	add	a5,a5,a4
80003560:	40f68eb3          	sub	t4,a3,a5
80003564:	f6f685e3          	beq	a3,a5,800034ce <__udivdi3+0x138>
80003568:	01d61833          	sll	a6,a2,t4
8000356c:	00f5d333          	srl	t1,a1,a5
80003570:	01085693          	srli	a3,a6,0x10
80003574:	02d35e33          	divu	t3,t1,a3
80003578:	01081613          	slli	a2,a6,0x10
8000357c:	01d595b3          	sll	a1,a1,t4
80003580:	8241                	srli	a2,a2,0x10
80003582:	00f557b3          	srl	a5,a0,a5
80003586:	8fcd                	or	a5,a5,a1
80003588:	0107d713          	srli	a4,a5,0x10
8000358c:	01d518b3          	sll	a7,a0,t4
80003590:	02d37333          	remu	t1,t1,a3
80003594:	03c605b3          	mul	a1,a2,t3
80003598:	0342                	slli	t1,t1,0x10
8000359a:	00676733          	or	a4,a4,t1
8000359e:	00b77b63          	bgeu	a4,a1,800035b4 <__udivdi3+0x21e>
800035a2:	9742                	add	a4,a4,a6
800035a4:	fffe0513          	addi	a0,t3,-1
800035a8:	17076c63          	bltu	a4,a6,80003720 <__udivdi3+0x38a>
800035ac:	16b77a63          	bgeu	a4,a1,80003720 <__udivdi3+0x38a>
800035b0:	1e79                	addi	t3,t3,-2
800035b2:	9742                	add	a4,a4,a6
800035b4:	8f0d                	sub	a4,a4,a1
800035b6:	02d75533          	divu	a0,a4,a3
800035ba:	07c2                	slli	a5,a5,0x10
800035bc:	83c1                	srli	a5,a5,0x10
800035be:	02d77733          	remu	a4,a4,a3
800035c2:	02a60333          	mul	t1,a2,a0
800035c6:	0742                	slli	a4,a4,0x10
800035c8:	8fd9                	or	a5,a5,a4
800035ca:	0067fb63          	bgeu	a5,t1,800035e0 <__udivdi3+0x24a>
800035ce:	97c2                	add	a5,a5,a6
800035d0:	fff50713          	addi	a4,a0,-1
800035d4:	1507e263          	bltu	a5,a6,80003718 <__udivdi3+0x382>
800035d8:	1467f063          	bgeu	a5,t1,80003718 <__udivdi3+0x382>
800035dc:	1579                	addi	a0,a0,-2
800035de:	97c2                	add	a5,a5,a6
800035e0:	010e1593          	slli	a1,t3,0x10
800035e4:	8dc9                	or	a1,a1,a0
800035e6:	406787b3          	sub	a5,a5,t1
800035ea:	bdcd                	j	800034dc <__udivdi3+0x146>
800035ec:	1006b793          	sltiu	a5,a3,256
800035f0:	0017b793          	seqz	a5,a5
800035f4:	078e                	slli	a5,a5,0x3
800035f6:	00f6d833          	srl	a6,a3,a5
800035fa:	00000717          	auipc	a4,0x0
800035fe:	2e270713          	addi	a4,a4,738 # 800038dc <__clz_tab>
80003602:	9742                	add	a4,a4,a6
80003604:	00074703          	lbu	a4,0(a4)
80003608:	02000813          	li	a6,32
8000360c:	973e                	add	a4,a4,a5
8000360e:	40e808b3          	sub	a7,a6,a4
80003612:	e6e80de3          	beq	a6,a4,8000348c <__udivdi3+0xf6>
80003616:	00e65e33          	srl	t3,a2,a4
8000361a:	011696b3          	sll	a3,a3,a7
8000361e:	00de6e33          	or	t3,t3,a3
80003622:	00e5d833          	srl	a6,a1,a4
80003626:	010e5e93          	srli	t4,t3,0x10
8000362a:	03d857b3          	divu	a5,a6,t4
8000362e:	010e1313          	slli	t1,t3,0x10
80003632:	011595b3          	sll	a1,a1,a7
80003636:	01035313          	srli	t1,t1,0x10
8000363a:	00e55733          	srl	a4,a0,a4
8000363e:	8f4d                	or	a4,a4,a1
80003640:	01075693          	srli	a3,a4,0x10
80003644:	01161633          	sll	a2,a2,a7
80003648:	03d87833          	remu	a6,a6,t4
8000364c:	02f305b3          	mul	a1,t1,a5
80003650:	0842                	slli	a6,a6,0x10
80003652:	0106e6b3          	or	a3,a3,a6
80003656:	00b6fb63          	bgeu	a3,a1,8000366c <__udivdi3+0x2d6>
8000365a:	96f2                	add	a3,a3,t3
8000365c:	fff78813          	addi	a6,a5,-1
80003660:	0dc6e263          	bltu	a3,t3,80003724 <__udivdi3+0x38e>
80003664:	0cb6f063          	bgeu	a3,a1,80003724 <__udivdi3+0x38e>
80003668:	17f9                	addi	a5,a5,-2
8000366a:	96f2                	add	a3,a3,t3
8000366c:	8e8d                	sub	a3,a3,a1
8000366e:	03d6d833          	divu	a6,a3,t4
80003672:	0742                	slli	a4,a4,0x10
80003674:	8341                	srli	a4,a4,0x10
80003676:	03d6f6b3          	remu	a3,a3,t4
8000367a:	030305b3          	mul	a1,t1,a6
8000367e:	06c2                	slli	a3,a3,0x10
80003680:	8f55                	or	a4,a4,a3
80003682:	00b77b63          	bgeu	a4,a1,80003698 <__udivdi3+0x302>
80003686:	9772                	add	a4,a4,t3
80003688:	fff80693          	addi	a3,a6,-1
8000368c:	09c76863          	bltu	a4,t3,8000371c <__udivdi3+0x386>
80003690:	08b77663          	bgeu	a4,a1,8000371c <__udivdi3+0x386>
80003694:	1879                	addi	a6,a6,-2
80003696:	9772                	add	a4,a4,t3
80003698:	07c2                	slli	a5,a5,0x10
8000369a:	01081693          	slli	a3,a6,0x10
8000369e:	01061313          	slli	t1,a2,0x10
800036a2:	0107e7b3          	or	a5,a5,a6
800036a6:	82c1                	srli	a3,a3,0x10
800036a8:	01035313          	srli	t1,t1,0x10
800036ac:	0107d813          	srli	a6,a5,0x10
800036b0:	8241                	srli	a2,a2,0x10
800036b2:	02680e33          	mul	t3,a6,t1
800036b6:	8f0d                	sub	a4,a4,a1
800036b8:	02668333          	mul	t1,a3,t1
800036bc:	02c686b3          	mul	a3,a3,a2
800036c0:	01035593          	srli	a1,t1,0x10
800036c4:	96f2                	add	a3,a3,t3
800036c6:	96ae                	add	a3,a3,a1
800036c8:	02c80833          	mul	a6,a6,a2
800036cc:	01c6f463          	bgeu	a3,t3,800036d4 <__udivdi3+0x33e>
800036d0:	6641                	lui	a2,0x10
800036d2:	9832                	add	a6,a6,a2
800036d4:	0106d613          	srli	a2,a3,0x10
800036d8:	9642                	add	a2,a2,a6
800036da:	02c76063          	bltu	a4,a2,800036fa <__udivdi3+0x364>
800036de:	00c70563          	beq	a4,a2,800036e8 <__udivdi3+0x352>
800036e2:	853e                	mv	a0,a5
800036e4:	4581                	li	a1,0
800036e6:	8082                	ret
800036e8:	0342                	slli	t1,t1,0x10
800036ea:	01035313          	srli	t1,t1,0x10
800036ee:	06c2                	slli	a3,a3,0x10
800036f0:	01151533          	sll	a0,a0,a7
800036f4:	969a                	add	a3,a3,t1
800036f6:	fed576e3          	bgeu	a0,a3,800036e2 <__udivdi3+0x34c>
800036fa:	fff78513          	addi	a0,a5,-1
800036fe:	4581                	li	a1,0
80003700:	8082                	ret
80003702:	010007b7          	lui	a5,0x1000
80003706:	02f67763          	bgeu	a2,a5,80003734 <__udivdi3+0x39e>
8000370a:	01065693          	srli	a3,a2,0x10
8000370e:	4741                	li	a4,16
80003710:	b34d                	j	800034b2 <__udivdi3+0x11c>
80003712:	4581                	li	a1,0
80003714:	4505                	li	a0,1
80003716:	8082                	ret
80003718:	853a                	mv	a0,a4
8000371a:	b5d9                	j	800035e0 <__udivdi3+0x24a>
8000371c:	8836                	mv	a6,a3
8000371e:	bfad                	j	80003698 <__udivdi3+0x302>
80003720:	8e2a                	mv	t3,a0
80003722:	bd49                	j	800035b4 <__udivdi3+0x21e>
80003724:	87c2                	mv	a5,a6
80003726:	b799                	j	8000366c <__udivdi3+0x2d6>
80003728:	1579                	addi	a0,a0,-2
8000372a:	97c2                	add	a5,a5,a6
8000372c:	bbe1                	j	80003504 <__udivdi3+0x16e>
8000372e:	1579                	addi	a0,a0,-2
80003730:	97c2                	add	a5,a5,a6
80003732:	b1dd                	j	80003418 <__udivdi3+0x82>
80003734:	01865693          	srli	a3,a2,0x18
80003738:	4761                	li	a4,24
8000373a:	bba5                	j	800034b2 <__udivdi3+0x11c>

8000373c <memset>:
memset():
8000373c:	433d                	li	t1,15
8000373e:	872a                	mv	a4,a0
80003740:	02c37363          	bgeu	t1,a2,80003766 <memset+0x2a>
80003744:	00f77793          	andi	a5,a4,15
80003748:	efbd                	bnez	a5,800037c6 <memset+0x8a>
8000374a:	e5ad                	bnez	a1,800037b4 <memset+0x78>
8000374c:	ff067693          	andi	a3,a2,-16
80003750:	8a3d                	andi	a2,a2,15
80003752:	96ba                	add	a3,a3,a4
80003754:	c30c                	sw	a1,0(a4)
80003756:	c34c                	sw	a1,4(a4)
80003758:	c70c                	sw	a1,8(a4)
8000375a:	c74c                	sw	a1,12(a4)
8000375c:	0741                	addi	a4,a4,16
8000375e:	fed76be3          	bltu	a4,a3,80003754 <memset+0x18>
80003762:	e211                	bnez	a2,80003766 <memset+0x2a>
80003764:	8082                	ret
80003766:	40c306b3          	sub	a3,t1,a2
8000376a:	068a                	slli	a3,a3,0x2
8000376c:	00000297          	auipc	t0,0x0
80003770:	9696                	add	a3,a3,t0
80003772:	00a68067          	jr	10(a3) # c00000a <STACK_SIZE+0xbfff80a>
80003776:	00b70723          	sb	a1,14(a4)
8000377a:	00b706a3          	sb	a1,13(a4)
8000377e:	00b70623          	sb	a1,12(a4)
80003782:	00b705a3          	sb	a1,11(a4)
80003786:	00b70523          	sb	a1,10(a4)
8000378a:	00b704a3          	sb	a1,9(a4)
8000378e:	00b70423          	sb	a1,8(a4)
80003792:	00b703a3          	sb	a1,7(a4)
80003796:	00b70323          	sb	a1,6(a4)
8000379a:	00b702a3          	sb	a1,5(a4)
8000379e:	00b70223          	sb	a1,4(a4)
800037a2:	00b701a3          	sb	a1,3(a4)
800037a6:	00b70123          	sb	a1,2(a4)
800037aa:	00b700a3          	sb	a1,1(a4)
800037ae:	00b70023          	sb	a1,0(a4)
800037b2:	8082                	ret
800037b4:	0ff5f593          	zext.b	a1,a1
800037b8:	00859693          	slli	a3,a1,0x8
800037bc:	8dd5                	or	a1,a1,a3
800037be:	01059693          	slli	a3,a1,0x10
800037c2:	8dd5                	or	a1,a1,a3
800037c4:	b761                	j	8000374c <memset+0x10>
800037c6:	00279693          	slli	a3,a5,0x2
800037ca:	00000297          	auipc	t0,0x0
800037ce:	9696                	add	a3,a3,t0
800037d0:	8286                	mv	t0,ra
800037d2:	fa8680e7          	jalr	-88(a3)
800037d6:	8096                	mv	ra,t0
800037d8:	17c1                	addi	a5,a5,-16 # fffff0 <STACK_SIZE+0xfff7f0>
800037da:	8f1d                	sub	a4,a4,a5
800037dc:	963e                	add	a2,a2,a5
800037de:	f8c374e3          	bgeu	t1,a2,80003766 <memset+0x2a>
800037e2:	b7a5                	j	8000374a <memset+0xe>

800037e4 <memcpy>:
memcpy():
800037e4:	00a5c7b3          	xor	a5,a1,a0
800037e8:	8b8d                	andi	a5,a5,3
800037ea:	00c508b3          	add	a7,a0,a2
800037ee:	e7b1                	bnez	a5,8000383a <memcpy+0x56>
800037f0:	478d                	li	a5,3
800037f2:	04c7f463          	bgeu	a5,a2,8000383a <memcpy+0x56>
800037f6:	00357793          	andi	a5,a0,3
800037fa:	872a                	mv	a4,a0
800037fc:	e7dd                	bnez	a5,800038aa <memcpy+0xc6>
800037fe:	ffc8f613          	andi	a2,a7,-4
80003802:	40e606b3          	sub	a3,a2,a4
80003806:	02000793          	li	a5,32
8000380a:	04d7c463          	blt	a5,a3,80003852 <memcpy+0x6e>
8000380e:	86ae                	mv	a3,a1
80003810:	87ba                	mv	a5,a4
80003812:	02c77163          	bgeu	a4,a2,80003834 <memcpy+0x50>
80003816:	0006a803          	lw	a6,0(a3)
8000381a:	0791                	addi	a5,a5,4
8000381c:	0691                	addi	a3,a3,4
8000381e:	ff07ae23          	sw	a6,-4(a5)
80003822:	fec7eae3          	bltu	a5,a2,80003816 <memcpy+0x32>
80003826:	167d                	addi	a2,a2,-1 # ffff <STACK_SIZE+0xf7ff>
80003828:	8e19                	sub	a2,a2,a4
8000382a:	9a71                	andi	a2,a2,-4
8000382c:	0591                	addi	a1,a1,4
8000382e:	0711                	addi	a4,a4,4
80003830:	95b2                	add	a1,a1,a2
80003832:	9732                	add	a4,a4,a2
80003834:	01176663          	bltu	a4,a7,80003840 <memcpy+0x5c>
80003838:	8082                	ret
8000383a:	872a                	mv	a4,a0
8000383c:	ff157ee3          	bgeu	a0,a7,80003838 <memcpy+0x54>
80003840:	0005c783          	lbu	a5,0(a1)
80003844:	0705                	addi	a4,a4,1
80003846:	0585                	addi	a1,a1,1
80003848:	fef70fa3          	sb	a5,-1(a4)
8000384c:	fee89ae3          	bne	a7,a4,80003840 <memcpy+0x5c>
80003850:	8082                	ret
80003852:	5194                	lw	a3,32(a1)
80003854:	0005a383          	lw	t2,0(a1)
80003858:	0045a283          	lw	t0,4(a1)
8000385c:	0085af83          	lw	t6,8(a1)
80003860:	00c5af03          	lw	t5,12(a1)
80003864:	0105ae83          	lw	t4,16(a1)
80003868:	0145ae03          	lw	t3,20(a1)
8000386c:	0185a303          	lw	t1,24(a1)
80003870:	01c5a803          	lw	a6,28(a1)
80003874:	02470713          	addi	a4,a4,36
80003878:	fed72e23          	sw	a3,-4(a4)
8000387c:	fc772e23          	sw	t2,-36(a4)
80003880:	40e606b3          	sub	a3,a2,a4
80003884:	fe572023          	sw	t0,-32(a4)
80003888:	fff72223          	sw	t6,-28(a4)
8000388c:	ffe72423          	sw	t5,-24(a4)
80003890:	ffd72623          	sw	t4,-20(a4)
80003894:	ffc72823          	sw	t3,-16(a4)
80003898:	fe672a23          	sw	t1,-12(a4)
8000389c:	ff072c23          	sw	a6,-8(a4)
800038a0:	02458593          	addi	a1,a1,36
800038a4:	fad7c7e3          	blt	a5,a3,80003852 <memcpy+0x6e>
800038a8:	b79d                	j	8000380e <memcpy+0x2a>
800038aa:	0005c683          	lbu	a3,0(a1)
800038ae:	0705                	addi	a4,a4,1
800038b0:	00377793          	andi	a5,a4,3
800038b4:	fed70fa3          	sb	a3,-1(a4)
800038b8:	0585                	addi	a1,a1,1
800038ba:	d3b1                	beqz	a5,800037fe <memcpy+0x1a>
800038bc:	0005c683          	lbu	a3,0(a1)
800038c0:	0705                	addi	a4,a4,1
800038c2:	00377793          	andi	a5,a4,3
800038c6:	fed70fa3          	sb	a3,-1(a4)
800038ca:	0585                	addi	a1,a1,1
800038cc:	fff9                	bnez	a5,800038aa <memcpy+0xc6>
800038ce:	bf05                	j	800037fe <memcpy+0x1a>
